cell,src,width,rho_L,beta_dBdB,n_frames,n_dropped,esr_db,ref_len,test_len,truncated,status,pairs_file,ref,test
rodent_max,nam,8,0.6277,0.1367,8794,0,3.24,9007200,9007200,0,OK,pairs_anchor85.csv,<ELLE_HB>/peaq/anchor_nam_ref32.f32,<ELLE_HB>/out/elle_w8_nam_out.f32
rodent_max,nam,9,0.3044,0.0816,8794,0,0.55,9007200,9007200,0,OK,pairs_anchor85.csv,<ELLE_HB>/peaq/anchor_nam_ref32.f32,<ELLE_HB>/out/elle_w9_nam_out.f32
rodent_max,nam,10,-0.1002,-0.0406,8794,0,1.30,9007200,9007200,0,OK,pairs_anchor85.csv,<ELLE_HB>/peaq/anchor_nam_ref32.f32,<ELLE_HB>/out/elle_w10_nam_out.f32
rodent_max,nam,11,0.0961,0.0519,8794,0,-1.96,9007200,9007200,0,OK,pairs_anchor85.csv,<ELLE_HB>/peaq/anchor_nam_ref32.f32,<ELLE_HB>/out/elle_w11_nam_out.f32
rodent_max,nam,12,0.5454,0.3634,8794,0,-0.99,9007200,9007200,0,OK,pairs_anchor85.csv,<ELLE_HB>/peaq/anchor_nam_ref32.f32,<ELLE_HB>/out/elle_w12_nam_out.f32
rodent_max,nam,13,0.5134,0.4389,8794,0,-3.06,9007200,9007200,0,OK,pairs_anchor85.csv,<ELLE_HB>/peaq/anchor_nam_ref32.f32,<ELLE_HB>/out/elle_w13_nam_out.f32
rodent_max,nam,14,0.1376,0.1108,8794,0,-10.30,9007200,9007200,0,OK,pairs_anchor85.csv,<ELLE_HB>/peaq/anchor_nam_ref32.f32,<ELLE_HB>/out/elle_w14_nam_out.f32
rodent_max,nam,15,0.0604,0.0525,8794,0,-14.94,9007200,9007200,0,OK,pairs_anchor85.csv,<ELLE_HB>/peaq/anchor_nam_ref32.f32,<ELLE_HB>/out/elle_w15_nam_out.f32
rodent_max,nam,16,-0.1031,-0.0937,8794,0,-22.58,9007200,9007200,0,OK,pairs_anchor85.csv,<ELLE_HB>/peaq/anchor_nam_ref32.f32,<ELLE_HB>/out/elle_w16_nam_out.f32
rodent_max,nam,17,-0.1919,-0.1866,8794,0,-30.33,9007200,9007200,0,OK,pairs_anchor85.csv,<ELLE_HB>/peaq/anchor_nam_ref32.f32,<ELLE_HB>/out/elle_w17_nam_out.f32
rodent_max,nam,18,-0.3324,-0.2721,8794,0,-38.22,9007200,9007200,0,OK,pairs_anchor85.csv,<ELLE_HB>/peaq/anchor_nam_ref32.f32,<ELLE_HB>/out/elle_w18_nam_out.f32
rodent_max,nam,19,-0.3482,-0.2870,8794,0,-46.15,9007200,9007200,0,OK,pairs_anchor85.csv,<ELLE_HB>/peaq/anchor_nam_ref32.f32,<ELLE_HB>/out/elle_w19_nam_out.f32
rodent_max,nam,20,-0.3953,-0.3429,8794,0,-53.07,9007200,9007200,0,OK,pairs_anchor85.csv,<ELLE_HB>/peaq/anchor_nam_ref32.f32,<ELLE_HB>/out/elle_w20_nam_out.f32
rodent_max,nam,21,-0.4585,-0.3803,8794,0,-58.30,9007200,9007200,0,OK,pairs_anchor85.csv,<ELLE_HB>/peaq/anchor_nam_ref32.f32,<ELLE_HB>/out/elle_w21_nam_out.f32
rodent_max,nam,22,-0.5012,-0.3383,8794,0,-67.78,9007200,9007200,0,OK,pairs_anchor85.csv,<ELLE_HB>/peaq/anchor_nam_ref32.f32,<ELLE_HB>/out/elle_w22_nam_out.f32
rodent_max,nam,23,-0.4209,-0.3059,8794,0,-67.52,9007200,9007200,0,OK,pairs_anchor85.csv,<ELLE_HB>/peaq/anchor_nam_ref32.f32,<ELLE_HB>/out/elle_w23_nam_out.f32
rodent_max,nam,24,-0.4371,-0.3370,8794,0,-68.19,9007200,9007200,0,OK,pairs_anchor85.csv,<ELLE_HB>/peaq/anchor_nam_ref32.f32,<ELLE_HB>/out/elle_w24_nam_out.f32
rodent_max,gtr2,8,0.5026,0.2673,20606,0,2.83,21103200,21103200,0,OK,pairs_anchor85.csv,<ELLE_HB>/peaq/anchor_gtr2_ref32.f32,<ELLE_HB>/out/elle_w8_gtr2_out.f32
rodent_max,gtr2,9,0.1108,0.0603,20606,0,0.79,21103200,21103200,0,OK,pairs_anchor85.csv,<ELLE_HB>/peaq/anchor_gtr2_ref32.f32,<ELLE_HB>/out/elle_w9_gtr2_out.f32
rodent_max,gtr2,10,-0.1597,-0.1110,20606,0,1.54,21103200,21103200,0,OK,pairs_anchor85.csv,<ELLE_HB>/peaq/anchor_gtr2_ref32.f32,<ELLE_HB>/out/elle_w10_gtr2_out.f32
rodent_max,gtr2,11,0.3356,0.2503,20606,0,-0.82,21103200,21103200,0,OK,pairs_anchor85.csv,<ELLE_HB>/peaq/anchor_gtr2_ref32.f32,<ELLE_HB>/out/elle_w11_gtr2_out.f32
rodent_max,gtr2,12,0.7273,0.5554,20606,0,-1.29,21103200,21103200,0,OK,pairs_anchor85.csv,<ELLE_HB>/peaq/anchor_gtr2_ref32.f32,<ELLE_HB>/out/elle_w12_gtr2_out.f32
rodent_max,gtr2,13,0.5341,0.4661,20606,0,-3.34,21103200,21103200,0,OK,pairs_anchor85.csv,<ELLE_HB>/peaq/anchor_gtr2_ref32.f32,<ELLE_HB>/out/elle_w13_gtr2_out.f32
rodent_max,gtr2,14,0.0622,0.0580,20606,0,-10.63,21103200,21103200,0,OK,pairs_anchor85.csv,<ELLE_HB>/peaq/anchor_gtr2_ref32.f32,<ELLE_HB>/out/elle_w14_gtr2_out.f32
rodent_max,gtr2,15,0.0087,0.0085,20606,0,-15.94,21103200,21103200,0,OK,pairs_anchor85.csv,<ELLE_HB>/peaq/anchor_gtr2_ref32.f32,<ELLE_HB>/out/elle_w15_gtr2_out.f32
rodent_max,gtr2,16,-0.2827,-0.3056,20606,0,-22.90,21103200,21103200,0,OK,pairs_anchor85.csv,<ELLE_HB>/peaq/anchor_gtr2_ref32.f32,<ELLE_HB>/out/elle_w16_gtr2_out.f32
rodent_max,gtr2,17,-0.4437,-0.5407,20606,0,-29.90,21103200,21103200,0,OK,pairs_anchor85.csv,<ELLE_HB>/peaq/anchor_gtr2_ref32.f32,<ELLE_HB>/out/elle_w17_gtr2_out.f32
rodent_max,gtr2,18,-0.6182,-0.7287,20606,0,-37.17,21103200,21103200,0,OK,pairs_anchor85.csv,<ELLE_HB>/peaq/anchor_gtr2_ref32.f32,<ELLE_HB>/out/elle_w18_gtr2_out.f32
rodent_max,gtr2,19,-0.6682,-0.8218,20606,0,-44.72,21103200,21103200,0,OK,pairs_anchor85.csv,<ELLE_HB>/peaq/anchor_gtr2_ref32.f32,<ELLE_HB>/out/elle_w19_gtr2_out.f32
rodent_max,gtr2,20,-0.6942,-0.8381,20606,0,-52.14,21103200,21103200,0,OK,pairs_anchor85.csv,<ELLE_HB>/peaq/anchor_gtr2_ref32.f32,<ELLE_HB>/out/elle_w20_gtr2_out.f32
rodent_max,gtr2,21,-0.6891,-0.8026,20606,0,-57.82,21103200,21103200,0,OK,pairs_anchor85.csv,<ELLE_HB>/peaq/anchor_gtr2_ref32.f32,<ELLE_HB>/out/elle_w21_gtr2_out.f32
rodent_max,gtr2,22,-0.6558,-0.6170,20606,0,-67.78,21103200,21103200,0,OK,pairs_anchor85.csv,<ELLE_HB>/peaq/anchor_gtr2_ref32.f32,<ELLE_HB>/out/elle_w22_gtr2_out.f32
rodent_max,gtr2,23,-0.5783,-0.5408,20606,0,-68.12,21103200,21103200,0,OK,pairs_anchor85.csv,<ELLE_HB>/peaq/anchor_gtr2_ref32.f32,<ELLE_HB>/out/elle_w23_gtr2_out.f32
rodent_max,gtr2,24,-0.5851,-0.5972,20606,0,-68.73,21103200,21103200,0,OK,pairs_anchor85.csv,<ELLE_HB>/peaq/anchor_gtr2_ref32.f32,<ELLE_HB>/out/elle_w24_gtr2_out.f32
rodent_max,gtr4sg,8,0.0259,0.0075,17090,0,4.94,17503200,17503200,0,OK,pairs_anchor85.csv,<ELLE_HB>/peaq/anchor_gtr4sg_ref32.f32,<ELLE_HB>/out/elle_w8_gtr4sg_out.f32
rodent_max,gtr4sg,9,-0.0706,-0.0233,17090,0,1.06,17503200,17503200,0,OK,pairs_anchor85.csv,<ELLE_HB>/peaq/anchor_gtr4sg_ref32.f32,<ELLE_HB>/out/elle_w9_gtr4sg_out.f32
rodent_max,gtr4sg,10,-0.1825,-0.0717,17090,0,1.08,17503200,17503200,0,OK,pairs_anchor85.csv,<ELLE_HB>/peaq/anchor_gtr4sg_ref32.f32,<ELLE_HB>/out/elle_w10_gtr4sg_out.f32
rodent_max,gtr4sg,11,-0.0329,-0.0182,17090,0,-0.67,17503200,17503200,0,OK,pairs_anchor85.csv,<ELLE_HB>/peaq/anchor_gtr4sg_ref32.f32,<ELLE_HB>/out/elle_w11_gtr4sg_out.f32
rodent_max,gtr4sg,12,0.5154,0.2833,17090,0,-1.48,17503200,17503200,0,OK,pairs_anchor85.csv,<ELLE_HB>/peaq/anchor_gtr4sg_ref32.f32,<ELLE_HB>/out/elle_w12_gtr4sg_out.f32
rodent_max,gtr4sg,13,0.4646,0.3685,17090,0,-2.80,17503200,17503200,0,OK,pairs_anchor85.csv,<ELLE_HB>/peaq/anchor_gtr4sg_ref32.f32,<ELLE_HB>/out/elle_w13_gtr4sg_out.f32
rodent_max,gtr4sg,14,0.1169,0.0842,17090,0,-13.38,17503200,17503200,0,OK,pairs_anchor85.csv,<ELLE_HB>/peaq/anchor_gtr4sg_ref32.f32,<ELLE_HB>/out/elle_w14_gtr4sg_out.f32
rodent_max,gtr4sg,15,0.1169,0.0939,17090,0,-17.68,17503200,17503200,0,OK,pairs_anchor85.csv,<ELLE_HB>/peaq/anchor_gtr4sg_ref32.f32,<ELLE_HB>/out/elle_w15_gtr4sg_out.f32
rodent_max,gtr4sg,16,-0.0967,-0.0807,17090,0,-26.37,17503200,17503200,0,OK,pairs_anchor85.csv,<ELLE_HB>/peaq/anchor_gtr4sg_ref32.f32,<ELLE_HB>/out/elle_w16_gtr4sg_out.f32
rodent_max,gtr4sg,17,-0.2130,-0.1917,17090,0,-33.62,17503200,17503200,0,OK,pairs_anchor85.csv,<ELLE_HB>/peaq/anchor_gtr4sg_ref32.f32,<ELLE_HB>/out/elle_w17_gtr4sg_out.f32
rodent_max,gtr4sg,18,-0.4702,-0.3618,17090,0,-40.95,17503200,17503200,0,OK,pairs_anchor85.csv,<ELLE_HB>/peaq/anchor_gtr4sg_ref32.f32,<ELLE_HB>/out/elle_w18_gtr4sg_out.f32
rodent_max,gtr4sg,19,-0.5224,-0.4326,17090,0,-47.62,17503200,17503200,0,OK,pairs_anchor85.csv,<ELLE_HB>/peaq/anchor_gtr4sg_ref32.f32,<ELLE_HB>/out/elle_w19_gtr4sg_out.f32
rodent_max,gtr4sg,20,-0.5761,-0.4796,17090,0,-53.77,17503200,17503200,0,OK,pairs_anchor85.csv,<ELLE_HB>/peaq/anchor_gtr4sg_ref32.f32,<ELLE_HB>/out/elle_w20_gtr4sg_out.f32
rodent_max,gtr4sg,21,-0.5937,-0.4864,17090,0,-58.94,17503200,17503200,0,OK,pairs_anchor85.csv,<ELLE_HB>/peaq/anchor_gtr4sg_ref32.f32,<ELLE_HB>/out/elle_w21_gtr4sg_out.f32
rodent_max,gtr4sg,22,-0.5860,-0.3996,17090,0,-69.22,17503200,17503200,0,OK,pairs_anchor85.csv,<ELLE_HB>/peaq/anchor_gtr4sg_ref32.f32,<ELLE_HB>/out/elle_w22_gtr4sg_out.f32
rodent_max,gtr4sg,23,-0.5158,-0.3671,17090,0,-69.50,17503200,17503200,0,OK,pairs_anchor85.csv,<ELLE_HB>/peaq/anchor_gtr4sg_ref32.f32,<ELLE_HB>/out/elle_w23_gtr4sg_out.f32
rodent_max,gtr4sg,24,-0.5269,-0.4007,17090,0,-70.03,17503200,17503200,0,OK,pairs_anchor85.csv,<ELLE_HB>/peaq/anchor_gtr4sg_ref32.f32,<ELLE_HB>/out/elle_w24_gtr4sg_out.f32
rodent_max,prvtgtr,8,0.0889,0.0170,14794,0,3.83,15151200,15151200,0,OK,pairs_anchor85.csv,<ELLE_HB>/peaq/anchor_prvtgtr_ref32.f32,<ELLE_HB>/out/elle_w8_prvtgtr_out.f32
rodent_max,prvtgtr,9,-0.0953,-0.0249,14794,0,0.19,15151200,15151200,0,OK,pairs_anchor85.csv,<ELLE_HB>/peaq/anchor_prvtgtr_ref32.f32,<ELLE_HB>/out/elle_w9_prvtgtr_out.f32
rodent_max,prvtgtr,10,-0.1314,-0.0415,14794,0,0.42,15151200,15151200,0,OK,pairs_anchor85.csv,<ELLE_HB>/peaq/anchor_prvtgtr_ref32.f32,<ELLE_HB>/out/elle_w10_prvtgtr_out.f32
rodent_max,prvtgtr,11,0.2917,0.1383,14794,0,-1.28,15151200,15151200,0,OK,pairs_anchor85.csv,<ELLE_HB>/peaq/anchor_prvtgtr_ref32.f32,<ELLE_HB>/out/elle_w11_prvtgtr_out.f32
rodent_max,prvtgtr,12,0.4586,0.2278,14794,0,-1.82,15151200,15151200,0,OK,pairs_anchor85.csv,<ELLE_HB>/peaq/anchor_prvtgtr_ref32.f32,<ELLE_HB>/out/elle_w12_prvtgtr_out.f32
rodent_max,prvtgtr,13,0.4826,0.3113,14794,0,-3.77,15151200,15151200,0,OK,pairs_anchor85.csv,<ELLE_HB>/peaq/anchor_prvtgtr_ref32.f32,<ELLE_HB>/out/elle_w13_prvtgtr_out.f32
rodent_max,prvtgtr,14,0.3220,0.1963,14794,0,-12.72,15151200,15151200,0,OK,pairs_anchor85.csv,<ELLE_HB>/peaq/anchor_prvtgtr_ref32.f32,<ELLE_HB>/out/elle_w14_prvtgtr_out.f32
rodent_max,prvtgtr,15,0.0586,0.0349,14794,0,-17.77,15151200,15151200,0,OK,pairs_anchor85.csv,<ELLE_HB>/peaq/anchor_prvtgtr_ref32.f32,<ELLE_HB>/out/elle_w15_prvtgtr_out.f32
rodent_max,prvtgtr,16,-0.0912,-0.0539,14794,0,-26.74,15151200,15151200,0,OK,pairs_anchor85.csv,<ELLE_HB>/peaq/anchor_prvtgtr_ref32.f32,<ELLE_HB>/out/elle_w16_prvtgtr_out.f32
rodent_max,prvtgtr,17,-0.1687,-0.1107,14794,0,-34.04,15151200,15151200,0,OK,pairs_anchor85.csv,<ELLE_HB>/peaq/anchor_prvtgtr_ref32.f32,<ELLE_HB>/out/elle_w17_prvtgtr_out.f32
rodent_max,prvtgtr,18,-0.3768,-0.1953,14794,0,-42.28,15151200,15151200,0,OK,pairs_anchor85.csv,<ELLE_HB>/peaq/anchor_prvtgtr_ref32.f32,<ELLE_HB>/out/elle_w18_prvtgtr_out.f32
rodent_max,prvtgtr,19,-0.4326,-0.2405,14794,0,-48.88,15151200,15151200,0,OK,pairs_anchor85.csv,<ELLE_HB>/peaq/anchor_prvtgtr_ref32.f32,<ELLE_HB>/out/elle_w19_prvtgtr_out.f32
rodent_max,prvtgtr,20,-0.4796,-0.2725,14794,0,-55.10,15151200,15151200,0,OK,pairs_anchor85.csv,<ELLE_HB>/peaq/anchor_prvtgtr_ref32.f32,<ELLE_HB>/out/elle_w20_prvtgtr_out.f32
rodent_max,prvtgtr,21,-0.5393,-0.3132,14794,0,-59.04,15151200,15151200,0,OK,pairs_anchor85.csv,<ELLE_HB>/peaq/anchor_prvtgtr_ref32.f32,<ELLE_HB>/out/elle_w21_prvtgtr_out.f32
rodent_max,prvtgtr,22,-0.4881,-0.2351,14794,0,-68.16,15151200,15151200,0,OK,pairs_anchor85.csv,<ELLE_HB>/peaq/anchor_prvtgtr_ref32.f32,<ELLE_HB>/out/elle_w22_prvtgtr_out.f32
rodent_max,prvtgtr,23,-0.4100,-0.2185,14794,0,-67.80,15151200,15151200,0,OK,pairs_anchor85.csv,<ELLE_HB>/peaq/anchor_prvtgtr_ref32.f32,<ELLE_HB>/out/elle_w23_prvtgtr_out.f32
rodent_max,prvtgtr,24,-0.4396,-0.2514,14794,0,-68.04,15151200,15151200,0,OK,pairs_anchor85.csv,<ELLE_HB>/peaq/anchor_prvtgtr_ref32.f32,<ELLE_HB>/out/elle_w24_prvtgtr_out.f32
rodent_max,ytbass,8,0.3739,0.2256,28387,0,1.97,29071200,29071200,0,OK,pairs_anchor85.csv,<ELLE_HB>/peaq/anchor_ytbass_ref32.f32,<ELLE_HB>/out/elle_w8_ytbass_out.f32
rodent_max,ytbass,9,0.0864,0.0426,28387,0,-0.00,29071200,29071200,0,OK,pairs_anchor85.csv,<ELLE_HB>/peaq/anchor_ytbass_ref32.f32,<ELLE_HB>/out/elle_w9_ytbass_out.f32
rodent_max,ytbass,10,-0.0562,-0.0321,28387,0,0.86,29071200,29071200,0,OK,pairs_anchor85.csv,<ELLE_HB>/peaq/anchor_ytbass_ref32.f32,<ELLE_HB>/out/elle_w10_ytbass_out.f32
rodent_max,ytbass,11,0.3318,0.2620,28387,0,-1.30,29071200,29071200,0,OK,pairs_anchor85.csv,<ELLE_HB>/peaq/anchor_ytbass_ref32.f32,<ELLE_HB>/out/elle_w11_ytbass_out.f32
rodent_max,ytbass,12,0.4286,0.3900,28387,0,-1.52,29071200,29071200,0,OK,pairs_anchor85.csv,<ELLE_HB>/peaq/anchor_ytbass_ref32.f32,<ELLE_HB>/out/elle_w12_ytbass_out.f32
rodent_max,ytbass,13,0.2752,0.3070,28387,0,-2.76,29071200,29071200,0,OK,pairs_anchor85.csv,<ELLE_HB>/peaq/anchor_ytbass_ref32.f32,<ELLE_HB>/out/elle_w13_ytbass_out.f32
rodent_max,ytbass,14,0.1130,0.1483,28387,0,-10.34,29071200,29071200,0,OK,pairs_anchor85.csv,<ELLE_HB>/peaq/anchor_ytbass_ref32.f32,<ELLE_HB>/out/elle_w14_ytbass_out.f32
rodent_max,ytbass,15,0.0723,0.1077,28387,0,-15.16,29071200,29071200,0,OK,pairs_anchor85.csv,<ELLE_HB>/peaq/anchor_ytbass_ref32.f32,<ELLE_HB>/out/elle_w15_ytbass_out.f32
rodent_max,ytbass,16,-0.0064,-0.0096,28387,0,-23.41,29071200,29071200,0,OK,pairs_anchor85.csv,<ELLE_HB>/peaq/anchor_ytbass_ref32.f32,<ELLE_HB>/out/elle_w16_ytbass_out.f32
rodent_max,ytbass,17,-0.1081,-0.1697,28387,0,-31.79,29071200,29071200,0,OK,pairs_anchor85.csv,<ELLE_HB>/peaq/anchor_ytbass_ref32.f32,<ELLE_HB>/out/elle_w17_ytbass_out.f32
rodent_max,ytbass,18,-0.2341,-0.3071,28387,0,-40.74,29071200,29071200,0,OK,pairs_anchor85.csv,<ELLE_HB>/peaq/anchor_ytbass_ref32.f32,<ELLE_HB>/out/elle_w18_ytbass_out.f32
rodent_max,ytbass,19,-0.2756,-0.3793,28387,0,-48.40,29071200,29071200,0,OK,pairs_anchor85.csv,<ELLE_HB>/peaq/anchor_ytbass_ref32.f32,<ELLE_HB>/out/elle_w19_ytbass_out.f32
rodent_max,ytbass,20,-0.3391,-0.4652,28387,0,-53.95,29071200,29071200,0,OK,pairs_anchor85.csv,<ELLE_HB>/peaq/anchor_ytbass_ref32.f32,<ELLE_HB>/out/elle_w20_ytbass_out.f32
rodent_max,ytbass,21,-0.3663,-0.4934,28387,0,-58.84,29071200,29071200,0,OK,pairs_anchor85.csv,<ELLE_HB>/peaq/anchor_ytbass_ref32.f32,<ELLE_HB>/out/elle_w21_ytbass_out.f32
rodent_max,ytbass,22,-0.3716,-0.4427,28387,0,-61.89,29071200,29071200,0,OK,pairs_anchor85.csv,<ELLE_HB>/peaq/anchor_ytbass_ref32.f32,<ELLE_HB>/out/elle_w22_ytbass_out.f32
rodent_max,ytbass,23,-0.2969,-0.3746,28387,0,-62.01,29071200,29071200,0,OK,pairs_anchor85.csv,<ELLE_HB>/peaq/anchor_ytbass_ref32.f32,<ELLE_HB>/out/elle_w23_ytbass_out.f32
rodent_max,ytbass,24,-0.3158,-0.4214,28387,0,-64.00,29071200,29071200,0,OK,pairs_anchor85.csv,<ELLE_HB>/peaq/anchor_ytbass_ref32.f32,<ELLE_HB>/out/elle_w24_ytbass_out.f32
rodent_mod,nam,8,0.4439,0.1834,8794,0,1.23,9007200,9007200,0,OK,pairs_nam85.csv,<ELLE_HB>/peaq/cellrefs_nam/anchor_nam_ref32_rodent_mod.f32,<ELLE_HB>/peaq/board_nam/board_nam_rodent_mod_w8.f32
rodent_mod,nam,9,-0.1584,-0.0519,8794,0,3.96,9007200,9007200,0,OK,pairs_nam85.csv,<ELLE_HB>/peaq/cellrefs_nam/anchor_nam_ref32_rodent_mod.f32,<ELLE_HB>/peaq/board_nam/board_nam_rodent_mod_w9.f32
rodent_mod,nam,10,0.1196,0.0449,8794,0,3.26,9007200,9007200,0,OK,pairs_nam85.csv,<ELLE_HB>/peaq/cellrefs_nam/anchor_nam_ref32_rodent_mod.f32,<ELLE_HB>/peaq/board_nam/board_nam_rodent_mod_w10.f32
rodent_mod,nam,11,0.1935,0.0551,8794,0,3.48,9007200,9007200,0,OK,pairs_nam85.csv,<ELLE_HB>/peaq/cellrefs_nam/anchor_nam_ref32_rodent_mod.f32,<ELLE_HB>/peaq/board_nam/board_nam_rodent_mod_w11.f32
rodent_mod,nam,12,0.1142,0.0437,8794,0,-6.58,9007200,9007200,0,OK,pairs_nam85.csv,<ELLE_HB>/peaq/cellrefs_nam/anchor_nam_ref32_rodent_mod.f32,<ELLE_HB>/peaq/board_nam/board_nam_rodent_mod_w12.f32
rodent_mod,nam,13,0.3986,0.1634,8794,0,-11.25,9007200,9007200,0,OK,pairs_nam85.csv,<ELLE_HB>/peaq/cellrefs_nam/anchor_nam_ref32_rodent_mod.f32,<ELLE_HB>/peaq/board_nam/board_nam_rodent_mod_w13.f32
rodent_mod,nam,14,-0.1427,-0.0470,8794,0,-21.26,9007200,9007200,0,OK,pairs_nam85.csv,<ELLE_HB>/peaq/cellrefs_nam/anchor_nam_ref32_rodent_mod.f32,<ELLE_HB>/peaq/board_nam/board_nam_rodent_mod_w14.f32
rodent_mod,nam,15,-0.3736,-0.1480,8794,0,-27.40,9007200,9007200,0,OK,pairs_nam85.csv,<ELLE_HB>/peaq/cellrefs_nam/anchor_nam_ref32_rodent_mod.f32,<ELLE_HB>/peaq/board_nam/board_nam_rodent_mod_w15.f32
rodent_mod,nam,16,-0.5165,-0.2100,8794,0,-34.75,9007200,9007200,0,OK,pairs_nam85.csv,<ELLE_HB>/peaq/cellrefs_nam/anchor_nam_ref32_rodent_mod.f32,<ELLE_HB>/peaq/board_nam/board_nam_rodent_mod_w16.f32
rodent_mod,nam,17,-0.7166,-0.2032,8794,0,-41.12,9007200,9007200,0,OK,pairs_nam85.csv,<ELLE_HB>/peaq/cellrefs_nam/anchor_nam_ref32_rodent_mod.f32,<ELLE_HB>/peaq/board_nam/board_nam_rodent_mod_w17.f32
rodent_mod,nam,18,-0.6834,-0.2561,8794,0,-47.26,9007200,9007200,0,OK,pairs_nam85.csv,<ELLE_HB>/peaq/cellrefs_nam/anchor_nam_ref32_rodent_mod.f32,<ELLE_HB>/peaq/board_nam/board_nam_rodent_mod_w18.f32
rodent_mod,nam,19,-0.7461,-0.2318,8794,0,-53.78,9007200,9007200,0,OK,pairs_nam85.csv,<ELLE_HB>/peaq/cellrefs_nam/anchor_nam_ref32_rodent_mod.f32,<ELLE_HB>/peaq/board_nam/board_nam_rodent_mod_w19.f32
rodent_mod,nam,20,-0.4765,-0.1972,8794,0,-60.34,9007200,9007200,0,OK,pairs_nam85.csv,<ELLE_HB>/peaq/cellrefs_nam/anchor_nam_ref32_rodent_mod.f32,<ELLE_HB>/peaq/board_nam/board_nam_rodent_mod_w20.f32
rodent_mod,nam,21,-0.6199,-0.2269,8794,0,-62.42,9007200,9007200,0,OK,pairs_nam85.csv,<ELLE_HB>/peaq/cellrefs_nam/anchor_nam_ref32_rodent_mod.f32,<ELLE_HB>/peaq/board_nam/board_nam_rodent_mod_w21.f32
rodent_mod,nam,22,-0.6094,-0.2348,8794,0,-70.34,9007200,9007200,0,OK,pairs_nam85.csv,<ELLE_HB>/peaq/cellrefs_nam/anchor_nam_ref32_rodent_mod.f32,<ELLE_HB>/peaq/board_nam/board_nam_rodent_mod_w22.f32
rodent_mod,nam,23,-0.5769,-0.1967,8794,0,-71.24,9007200,9007200,0,OK,pairs_nam85.csv,<ELLE_HB>/peaq/cellrefs_nam/anchor_nam_ref32_rodent_mod.f32,<ELLE_HB>/peaq/board_nam/board_nam_rodent_mod_w23.f32
rodent_mod,nam,24,-0.5815,-0.2020,8794,0,-70.27,9007200,9007200,0,OK,pairs_nam85.csv,<ELLE_HB>/peaq/cellrefs_nam/anchor_nam_ref32_rodent_mod.f32,<ELLE_HB>/peaq/board_nam/board_nam_rodent_mod_w24.f32
rodent_mod,gtr2,8,0.1421,0.0400,20606,0,1.55,21103200,21103200,0,OK,pairs_music340.csv,<ELLE_HB>/peaq/cellrefs_rodent_mod/anchor_gtr2_ref32.f32,<ELLE_HB>/peaq/board_music/board_gtr2_rodent_mod_w8.f32
rodent_mod,gtr2,9,-0.1418,-0.0450,20606,0,2.70,21103200,21103200,0,OK,pairs_music340.csv,<ELLE_HB>/peaq/cellrefs_rodent_mod/anchor_gtr2_ref32.f32,<ELLE_HB>/peaq/board_music/board_gtr2_rodent_mod_w9.f32
rodent_mod,gtr2,10,0.1887,0.0530,20606,0,2.63,21103200,21103200,0,OK,pairs_music340.csv,<ELLE_HB>/peaq/cellrefs_rodent_mod/anchor_gtr2_ref32.f32,<ELLE_HB>/peaq/board_music/board_gtr2_rodent_mod_w10.f32
rodent_mod,gtr2,11,0.2938,0.0513,20606,0,3.85,21103200,21103200,0,OK,pairs_music340.csv,<ELLE_HB>/peaq/cellrefs_rodent_mod/anchor_gtr2_ref32.f32,<ELLE_HB>/peaq/board_music/board_gtr2_rodent_mod_w11.f32
rodent_mod,gtr2,12,0.2192,0.1137,20606,0,-4.18,21103200,21103200,0,OK,pairs_music340.csv,<ELLE_HB>/peaq/cellrefs_rodent_mod/anchor_gtr2_ref32.f32,<ELLE_HB>/peaq/board_music/board_gtr2_rodent_mod_w12.f32
rodent_mod,gtr2,13,0.3418,0.1536,20606,0,-12.68,21103200,21103200,0,OK,pairs_music340.csv,<ELLE_HB>/peaq/cellrefs_rodent_mod/anchor_gtr2_ref32.f32,<ELLE_HB>/peaq/board_music/board_gtr2_rodent_mod_w13.f32
rodent_mod,gtr2,14,0.0068,0.0024,20606,0,-21.48,21103200,21103200,0,OK,pairs_music340.csv,<ELLE_HB>/peaq/cellrefs_rodent_mod/anchor_gtr2_ref32.f32,<ELLE_HB>/peaq/board_music/board_gtr2_rodent_mod_w14.f32
rodent_mod,gtr2,15,-0.1124,-0.0464,20606,0,-27.39,21103200,21103200,0,OK,pairs_music340.csv,<ELLE_HB>/peaq/cellrefs_rodent_mod/anchor_gtr2_ref32.f32,<ELLE_HB>/peaq/board_music/board_gtr2_rodent_mod_w15.f32
rodent_mod,gtr2,16,-0.4075,-0.1559,20606,0,-36.05,21103200,21103200,0,OK,pairs_music340.csv,<ELLE_HB>/peaq/cellrefs_rodent_mod/anchor_gtr2_ref32.f32,<ELLE_HB>/peaq/board_music/board_gtr2_rodent_mod_w16.f32
rodent_mod,gtr2,17,-0.5105,-0.1137,20606,0,-43.41,21103200,21103200,0,OK,pairs_music340.csv,<ELLE_HB>/peaq/cellrefs_rodent_mod/anchor_gtr2_ref32.f32,<ELLE_HB>/peaq/board_music/board_gtr2_rodent_mod_w17.f32
rodent_mod,gtr2,18,-0.6282,-0.1936,20606,0,-51.50,21103200,21103200,0,OK,pairs_music340.csv,<ELLE_HB>/peaq/cellrefs_rodent_mod/anchor_gtr2_ref32.f32,<ELLE_HB>/peaq/board_music/board_gtr2_rodent_mod_w18.f32
rodent_mod,gtr2,19,-0.7203,-0.1761,20606,0,-58.04,21103200,21103200,0,OK,pairs_music340.csv,<ELLE_HB>/peaq/cellrefs_rodent_mod/anchor_gtr2_ref32.f32,<ELLE_HB>/peaq/board_music/board_gtr2_rodent_mod_w19.f32
rodent_mod,gtr2,20,-0.6050,-0.2023,20606,0,-64.11,21103200,21103200,0,OK,pairs_music340.csv,<ELLE_HB>/peaq/cellrefs_rodent_mod/anchor_gtr2_ref32.f32,<ELLE_HB>/peaq/board_music/board_gtr2_rodent_mod_w20.f32
rodent_mod,gtr2,21,-0.5896,-0.1707,20606,0,-68.85,21103200,21103200,0,OK,pairs_music340.csv,<ELLE_HB>/peaq/cellrefs_rodent_mod/anchor_gtr2_ref32.f32,<ELLE_HB>/peaq/board_music/board_gtr2_rodent_mod_w21.f32
rodent_mod,gtr2,22,-0.6241,-0.1881,20606,0,-75.21,21103200,21103200,0,OK,pairs_music340.csv,<ELLE_HB>/peaq/cellrefs_rodent_mod/anchor_gtr2_ref32.f32,<ELLE_HB>/peaq/board_music/board_gtr2_rodent_mod_w22.f32
rodent_mod,gtr2,23,-0.4869,-0.1214,20606,0,-76.43,21103200,21103200,0,OK,pairs_music340.csv,<ELLE_HB>/peaq/cellrefs_rodent_mod/anchor_gtr2_ref32.f32,<ELLE_HB>/peaq/board_music/board_gtr2_rodent_mod_w23.f32
rodent_mod,gtr2,24,-0.4656,-0.1029,20606,0,-77.11,21103200,21103200,0,OK,pairs_music340.csv,<ELLE_HB>/peaq/cellrefs_rodent_mod/anchor_gtr2_ref32.f32,<ELLE_HB>/peaq/board_music/board_gtr2_rodent_mod_w24.f32
rodent_mod,gtr4sg,8,0.4285,0.0688,17090,0,0.91,17503200,17503200,0,OK,pairs_music340.csv,<ELLE_HB>/peaq/cellrefs_rodent_mod/anchor_gtr4sg_ref32.f32,<ELLE_HB>/peaq/board_music/board_gtr4sg_rodent_mod_w8.f32
rodent_mod,gtr4sg,9,-0.0377,-0.0092,17090,0,1.69,17503200,17503200,0,OK,pairs_music340.csv,<ELLE_HB>/peaq/cellrefs_rodent_mod/anchor_gtr4sg_ref32.f32,<ELLE_HB>/peaq/board_music/board_gtr4sg_rodent_mod_w9.f32
rodent_mod,gtr4sg,10,0.1912,0.0392,17090,0,2.25,17503200,17503200,0,OK,pairs_music340.csv,<ELLE_HB>/peaq/cellrefs_rodent_mod/anchor_gtr4sg_ref32.f32,<ELLE_HB>/peaq/board_music/board_gtr4sg_rodent_mod_w10.f32
rodent_mod,gtr4sg,11,0.3588,0.0519,17090,0,2.74,17503200,17503200,0,OK,pairs_music340.csv,<ELLE_HB>/peaq/cellrefs_rodent_mod/anchor_gtr4sg_ref32.f32,<ELLE_HB>/peaq/board_music/board_gtr4sg_rodent_mod_w11.f32
rodent_mod,gtr4sg,12,0.1334,0.0519,17090,0,-3.16,17503200,17503200,0,OK,pairs_music340.csv,<ELLE_HB>/peaq/cellrefs_rodent_mod/anchor_gtr4sg_ref32.f32,<ELLE_HB>/peaq/board_music/board_gtr4sg_rodent_mod_w12.f32
rodent_mod,gtr4sg,13,0.6120,0.2729,17090,0,-13.92,17503200,17503200,0,OK,pairs_music340.csv,<ELLE_HB>/peaq/cellrefs_rodent_mod/anchor_gtr4sg_ref32.f32,<ELLE_HB>/peaq/board_music/board_gtr4sg_rodent_mod_w13.f32
rodent_mod,gtr4sg,14,0.4403,0.1405,17090,0,-24.35,17503200,17503200,0,OK,pairs_music340.csv,<ELLE_HB>/peaq/cellrefs_rodent_mod/anchor_gtr4sg_ref32.f32,<ELLE_HB>/peaq/board_music/board_gtr4sg_rodent_mod_w14.f32
rodent_mod,gtr4sg,15,0.0990,0.0312,17090,0,-31.94,17503200,17503200,0,OK,pairs_music340.csv,<ELLE_HB>/peaq/cellrefs_rodent_mod/anchor_gtr4sg_ref32.f32,<ELLE_HB>/peaq/board_music/board_gtr4sg_rodent_mod_w15.f32
rodent_mod,gtr4sg,16,-0.2137,-0.0648,17090,0,-39.53,17503200,17503200,0,OK,pairs_music340.csv,<ELLE_HB>/peaq/cellrefs_rodent_mod/anchor_gtr4sg_ref32.f32,<ELLE_HB>/peaq/board_music/board_gtr4sg_rodent_mod_w16.f32
rodent_mod,gtr4sg,17,-0.4139,-0.0671,17090,0,-45.92,17503200,17503200,0,OK,pairs_music340.csv,<ELLE_HB>/peaq/cellrefs_rodent_mod/anchor_gtr4sg_ref32.f32,<ELLE_HB>/peaq/board_music/board_gtr4sg_rodent_mod_w17.f32
rodent_mod,gtr4sg,18,-0.5303,-0.1575,17090,0,-53.20,17503200,17503200,0,OK,pairs_music340.csv,<ELLE_HB>/peaq/cellrefs_rodent_mod/anchor_gtr4sg_ref32.f32,<ELLE_HB>/peaq/board_music/board_gtr4sg_rodent_mod_w18.f32
rodent_mod,gtr4sg,19,-0.6485,-0.1400,17090,0,-59.24,17503200,17503200,0,OK,pairs_music340.csv,<ELLE_HB>/peaq/cellrefs_rodent_mod/anchor_gtr4sg_ref32.f32,<ELLE_HB>/peaq/board_music/board_gtr4sg_rodent_mod_w19.f32
rodent_mod,gtr4sg,20,-0.5428,-0.1658,17090,0,-65.34,17503200,17503200,0,OK,pairs_music340.csv,<ELLE_HB>/peaq/cellrefs_rodent_mod/anchor_gtr4sg_ref32.f32,<ELLE_HB>/peaq/board_music/board_gtr4sg_rodent_mod_w20.f32
rodent_mod,gtr4sg,21,-0.5440,-0.1447,17090,0,-69.80,17503200,17503200,0,OK,pairs_music340.csv,<ELLE_HB>/peaq/cellrefs_rodent_mod/anchor_gtr4sg_ref32.f32,<ELLE_HB>/peaq/board_music/board_gtr4sg_rodent_mod_w21.f32
rodent_mod,gtr4sg,22,-0.6171,-0.1594,17090,0,-76.68,17503200,17503200,0,OK,pairs_music340.csv,<ELLE_HB>/peaq/cellrefs_rodent_mod/anchor_gtr4sg_ref32.f32,<ELLE_HB>/peaq/board_music/board_gtr4sg_rodent_mod_w22.f32
rodent_mod,gtr4sg,23,-0.5456,-0.1295,17090,0,-77.85,17503200,17503200,0,OK,pairs_music340.csv,<ELLE_HB>/peaq/cellrefs_rodent_mod/anchor_gtr4sg_ref32.f32,<ELLE_HB>/peaq/board_music/board_gtr4sg_rodent_mod_w23.f32
rodent_mod,gtr4sg,24,-0.5077,-0.0994,17090,0,-78.40,17503200,17503200,0,OK,pairs_music340.csv,<ELLE_HB>/peaq/cellrefs_rodent_mod/anchor_gtr4sg_ref32.f32,<ELLE_HB>/peaq/board_music/board_gtr4sg_rodent_mod_w24.f32
rodent_mod,prvtgtr,8,0.1664,0.0278,14794,0,0.42,15151200,15151200,0,OK,pairs_music340.csv,<ELLE_HB>/peaq/cellrefs_rodent_mod/anchor_prvtgtr_ref32.f32,<ELLE_HB>/peaq/board_music/board_prvtgtr_rodent_mod_w8.f32
rodent_mod,prvtgtr,9,-0.1327,-0.0337,14794,0,1.49,15151200,15151200,0,OK,pairs_music340.csv,<ELLE_HB>/peaq/cellrefs_rodent_mod/anchor_prvtgtr_ref32.f32,<ELLE_HB>/peaq/board_music/board_prvtgtr_rodent_mod_w9.f32
rodent_mod,prvtgtr,10,0.0349,0.0079,14794,0,2.24,15151200,15151200,0,OK,pairs_music340.csv,<ELLE_HB>/peaq/cellrefs_rodent_mod/anchor_prvtgtr_ref32.f32,<ELLE_HB>/peaq/board_music/board_prvtgtr_rodent_mod_w10.f32
rodent_mod,prvtgtr,11,0.2155,0.0354,14794,0,2.62,15151200,15151200,0,OK,pairs_music340.csv,<ELLE_HB>/peaq/cellrefs_rodent_mod/anchor_prvtgtr_ref32.f32,<ELLE_HB>/peaq/board_music/board_prvtgtr_rodent_mod_w11.f32
rodent_mod,prvtgtr,12,0.2185,0.0852,14794,0,-5.08,15151200,15151200,0,OK,pairs_music340.csv,<ELLE_HB>/peaq/cellrefs_rodent_mod/anchor_prvtgtr_ref32.f32,<ELLE_HB>/peaq/board_music/board_prvtgtr_rodent_mod_w12.f32
rodent_mod,prvtgtr,13,0.2910,0.1150,14794,0,-12.34,15151200,15151200,0,OK,pairs_music340.csv,<ELLE_HB>/peaq/cellrefs_rodent_mod/anchor_prvtgtr_ref32.f32,<ELLE_HB>/peaq/board_music/board_prvtgtr_rodent_mod_w13.f32
rodent_mod,prvtgtr,14,-0.2308,-0.0718,14794,0,-22.82,15151200,15151200,0,OK,pairs_music340.csv,<ELLE_HB>/peaq/cellrefs_rodent_mod/anchor_prvtgtr_ref32.f32,<ELLE_HB>/peaq/board_music/board_prvtgtr_rodent_mod_w14.f32
rodent_mod,prvtgtr,15,-0.3554,-0.1418,14794,0,-28.46,15151200,15151200,0,OK,pairs_music340.csv,<ELLE_HB>/peaq/cellrefs_rodent_mod/anchor_prvtgtr_ref32.f32,<ELLE_HB>/peaq/board_music/board_prvtgtr_rodent_mod_w15.f32
rodent_mod,prvtgtr,16,-0.5536,-0.2277,14794,0,-34.88,15151200,15151200,0,OK,pairs_music340.csv,<ELLE_HB>/peaq/cellrefs_rodent_mod/anchor_prvtgtr_ref32.f32,<ELLE_HB>/peaq/board_music/board_prvtgtr_rodent_mod_w16.f32
rodent_mod,prvtgtr,17,-0.7815,-0.2560,14794,0,-40.37,15151200,15151200,0,OK,pairs_music340.csv,<ELLE_HB>/peaq/cellrefs_rodent_mod/anchor_prvtgtr_ref32.f32,<ELLE_HB>/peaq/board_music/board_prvtgtr_rodent_mod_w17.f32
rodent_mod,prvtgtr,18,-0.7734,-0.3563,14794,0,-45.54,15151200,15151200,0,OK,pairs_music340.csv,<ELLE_HB>/peaq/cellrefs_rodent_mod/anchor_prvtgtr_ref32.f32,<ELLE_HB>/peaq/board_music/board_prvtgtr_rodent_mod_w18.f32
rodent_mod,prvtgtr,19,-0.8722,-0.3869,14794,0,-50.76,15151200,15151200,0,OK,pairs_music340.csv,<ELLE_HB>/peaq/cellrefs_rodent_mod/anchor_prvtgtr_ref32.f32,<ELLE_HB>/peaq/board_music/board_prvtgtr_rodent_mod_w19.f32
rodent_mod,prvtgtr,20,-0.8402,-0.4540,14794,0,-55.46,15151200,15151200,0,OK,pairs_music340.csv,<ELLE_HB>/peaq/cellrefs_rodent_mod/anchor_prvtgtr_ref32.f32,<ELLE_HB>/peaq/board_music/board_prvtgtr_rodent_mod_w20.f32
rodent_mod,prvtgtr,21,-0.8335,-0.4241,14794,0,-60.02,15151200,15151200,0,OK,pairs_music340.csv,<ELLE_HB>/peaq/cellrefs_rodent_mod/anchor_prvtgtr_ref32.f32,<ELLE_HB>/peaq/board_music/board_prvtgtr_rodent_mod_w21.f32
rodent_mod,prvtgtr,22,-0.8167,-0.3453,14794,0,-70.69,15151200,15151200,0,OK,pairs_music340.csv,<ELLE_HB>/peaq/cellrefs_rodent_mod/anchor_prvtgtr_ref32.f32,<ELLE_HB>/peaq/board_music/board_prvtgtr_rodent_mod_w22.f32
rodent_mod,prvtgtr,23,-0.8271,-0.3544,14794,0,-70.65,15151200,15151200,0,OK,pairs_music340.csv,<ELLE_HB>/peaq/cellrefs_rodent_mod/anchor_prvtgtr_ref32.f32,<ELLE_HB>/peaq/board_music/board_prvtgtr_rodent_mod_w23.f32
rodent_mod,prvtgtr,24,-0.8559,-0.3603,14794,0,-70.84,15151200,15151200,0,OK,pairs_music340.csv,<ELLE_HB>/peaq/cellrefs_rodent_mod/anchor_prvtgtr_ref32.f32,<ELLE_HB>/peaq/board_music/board_prvtgtr_rodent_mod_w24.f32
rodent_mod,ytbass,8,0.4932,0.1692,28387,0,1.89,29071200,29071200,0,OK,pairs_music340.csv,<ELLE_HB>/peaq/cellrefs_rodent_mod/anchor_ytbass_ref32.f32,<ELLE_HB>/peaq/board_music/board_ytbass_rodent_mod_w8.f32
rodent_mod,ytbass,9,0.0645,0.0208,28387,0,2.18,29071200,29071200,0,OK,pairs_music340.csv,<ELLE_HB>/peaq/cellrefs_rodent_mod/anchor_ytbass_ref32.f32,<ELLE_HB>/peaq/board_music/board_ytbass_rodent_mod_w9.f32
rodent_mod,ytbass,10,0.0898,0.0302,28387,0,1.96,29071200,29071200,0,OK,pairs_music340.csv,<ELLE_HB>/peaq/cellrefs_rodent_mod/anchor_ytbass_ref32.f32,<ELLE_HB>/peaq/board_music/board_ytbass_rodent_mod_w10.f32
rodent_mod,ytbass,11,0.0744,0.0293,28387,0,2.20,29071200,29071200,0,OK,pairs_music340.csv,<ELLE_HB>/peaq/cellrefs_rodent_mod/anchor_ytbass_ref32.f32,<ELLE_HB>/peaq/board_music/board_ytbass_rodent_mod_w11.f32
rodent_mod,ytbass,12,0.3007,0.1972,28387,0,-4.70,29071200,29071200,0,OK,pairs_music340.csv,<ELLE_HB>/peaq/cellrefs_rodent_mod/anchor_ytbass_ref32.f32,<ELLE_HB>/peaq/board_music/board_ytbass_rodent_mod_w12.f32
rodent_mod,ytbass,13,0.4429,0.2780,28387,0,-11.88,29071200,29071200,0,OK,pairs_music340.csv,<ELLE_HB>/peaq/cellrefs_rodent_mod/anchor_ytbass_ref32.f32,<ELLE_HB>/peaq/board_music/board_ytbass_rodent_mod_w13.f32
rodent_mod,ytbass,14,0.2254,0.1320,28387,0,-20.52,29071200,29071200,0,OK,pairs_music340.csv,<ELLE_HB>/peaq/cellrefs_rodent_mod/anchor_ytbass_ref32.f32,<ELLE_HB>/peaq/board_music/board_ytbass_rodent_mod_w14.f32
rodent_mod,ytbass,15,0.0811,0.0514,28387,0,-27.34,29071200,29071200,0,OK,pairs_music340.csv,<ELLE_HB>/peaq/cellrefs_rodent_mod/anchor_ytbass_ref32.f32,<ELLE_HB>/peaq/board_music/board_ytbass_rodent_mod_w15.f32
rodent_mod,ytbass,16,-0.1340,-0.0683,28387,0,-36.85,29071200,29071200,0,OK,pairs_music340.csv,<ELLE_HB>/peaq/cellrefs_rodent_mod/anchor_ytbass_ref32.f32,<ELLE_HB>/peaq/board_music/board_ytbass_rodent_mod_w16.f32
rodent_mod,ytbass,17,-0.1463,-0.0472,28387,0,-43.92,29071200,29071200,0,OK,pairs_music340.csv,<ELLE_HB>/peaq/cellrefs_rodent_mod/anchor_ytbass_ref32.f32,<ELLE_HB>/peaq/board_music/board_ytbass_rodent_mod_w17.f32
rodent_mod,ytbass,18,-0.4217,-0.1815,28387,0,-51.47,29071200,29071200,0,OK,pairs_music340.csv,<ELLE_HB>/peaq/cellrefs_rodent_mod/anchor_ytbass_ref32.f32,<ELLE_HB>/peaq/board_music/board_ytbass_rodent_mod_w18.f32
rodent_mod,ytbass,19,-0.6142,-0.2162,28387,0,-57.18,29071200,29071200,0,OK,pairs_music340.csv,<ELLE_HB>/peaq/cellrefs_rodent_mod/anchor_ytbass_ref32.f32,<ELLE_HB>/peaq/board_music/board_ytbass_rodent_mod_w19.f32
rodent_mod,ytbass,20,-0.4839,-0.2344,28387,0,-62.71,29071200,29071200,0,OK,pairs_music340.csv,<ELLE_HB>/peaq/cellrefs_rodent_mod/anchor_ytbass_ref32.f32,<ELLE_HB>/peaq/board_music/board_ytbass_rodent_mod_w20.f32
rodent_mod,ytbass,21,-0.4415,-0.2052,28387,0,-67.24,29071200,29071200,0,OK,pairs_music340.csv,<ELLE_HB>/peaq/cellrefs_rodent_mod/anchor_ytbass_ref32.f32,<ELLE_HB>/peaq/board_music/board_ytbass_rodent_mod_w21.f32
rodent_mod,ytbass,22,-0.4377,-0.1603,28387,0,-74.49,29071200,29071200,0,OK,pairs_music340.csv,<ELLE_HB>/peaq/cellrefs_rodent_mod/anchor_ytbass_ref32.f32,<ELLE_HB>/peaq/board_music/board_ytbass_rodent_mod_w22.f32
rodent_mod,ytbass,23,-0.3242,-0.1403,28387,0,-74.80,29071200,29071200,0,OK,pairs_music340.csv,<ELLE_HB>/peaq/cellrefs_rodent_mod/anchor_ytbass_ref32.f32,<ELLE_HB>/peaq/board_music/board_ytbass_rodent_mod_w23.f32
rodent_mod,ytbass,24,-0.3788,-0.1395,28387,0,-75.50,29071200,29071200,0,OK,pairs_music340.csv,<ELLE_HB>/peaq/cellrefs_rodent_mod/anchor_ytbass_ref32.f32,<ELLE_HB>/peaq/board_music/board_ytbass_rodent_mod_w24.f32
gt_max,nam,8,0.2982,0.0906,8794,0,7.34,9007200,9007200,0,OK,pairs_nam85.csv,<ELLE_HB>/peaq/cellrefs_nam/anchor_nam_ref32_gt_max.f32,<ELLE_HB>/peaq/board_nam/board_nam_gt_max_w8.f32
gt_max,nam,9,-0.0432,-0.0134,8794,0,-0.62,9007200,9007200,0,OK,pairs_nam85.csv,<ELLE_HB>/peaq/cellrefs_nam/anchor_nam_ref32_gt_max.f32,<ELLE_HB>/peaq/board_nam/board_nam_gt_max_w9.f32
gt_max,nam,10,-0.4076,-0.1450,8794,0,-0.23,9007200,9007200,0,OK,pairs_nam85.csv,<ELLE_HB>/peaq/cellrefs_nam/anchor_nam_ref32_gt_max.f32,<ELLE_HB>/peaq/board_nam/board_nam_gt_max_w10.f32
gt_max,nam,11,-0.4798,-0.2208,8794,0,-5.17,9007200,9007200,0,OK,pairs_nam85.csv,<ELLE_HB>/peaq/cellrefs_nam/anchor_nam_ref32_gt_max.f32,<ELLE_HB>/peaq/board_nam/board_nam_gt_max_w11.f32
gt_max,nam,12,-0.4845,-0.2083,8794,0,-10.14,9007200,9007200,0,OK,pairs_nam85.csv,<ELLE_HB>/peaq/cellrefs_nam/anchor_nam_ref32_gt_max.f32,<ELLE_HB>/peaq/board_nam/board_nam_gt_max_w12.f32
gt_max,nam,13,-0.4939,-0.2748,8794,0,-18.32,9007200,9007200,0,OK,pairs_nam85.csv,<ELLE_HB>/peaq/cellrefs_nam/anchor_nam_ref32_gt_max.f32,<ELLE_HB>/peaq/board_nam/board_nam_gt_max_w13.f32
gt_max,nam,14,-0.6642,-0.3697,8794,0,-24.59,9007200,9007200,0,OK,pairs_nam85.csv,<ELLE_HB>/peaq/cellrefs_nam/anchor_nam_ref32_gt_max.f32,<ELLE_HB>/peaq/board_nam/board_nam_gt_max_w14.f32
gt_max,nam,15,-0.6249,-0.3191,8794,0,-31.04,9007200,9007200,0,OK,pairs_nam85.csv,<ELLE_HB>/peaq/cellrefs_nam/anchor_nam_ref32_gt_max.f32,<ELLE_HB>/peaq/board_nam/board_nam_gt_max_w15.f32
gt_max,nam,16,-0.7075,-0.3185,8794,0,-37.49,9007200,9007200,0,OK,pairs_nam85.csv,<ELLE_HB>/peaq/cellrefs_nam/anchor_nam_ref32_gt_max.f32,<ELLE_HB>/peaq/board_nam/board_nam_gt_max_w16.f32
gt_max,nam,17,-0.8066,-0.4340,8794,0,-44.24,9007200,9007200,0,OK,pairs_nam85.csv,<ELLE_HB>/peaq/cellrefs_nam/anchor_nam_ref32_gt_max.f32,<ELLE_HB>/peaq/board_nam/board_nam_gt_max_w17.f32
gt_max,nam,18,-0.7854,-0.4432,8794,0,-51.22,9007200,9007200,0,OK,pairs_nam85.csv,<ELLE_HB>/peaq/cellrefs_nam/anchor_nam_ref32_gt_max.f32,<ELLE_HB>/peaq/board_nam/board_nam_gt_max_w18.f32
gt_max,nam,19,-0.7973,-0.3946,8794,0,-57.22,9007200,9007200,0,OK,pairs_nam85.csv,<ELLE_HB>/peaq/cellrefs_nam/anchor_nam_ref32_gt_max.f32,<ELLE_HB>/peaq/board_nam/board_nam_gt_max_w19.f32
gt_max,nam,20,-0.8189,-0.3939,8794,0,-62.07,9007200,9007200,0,OK,pairs_nam85.csv,<ELLE_HB>/peaq/cellrefs_nam/anchor_nam_ref32_gt_max.f32,<ELLE_HB>/peaq/board_nam/board_nam_gt_max_w20.f32
gt_max,nam,21,-0.8224,-0.4446,8794,0,-66.90,9007200,9007200,0,OK,pairs_nam85.csv,<ELLE_HB>/peaq/cellrefs_nam/anchor_nam_ref32_gt_max.f32,<ELLE_HB>/peaq/board_nam/board_nam_gt_max_w21.f32
gt_max,nam,22,-0.8319,-0.3270,8794,0,-75.45,9007200,9007200,0,OK,pairs_nam85.csv,<ELLE_HB>/peaq/cellrefs_nam/anchor_nam_ref32_gt_max.f32,<ELLE_HB>/peaq/board_nam/board_nam_gt_max_w22.f32
gt_max,nam,23,-0.8013,-0.3647,8794,0,-76.21,9007200,9007200,0,OK,pairs_nam85.csv,<ELLE_HB>/peaq/cellrefs_nam/anchor_nam_ref32_gt_max.f32,<ELLE_HB>/peaq/board_nam/board_nam_gt_max_w23.f32
gt_max,nam,24,-0.8021,-0.3654,8794,0,-76.04,9007200,9007200,0,OK,pairs_nam85.csv,<ELLE_HB>/peaq/cellrefs_nam/anchor_nam_ref32_gt_max.f32,<ELLE_HB>/peaq/board_nam/board_nam_gt_max_w24.f32
gt_max,gtr2,8,-0.1806,-0.0580,20606,0,3.34,21103200,21103200,0,OK,pairs_music340.csv,<ELLE_HB>/peaq/cellrefs_gt_max/anchor_gtr2_ref32.f32,<ELLE_HB>/peaq/board_music/board_gtr2_gt_max_w8.f32
gt_max,gtr2,9,0.2278,0.0889,20606,0,-3.78,21103200,21103200,0,OK,pairs_music340.csv,<ELLE_HB>/peaq/cellrefs_gt_max/anchor_gtr2_ref32.f32,<ELLE_HB>/peaq/board_music/board_gtr2_gt_max_w9.f32
gt_max,gtr2,10,-0.4682,-0.1805,20606,0,-2.15,21103200,21103200,0,OK,pairs_music340.csv,<ELLE_HB>/peaq/cellrefs_gt_max/anchor_gtr2_ref32.f32,<ELLE_HB>/peaq/board_music/board_gtr2_gt_max_w10.f32
gt_max,gtr2,11,-0.4940,-0.2532,20606,0,-7.61,21103200,21103200,0,OK,pairs_music340.csv,<ELLE_HB>/peaq/cellrefs_gt_max/anchor_gtr2_ref32.f32,<ELLE_HB>/peaq/board_music/board_gtr2_gt_max_w11.f32
gt_max,gtr2,12,-0.6670,-0.2983,20606,0,-11.64,21103200,21103200,0,OK,pairs_music340.csv,<ELLE_HB>/peaq/cellrefs_gt_max/anchor_gtr2_ref32.f32,<ELLE_HB>/peaq/board_music/board_gtr2_gt_max_w12.f32
gt_max,gtr2,13,-0.7387,-0.4248,20606,0,-20.46,21103200,21103200,0,OK,pairs_music340.csv,<ELLE_HB>/peaq/cellrefs_gt_max/anchor_gtr2_ref32.f32,<ELLE_HB>/peaq/board_music/board_gtr2_gt_max_w13.f32
gt_max,gtr2,14,-0.8122,-0.4647,20606,0,-26.59,21103200,21103200,0,OK,pairs_music340.csv,<ELLE_HB>/peaq/cellrefs_gt_max/anchor_gtr2_ref32.f32,<ELLE_HB>/peaq/board_music/board_gtr2_gt_max_w14.f32
gt_max,gtr2,15,-0.8295,-0.4343,20606,0,-32.16,21103200,21103200,0,OK,pairs_music340.csv,<ELLE_HB>/peaq/cellrefs_gt_max/anchor_gtr2_ref32.f32,<ELLE_HB>/peaq/board_music/board_gtr2_gt_max_w15.f32
gt_max,gtr2,16,-0.8710,-0.4319,20606,0,-38.02,21103200,21103200,0,OK,pairs_music340.csv,<ELLE_HB>/peaq/cellrefs_gt_max/anchor_gtr2_ref32.f32,<ELLE_HB>/peaq/board_music/board_gtr2_gt_max_w16.f32
gt_max,gtr2,17,-0.9155,-0.5487,20606,0,-45.13,21103200,21103200,0,OK,pairs_music340.csv,<ELLE_HB>/peaq/cellrefs_gt_max/anchor_gtr2_ref32.f32,<ELLE_HB>/peaq/board_music/board_gtr2_gt_max_w17.f32
gt_max,gtr2,18,-0.9043,-0.5673,20606,0,-52.38,21103200,21103200,0,OK,pairs_music340.csv,<ELLE_HB>/peaq/cellrefs_gt_max/anchor_gtr2_ref32.f32,<ELLE_HB>/peaq/board_music/board_gtr2_gt_max_w18.f32
gt_max,gtr2,19,-0.8696,-0.4685,20606,0,-58.93,21103200,21103200,0,OK,pairs_music340.csv,<ELLE_HB>/peaq/cellrefs_gt_max/anchor_gtr2_ref32.f32,<ELLE_HB>/peaq/board_music/board_gtr2_gt_max_w19.f32
gt_max,gtr2,20,-0.8759,-0.4473,20606,0,-64.80,21103200,21103200,0,OK,pairs_music340.csv,<ELLE_HB>/peaq/cellrefs_gt_max/anchor_gtr2_ref32.f32,<ELLE_HB>/peaq/board_music/board_gtr2_gt_max_w20.f32
gt_max,gtr2,21,-0.8960,-0.5339,20606,0,-69.61,21103200,21103200,0,OK,pairs_music340.csv,<ELLE_HB>/peaq/cellrefs_gt_max/anchor_gtr2_ref32.f32,<ELLE_HB>/peaq/board_music/board_gtr2_gt_max_w21.f32
gt_max,gtr2,22,-0.8987,-0.3769,20606,0,-77.07,21103200,21103200,0,OK,pairs_music340.csv,<ELLE_HB>/peaq/cellrefs_gt_max/anchor_gtr2_ref32.f32,<ELLE_HB>/peaq/board_music/board_gtr2_gt_max_w22.f32
gt_max,gtr2,23,-0.8930,-0.4495,20606,0,-77.71,21103200,21103200,0,OK,pairs_music340.csv,<ELLE_HB>/peaq/cellrefs_gt_max/anchor_gtr2_ref32.f32,<ELLE_HB>/peaq/board_music/board_gtr2_gt_max_w23.f32
gt_max,gtr2,24,-0.8935,-0.4437,20606,0,-77.58,21103200,21103200,0,OK,pairs_music340.csv,<ELLE_HB>/peaq/cellrefs_gt_max/anchor_gtr2_ref32.f32,<ELLE_HB>/peaq/board_music/board_gtr2_gt_max_w24.f32
gt_max,gtr4sg,8,0.0447,0.0162,17090,0,2.23,17503200,17503200,0,OK,pairs_music340.csv,<ELLE_HB>/peaq/cellrefs_gt_max/anchor_gtr4sg_ref32.f32,<ELLE_HB>/peaq/board_music/board_gtr4sg_gt_max_w8.f32
gt_max,gtr4sg,9,0.3991,0.1218,17090,0,-5.32,17503200,17503200,0,OK,pairs_music340.csv,<ELLE_HB>/peaq/cellrefs_gt_max/anchor_gtr4sg_ref32.f32,<ELLE_HB>/peaq/board_music/board_gtr4sg_gt_max_w9.f32
gt_max,gtr4sg,10,-0.5093,-0.1433,17090,0,-4.48,17503200,17503200,0,OK,pairs_music340.csv,<ELLE_HB>/peaq/cellrefs_gt_max/anchor_gtr4sg_ref32.f32,<ELLE_HB>/peaq/board_music/board_gtr4sg_gt_max_w10.f32
gt_max,gtr4sg,11,-0.3060,-0.1064,17090,0,-10.94,17503200,17503200,0,OK,pairs_music340.csv,<ELLE_HB>/peaq/cellrefs_gt_max/anchor_gtr4sg_ref32.f32,<ELLE_HB>/peaq/board_music/board_gtr4sg_gt_max_w11.f32
gt_max,gtr4sg,12,-0.4071,-0.1155,17090,0,-14.88,17503200,17503200,0,OK,pairs_music340.csv,<ELLE_HB>/peaq/cellrefs_gt_max/anchor_gtr4sg_ref32.f32,<ELLE_HB>/peaq/board_music/board_gtr4sg_gt_max_w12.f32
gt_max,gtr4sg,13,-0.5137,-0.1863,17090,0,-24.87,17503200,17503200,0,OK,pairs_music340.csv,<ELLE_HB>/peaq/cellrefs_gt_max/anchor_gtr4sg_ref32.f32,<ELLE_HB>/peaq/board_music/board_gtr4sg_gt_max_w13.f32
gt_max,gtr4sg,14,-0.5653,-0.2385,17090,0,-30.11,17503200,17503200,0,OK,pairs_music340.csv,<ELLE_HB>/peaq/cellrefs_gt_max/anchor_gtr4sg_ref32.f32,<ELLE_HB>/peaq/board_music/board_gtr4sg_gt_max_w14.f32
gt_max,gtr4sg,15,-0.6704,-0.2474,17090,0,-35.20,17503200,17503200,0,OK,pairs_music340.csv,<ELLE_HB>/peaq/cellrefs_gt_max/anchor_gtr4sg_ref32.f32,<ELLE_HB>/peaq/board_music/board_gtr4sg_gt_max_w15.f32
gt_max,gtr4sg,16,-0.7218,-0.2514,17090,0,-40.97,17503200,17503200,0,OK,pairs_music340.csv,<ELLE_HB>/peaq/cellrefs_gt_max/anchor_gtr4sg_ref32.f32,<ELLE_HB>/peaq/board_music/board_gtr4sg_gt_max_w16.f32
gt_max,gtr4sg,17,-0.8359,-0.3780,17090,0,-47.64,17503200,17503200,0,OK,pairs_music340.csv,<ELLE_HB>/peaq/cellrefs_gt_max/anchor_gtr4sg_ref32.f32,<ELLE_HB>/peaq/board_music/board_gtr4sg_gt_max_w17.f32
gt_max,gtr4sg,18,-0.8999,-0.4583,17090,0,-53.61,17503200,17503200,0,OK,pairs_music340.csv,<ELLE_HB>/peaq/cellrefs_gt_max/anchor_gtr4sg_ref32.f32,<ELLE_HB>/peaq/board_music/board_gtr4sg_gt_max_w18.f32
gt_max,gtr4sg,19,-0.8740,-0.3891,17090,0,-59.65,17503200,17503200,0,OK,pairs_music340.csv,<ELLE_HB>/peaq/cellrefs_gt_max/anchor_gtr4sg_ref32.f32,<ELLE_HB>/peaq/board_music/board_gtr4sg_gt_max_w19.f32
gt_max,gtr4sg,20,-0.8775,-0.3632,17090,0,-65.41,17503200,17503200,0,OK,pairs_music340.csv,<ELLE_HB>/peaq/cellrefs_gt_max/anchor_gtr4sg_ref32.f32,<ELLE_HB>/peaq/board_music/board_gtr4sg_gt_max_w20.f32
gt_max,gtr4sg,21,-0.8917,-0.4382,17090,0,-70.65,17503200,17503200,0,OK,pairs_music340.csv,<ELLE_HB>/peaq/cellrefs_gt_max/anchor_gtr4sg_ref32.f32,<ELLE_HB>/peaq/board_music/board_gtr4sg_gt_max_w21.f32
gt_max,gtr4sg,22,-0.8848,-0.2873,17090,0,-78.97,17503200,17503200,0,OK,pairs_music340.csv,<ELLE_HB>/peaq/cellrefs_gt_max/anchor_gtr4sg_ref32.f32,<ELLE_HB>/peaq/board_music/board_gtr4sg_gt_max_w22.f32
gt_max,gtr4sg,23,-0.8761,-0.3367,17090,0,-79.77,17503200,17503200,0,OK,pairs_music340.csv,<ELLE_HB>/peaq/cellrefs_gt_max/anchor_gtr4sg_ref32.f32,<ELLE_HB>/peaq/board_music/board_gtr4sg_gt_max_w23.f32
gt_max,gtr4sg,24,-0.8800,-0.3324,17090,0,-79.66,17503200,17503200,0,OK,pairs_music340.csv,<ELLE_HB>/peaq/cellrefs_gt_max/anchor_gtr4sg_ref32.f32,<ELLE_HB>/peaq/board_music/board_gtr4sg_gt_max_w24.f32
gt_max,prvtgtr,8,0.0868,0.0338,14794,0,5.32,15151200,15151200,0,OK,pairs_music340.csv,<ELLE_HB>/peaq/cellrefs_gt_max/anchor_prvtgtr_ref32.f32,<ELLE_HB>/peaq/board_music/board_prvtgtr_gt_max_w8.f32
gt_max,prvtgtr,9,0.2272,0.0586,14794,0,-3.95,15151200,15151200,0,OK,pairs_music340.csv,<ELLE_HB>/peaq/cellrefs_gt_max/anchor_prvtgtr_ref32.f32,<ELLE_HB>/peaq/board_music/board_prvtgtr_gt_max_w9.f32
gt_max,prvtgtr,10,-0.3202,-0.0933,14794,0,-4.49,15151200,15151200,0,OK,pairs_music340.csv,<ELLE_HB>/peaq/cellrefs_gt_max/anchor_prvtgtr_ref32.f32,<ELLE_HB>/peaq/board_music/board_prvtgtr_gt_max_w10.f32
gt_max,prvtgtr,11,-0.4309,-0.1600,14794,0,-9.79,15151200,15151200,0,OK,pairs_music340.csv,<ELLE_HB>/peaq/cellrefs_gt_max/anchor_prvtgtr_ref32.f32,<ELLE_HB>/peaq/board_music/board_prvtgtr_gt_max_w11.f32
gt_max,prvtgtr,12,-0.5307,-0.1537,14794,0,-14.51,15151200,15151200,0,OK,pairs_music340.csv,<ELLE_HB>/peaq/cellrefs_gt_max/anchor_prvtgtr_ref32.f32,<ELLE_HB>/peaq/board_music/board_prvtgtr_gt_max_w12.f32
gt_max,prvtgtr,13,-0.5551,-0.2129,14794,0,-23.48,15151200,15151200,0,OK,pairs_music340.csv,<ELLE_HB>/peaq/cellrefs_gt_max/anchor_prvtgtr_ref32.f32,<ELLE_HB>/peaq/board_music/board_prvtgtr_gt_max_w13.f32
gt_max,prvtgtr,14,-0.6510,-0.2498,14794,0,-29.76,15151200,15151200,0,OK,pairs_music340.csv,<ELLE_HB>/peaq/cellrefs_gt_max/anchor_prvtgtr_ref32.f32,<ELLE_HB>/peaq/board_music/board_prvtgtr_gt_max_w14.f32
gt_max,prvtgtr,15,-0.6448,-0.2084,14794,0,-35.89,15151200,15151200,0,OK,pairs_music340.csv,<ELLE_HB>/peaq/cellrefs_gt_max/anchor_prvtgtr_ref32.f32,<ELLE_HB>/peaq/board_music/board_prvtgtr_gt_max_w15.f32
gt_max,prvtgtr,16,-0.6237,-0.1772,14794,0,-42.58,15151200,15151200,0,OK,pairs_music340.csv,<ELLE_HB>/peaq/cellrefs_gt_max/anchor_prvtgtr_ref32.f32,<ELLE_HB>/peaq/board_music/board_prvtgtr_gt_max_w16.f32
gt_max,prvtgtr,17,-0.7777,-0.2878,14794,0,-48.75,15151200,15151200,0,OK,pairs_music340.csv,<ELLE_HB>/peaq/cellrefs_gt_max/anchor_prvtgtr_ref32.f32,<ELLE_HB>/peaq/board_music/board_prvtgtr_gt_max_w17.f32
gt_max,prvtgtr,18,-0.8096,-0.3523,14794,0,-53.96,15151200,15151200,0,OK,pairs_music340.csv,<ELLE_HB>/peaq/cellrefs_gt_max/anchor_prvtgtr_ref32.f32,<ELLE_HB>/peaq/board_music/board_prvtgtr_gt_max_w18.f32
gt_max,prvtgtr,19,-0.7881,-0.3209,14794,0,-59.37,15151200,15151200,0,OK,pairs_music340.csv,<ELLE_HB>/peaq/cellrefs_gt_max/anchor_prvtgtr_ref32.f32,<ELLE_HB>/peaq/board_music/board_prvtgtr_gt_max_w19.f32
gt_max,prvtgtr,20,-0.8341,-0.3459,14794,0,-63.67,15151200,15151200,0,OK,pairs_music340.csv,<ELLE_HB>/peaq/cellrefs_gt_max/anchor_prvtgtr_ref32.f32,<ELLE_HB>/peaq/board_music/board_prvtgtr_gt_max_w20.f32
gt_max,prvtgtr,21,-0.8299,-0.4085,14794,0,-68.04,15151200,15151200,0,OK,pairs_music340.csv,<ELLE_HB>/peaq/cellrefs_gt_max/anchor_prvtgtr_ref32.f32,<ELLE_HB>/peaq/board_music/board_prvtgtr_gt_max_w21.f32
gt_max,prvtgtr,22,-0.8806,-0.3066,14794,0,-77.09,15151200,15151200,0,OK,pairs_music340.csv,<ELLE_HB>/peaq/cellrefs_gt_max/anchor_prvtgtr_ref32.f32,<ELLE_HB>/peaq/board_music/board_prvtgtr_gt_max_w22.f32
gt_max,prvtgtr,23,-0.8668,-0.3393,14794,0,-77.89,15151200,15151200,0,OK,pairs_music340.csv,<ELLE_HB>/peaq/cellrefs_gt_max/anchor_prvtgtr_ref32.f32,<ELLE_HB>/peaq/board_music/board_prvtgtr_gt_max_w23.f32
gt_max,prvtgtr,24,-0.8825,-0.3581,14794,0,-77.20,15151200,15151200,0,OK,pairs_music340.csv,<ELLE_HB>/peaq/cellrefs_gt_max/anchor_prvtgtr_ref32.f32,<ELLE_HB>/peaq/board_music/board_prvtgtr_gt_max_w24.f32
gt_max,ytbass,8,0.2532,0.0963,28387,0,2.84,29071200,29071200,0,OK,pairs_music340.csv,<ELLE_HB>/peaq/cellrefs_gt_max/anchor_ytbass_ref32.f32,<ELLE_HB>/peaq/board_music/board_ytbass_gt_max_w8.f32
gt_max,ytbass,9,0.6325,0.2961,28387,0,-1.43,29071200,29071200,0,OK,pairs_music340.csv,<ELLE_HB>/peaq/cellrefs_gt_max/anchor_ytbass_ref32.f32,<ELLE_HB>/peaq/board_music/board_ytbass_gt_max_w9.f32
gt_max,ytbass,10,-0.3536,-0.1285,28387,0,-2.33,29071200,29071200,0,OK,pairs_music340.csv,<ELLE_HB>/peaq/cellrefs_gt_max/anchor_ytbass_ref32.f32,<ELLE_HB>/peaq/board_music/board_ytbass_gt_max_w10.f32
gt_max,ytbass,11,-0.3481,-0.1916,28387,0,-8.22,29071200,29071200,0,OK,pairs_music340.csv,<ELLE_HB>/peaq/cellrefs_gt_max/anchor_ytbass_ref32.f32,<ELLE_HB>/peaq/board_music/board_ytbass_gt_max_w11.f32
gt_max,ytbass,12,-0.4634,-0.2085,28387,0,-13.37,29071200,29071200,0,OK,pairs_music340.csv,<ELLE_HB>/peaq/cellrefs_gt_max/anchor_ytbass_ref32.f32,<ELLE_HB>/peaq/board_music/board_ytbass_gt_max_w12.f32
gt_max,ytbass,13,-0.4933,-0.3073,28387,0,-21.99,29071200,29071200,0,OK,pairs_music340.csv,<ELLE_HB>/peaq/cellrefs_gt_max/anchor_ytbass_ref32.f32,<ELLE_HB>/peaq/board_music/board_ytbass_gt_max_w13.f32
gt_max,ytbass,14,-0.5857,-0.3905,28387,0,-28.84,29071200,29071200,0,OK,pairs_music340.csv,<ELLE_HB>/peaq/cellrefs_gt_max/anchor_ytbass_ref32.f32,<ELLE_HB>/peaq/board_music/board_ytbass_gt_max_w14.f32
gt_max,ytbass,15,-0.6898,-0.3772,28387,0,-35.41,29071200,29071200,0,OK,pairs_music340.csv,<ELLE_HB>/peaq/cellrefs_gt_max/anchor_ytbass_ref32.f32,<ELLE_HB>/peaq/board_music/board_ytbass_gt_max_w15.f32
gt_max,ytbass,16,-0.7690,-0.3527,28387,0,-42.08,29071200,29071200,0,OK,pairs_music340.csv,<ELLE_HB>/peaq/cellrefs_gt_max/anchor_ytbass_ref32.f32,<ELLE_HB>/peaq/board_music/board_ytbass_gt_max_w16.f32
gt_max,ytbass,17,-0.8027,-0.4343,28387,0,-49.61,29071200,29071200,0,OK,pairs_music340.csv,<ELLE_HB>/peaq/cellrefs_gt_max/anchor_ytbass_ref32.f32,<ELLE_HB>/peaq/board_music/board_ytbass_gt_max_w17.f32
gt_max,ytbass,18,-0.7652,-0.4564,28387,0,-56.35,29071200,29071200,0,OK,pairs_music340.csv,<ELLE_HB>/peaq/cellrefs_gt_max/anchor_ytbass_ref32.f32,<ELLE_HB>/peaq/board_music/board_ytbass_gt_max_w18.f32
gt_max,ytbass,19,-0.8009,-0.4367,28387,0,-62.15,29071200,29071200,0,OK,pairs_music340.csv,<ELLE_HB>/peaq/cellrefs_gt_max/anchor_ytbass_ref32.f32,<ELLE_HB>/peaq/board_music/board_ytbass_gt_max_w19.f32
gt_max,ytbass,20,-0.7989,-0.4038,28387,0,-67.38,29071200,29071200,0,OK,pairs_music340.csv,<ELLE_HB>/peaq/cellrefs_gt_max/anchor_ytbass_ref32.f32,<ELLE_HB>/peaq/board_music/board_ytbass_gt_max_w20.f32
gt_max,ytbass,21,-0.8190,-0.4893,28387,0,-72.13,29071200,29071200,0,OK,pairs_music340.csv,<ELLE_HB>/peaq/cellrefs_gt_max/anchor_ytbass_ref32.f32,<ELLE_HB>/peaq/board_music/board_ytbass_gt_max_w21.f32
gt_max,ytbass,22,-0.8267,-0.3567,28387,0,-79.72,29071200,29071200,0,OK,pairs_music340.csv,<ELLE_HB>/peaq/cellrefs_gt_max/anchor_ytbass_ref32.f32,<ELLE_HB>/peaq/board_music/board_ytbass_gt_max_w22.f32
gt_max,ytbass,23,-0.7783,-0.3754,28387,0,-80.65,29071200,29071200,0,OK,pairs_music340.csv,<ELLE_HB>/peaq/cellrefs_gt_max/anchor_ytbass_ref32.f32,<ELLE_HB>/peaq/board_music/board_ytbass_gt_max_w23.f32
gt_max,ytbass,24,-0.7998,-0.3838,28387,0,-80.48,29071200,29071200,0,OK,pairs_music340.csv,<ELLE_HB>/peaq/cellrefs_gt_max/anchor_ytbass_ref32.f32,<ELLE_HB>/peaq/board_music/board_ytbass_gt_max_w24.f32
gt_mod,nam,8,0.3865,0.0887,8794,0,4.60,9007200,9007200,0,OK,pairs_nam85.csv,<ELLE_HB>/peaq/cellrefs_nam/anchor_nam_ref32_gt_mod.f32,<ELLE_HB>/peaq/board_nam/board_nam_gt_mod_w8.f32
gt_mod,nam,9,0.4431,0.1107,8794,0,0.69,9007200,9007200,0,OK,pairs_nam85.csv,<ELLE_HB>/peaq/cellrefs_nam/anchor_nam_ref32_gt_mod.f32,<ELLE_HB>/peaq/board_nam/board_nam_gt_mod_w9.f32
gt_mod,nam,10,0.2286,0.0666,8794,0,-4.80,9007200,9007200,0,OK,pairs_nam85.csv,<ELLE_HB>/peaq/cellrefs_nam/anchor_nam_ref32_gt_mod.f32,<ELLE_HB>/peaq/board_nam/board_nam_gt_mod_w10.f32
gt_mod,nam,11,0.0626,0.0188,8794,0,-9.82,9007200,9007200,0,OK,pairs_nam85.csv,<ELLE_HB>/peaq/cellrefs_nam/anchor_nam_ref32_gt_mod.f32,<ELLE_HB>/peaq/board_nam/board_nam_gt_mod_w11.f32
gt_mod,nam,12,-0.3212,-0.0781,8794,0,-14.84,9007200,9007200,0,OK,pairs_nam85.csv,<ELLE_HB>/peaq/cellrefs_nam/anchor_nam_ref32_gt_mod.f32,<ELLE_HB>/peaq/board_nam/board_nam_gt_mod_w12.f32
gt_mod,nam,13,-0.3976,-0.1163,8794,0,-20.64,9007200,9007200,0,OK,pairs_nam85.csv,<ELLE_HB>/peaq/cellrefs_nam/anchor_nam_ref32_gt_mod.f32,<ELLE_HB>/peaq/board_nam/board_nam_gt_mod_w13.f32
gt_mod,nam,14,-0.6787,-0.2184,8794,0,-27.68,9007200,9007200,0,OK,pairs_nam85.csv,<ELLE_HB>/peaq/cellrefs_nam/anchor_nam_ref32_gt_mod.f32,<ELLE_HB>/peaq/board_nam/board_nam_gt_mod_w14.f32
gt_mod,nam,15,-0.7263,-0.2414,8794,0,-33.60,9007200,9007200,0,OK,pairs_nam85.csv,<ELLE_HB>/peaq/cellrefs_nam/anchor_nam_ref32_gt_mod.f32,<ELLE_HB>/peaq/board_nam/board_nam_gt_mod_w15.f32
gt_mod,nam,16,-0.8363,-0.2855,8794,0,-40.38,9007200,9007200,0,OK,pairs_nam85.csv,<ELLE_HB>/peaq/cellrefs_nam/anchor_nam_ref32_gt_mod.f32,<ELLE_HB>/peaq/board_nam/board_nam_gt_mod_w16.f32
gt_mod,nam,17,-0.7872,-0.1838,8794,0,-45.88,9007200,9007200,0,OK,pairs_nam85.csv,<ELLE_HB>/peaq/cellrefs_nam/anchor_nam_ref32_gt_mod.f32,<ELLE_HB>/peaq/board_nam/board_nam_gt_mod_w17.f32
gt_mod,nam,18,-0.7650,-0.1744,8794,0,-52.64,9007200,9007200,0,OK,pairs_nam85.csv,<ELLE_HB>/peaq/cellrefs_nam/anchor_nam_ref32_gt_mod.f32,<ELLE_HB>/peaq/board_nam/board_nam_gt_mod_w18.f32
gt_mod,nam,19,-0.7134,-0.1687,8794,0,-58.29,9007200,9007200,0,OK,pairs_nam85.csv,<ELLE_HB>/peaq/cellrefs_nam/anchor_nam_ref32_gt_mod.f32,<ELLE_HB>/peaq/board_nam/board_nam_gt_mod_w19.f32
gt_mod,nam,20,-0.7252,-0.1608,8794,0,-62.39,9007200,9007200,0,OK,pairs_nam85.csv,<ELLE_HB>/peaq/cellrefs_nam/anchor_nam_ref32_gt_mod.f32,<ELLE_HB>/peaq/board_nam/board_nam_gt_mod_w20.f32
gt_mod,nam,21,-0.7323,-0.1760,8794,0,-67.83,9007200,9007200,0,OK,pairs_nam85.csv,<ELLE_HB>/peaq/cellrefs_nam/anchor_nam_ref32_gt_mod.f32,<ELLE_HB>/peaq/board_nam/board_nam_gt_mod_w21.f32
gt_mod,nam,22,-0.6348,-0.1355,8794,0,-77.93,9007200,9007200,0,OK,pairs_nam85.csv,<ELLE_HB>/peaq/cellrefs_nam/anchor_nam_ref32_gt_mod.f32,<ELLE_HB>/peaq/board_nam/board_nam_gt_mod_w22.f32
gt_mod,nam,23,-0.5583,-0.1180,8794,0,-77.66,9007200,9007200,0,OK,pairs_nam85.csv,<ELLE_HB>/peaq/cellrefs_nam/anchor_nam_ref32_gt_mod.f32,<ELLE_HB>/peaq/board_nam/board_nam_gt_mod_w23.f32
gt_mod,nam,24,-0.6075,-0.1322,8794,0,-77.55,9007200,9007200,0,OK,pairs_nam85.csv,<ELLE_HB>/peaq/cellrefs_nam/anchor_nam_ref32_gt_mod.f32,<ELLE_HB>/peaq/board_nam/board_nam_gt_mod_w24.f32
gt_mod,gtr2,8,0.4623,0.1142,20606,0,-3.39,21103200,21103200,0,OK,pairs_music340.csv,<ELLE_HB>/peaq/cellrefs_gt_mod/anchor_gtr2_ref32.f32,<ELLE_HB>/peaq/board_music/board_gtr2_gt_mod_w8.f32
gt_mod,gtr2,9,0.3696,0.1033,20606,0,-3.98,21103200,21103200,0,OK,pairs_music340.csv,<ELLE_HB>/peaq/cellrefs_gt_mod/anchor_gtr2_ref32.f32,<ELLE_HB>/peaq/board_music/board_gtr2_gt_mod_w9.f32
gt_mod,gtr2,10,-0.0590,-0.0180,20606,0,-7.68,21103200,21103200,0,OK,pairs_music340.csv,<ELLE_HB>/peaq/cellrefs_gt_mod/anchor_gtr2_ref32.f32,<ELLE_HB>/peaq/board_music/board_gtr2_gt_mod_w10.f32
gt_mod,gtr2,11,-0.0280,-0.0086,20606,0,-12.21,21103200,21103200,0,OK,pairs_music340.csv,<ELLE_HB>/peaq/cellrefs_gt_mod/anchor_gtr2_ref32.f32,<ELLE_HB>/peaq/board_music/board_gtr2_gt_mod_w11.f32
gt_mod,gtr2,12,-0.1215,-0.0294,20606,0,-18.59,21103200,21103200,0,OK,pairs_music340.csv,<ELLE_HB>/peaq/cellrefs_gt_mod/anchor_gtr2_ref32.f32,<ELLE_HB>/peaq/board_music/board_gtr2_gt_mod_w12.f32
gt_mod,gtr2,13,-0.5148,-0.1555,20606,0,-23.74,21103200,21103200,0,OK,pairs_music340.csv,<ELLE_HB>/peaq/cellrefs_gt_mod/anchor_gtr2_ref32.f32,<ELLE_HB>/peaq/board_music/board_gtr2_gt_mod_w13.f32
gt_mod,gtr2,14,-0.7144,-0.2253,20606,0,-30.85,21103200,21103200,0,OK,pairs_music340.csv,<ELLE_HB>/peaq/cellrefs_gt_mod/anchor_gtr2_ref32.f32,<ELLE_HB>/peaq/board_music/board_gtr2_gt_mod_w14.f32
gt_mod,gtr2,15,-0.8369,-0.2791,20606,0,-36.82,21103200,21103200,0,OK,pairs_music340.csv,<ELLE_HB>/peaq/cellrefs_gt_mod/anchor_gtr2_ref32.f32,<ELLE_HB>/peaq/board_music/board_gtr2_gt_mod_w15.f32
gt_mod,gtr2,16,-0.9018,-0.3169,20606,0,-43.48,21103200,21103200,0,OK,pairs_music340.csv,<ELLE_HB>/peaq/cellrefs_gt_mod/anchor_gtr2_ref32.f32,<ELLE_HB>/peaq/board_music/board_gtr2_gt_mod_w16.f32
gt_mod,gtr2,17,-0.8537,-0.1878,20606,0,-49.39,21103200,21103200,0,OK,pairs_music340.csv,<ELLE_HB>/peaq/cellrefs_gt_mod/anchor_gtr2_ref32.f32,<ELLE_HB>/peaq/board_music/board_gtr2_gt_mod_w17.f32
gt_mod,gtr2,18,-0.8050,-0.1583,20606,0,-56.43,21103200,21103200,0,OK,pairs_music340.csv,<ELLE_HB>/peaq/cellrefs_gt_mod/anchor_gtr2_ref32.f32,<ELLE_HB>/peaq/board_music/board_gtr2_gt_mod_w18.f32
gt_mod,gtr2,19,-0.7739,-0.1452,20606,0,-64.24,21103200,21103200,0,OK,pairs_music340.csv,<ELLE_HB>/peaq/cellrefs_gt_mod/anchor_gtr2_ref32.f32,<ELLE_HB>/peaq/board_music/board_gtr2_gt_mod_w19.f32
gt_mod,gtr2,20,-0.6988,-0.0846,20606,0,-69.21,21103200,21103200,0,OK,pairs_music340.csv,<ELLE_HB>/peaq/cellrefs_gt_mod/anchor_gtr2_ref32.f32,<ELLE_HB>/peaq/board_music/board_gtr2_gt_mod_w20.f32
gt_mod,gtr2,21,-0.7506,-0.0984,20606,0,-76.09,21103200,21103200,0,OK,pairs_music340.csv,<ELLE_HB>/peaq/cellrefs_gt_mod/anchor_gtr2_ref32.f32,<ELLE_HB>/peaq/board_music/board_gtr2_gt_mod_w21.f32
gt_mod,gtr2,22,-0.4347,-0.0316,20606,0,-85.55,21103200,21103200,0,OK,pairs_music340.csv,<ELLE_HB>/peaq/cellrefs_gt_mod/anchor_gtr2_ref32.f32,<ELLE_HB>/peaq/board_music/board_gtr2_gt_mod_w22.f32
gt_mod,gtr2,23,-0.2813,-0.0192,20606,0,-85.34,21103200,21103200,0,OK,pairs_music340.csv,<ELLE_HB>/peaq/cellrefs_gt_mod/anchor_gtr2_ref32.f32,<ELLE_HB>/peaq/board_music/board_gtr2_gt_mod_w23.f32
gt_mod,gtr2,24,-0.4682,-0.0339,20606,0,-85.63,21103200,21103200,0,OK,pairs_music340.csv,<ELLE_HB>/peaq/cellrefs_gt_mod/anchor_gtr2_ref32.f32,<ELLE_HB>/peaq/board_music/board_gtr2_gt_mod_w24.f32
gt_mod,gtr4sg,8,0.3993,0.1018,17090,0,-0.20,17503200,17503200,0,OK,pairs_music340.csv,<ELLE_HB>/peaq/cellrefs_gt_mod/anchor_gtr4sg_ref32.f32,<ELLE_HB>/peaq/board_music/board_gtr4sg_gt_mod_w8.f32
gt_mod,gtr4sg,9,0.5376,0.1447,17090,0,-4.79,17503200,17503200,0,OK,pairs_music340.csv,<ELLE_HB>/peaq/cellrefs_gt_mod/anchor_gtr4sg_ref32.f32,<ELLE_HB>/peaq/board_music/board_gtr4sg_gt_mod_w9.f32
gt_mod,gtr4sg,10,-0.2463,-0.0480,17090,0,-8.85,17503200,17503200,0,OK,pairs_music340.csv,<ELLE_HB>/peaq/cellrefs_gt_mod/anchor_gtr4sg_ref32.f32,<ELLE_HB>/peaq/board_music/board_gtr4sg_gt_mod_w10.f32
gt_mod,gtr4sg,11,0.3815,0.0921,17090,0,-15.94,17503200,17503200,0,OK,pairs_music340.csv,<ELLE_HB>/peaq/cellrefs_gt_mod/anchor_gtr4sg_ref32.f32,<ELLE_HB>/peaq/board_music/board_gtr4sg_gt_mod_w11.f32
gt_mod,gtr4sg,12,0.1510,0.0317,17090,0,-20.96,17503200,17503200,0,OK,pairs_music340.csv,<ELLE_HB>/peaq/cellrefs_gt_mod/anchor_gtr4sg_ref32.f32,<ELLE_HB>/peaq/board_music/board_gtr4sg_gt_mod_w12.f32
gt_mod,gtr4sg,13,0.0169,0.0032,17090,0,-28.66,17503200,17503200,0,OK,pairs_music340.csv,<ELLE_HB>/peaq/cellrefs_gt_mod/anchor_gtr4sg_ref32.f32,<ELLE_HB>/peaq/board_music/board_gtr4sg_gt_mod_w13.f32
gt_mod,gtr4sg,14,-0.4164,-0.0911,17090,0,-35.92,17503200,17503200,0,OK,pairs_music340.csv,<ELLE_HB>/peaq/cellrefs_gt_mod/anchor_gtr4sg_ref32.f32,<ELLE_HB>/peaq/board_music/board_gtr4sg_gt_mod_w14.f32
gt_mod,gtr4sg,15,-0.4598,-0.0984,17090,0,-42.11,17503200,17503200,0,OK,pairs_music340.csv,<ELLE_HB>/peaq/cellrefs_gt_mod/anchor_gtr4sg_ref32.f32,<ELLE_HB>/peaq/board_music/board_gtr4sg_gt_mod_w15.f32
gt_mod,gtr4sg,16,-0.6828,-0.1580,17090,0,-48.75,17503200,17503200,0,OK,pairs_music340.csv,<ELLE_HB>/peaq/cellrefs_gt_mod/anchor_gtr4sg_ref32.f32,<ELLE_HB>/peaq/board_music/board_gtr4sg_gt_mod_w16.f32
gt_mod,gtr4sg,17,-0.6614,-0.0932,17090,0,-53.17,17503200,17503200,0,OK,pairs_music340.csv,<ELLE_HB>/peaq/cellrefs_gt_mod/anchor_gtr4sg_ref32.f32,<ELLE_HB>/peaq/board_music/board_gtr4sg_gt_mod_w17.f32
gt_mod,gtr4sg,18,-0.6711,-0.0941,17090,0,-59.35,17503200,17503200,0,OK,pairs_music340.csv,<ELLE_HB>/peaq/cellrefs_gt_mod/anchor_gtr4sg_ref32.f32,<ELLE_HB>/peaq/board_music/board_gtr4sg_gt_mod_w18.f32
gt_mod,gtr4sg,19,-0.8063,-0.1206,17090,0,-66.57,17503200,17503200,0,OK,pairs_music340.csv,<ELLE_HB>/peaq/cellrefs_gt_mod/anchor_gtr4sg_ref32.f32,<ELLE_HB>/peaq/board_music/board_gtr4sg_gt_mod_w19.f32
gt_mod,gtr4sg,20,-0.7688,-0.0890,17090,0,-70.60,17503200,17503200,0,OK,pairs_music340.csv,<ELLE_HB>/peaq/cellrefs_gt_mod/anchor_gtr4sg_ref32.f32,<ELLE_HB>/peaq/board_music/board_gtr4sg_gt_mod_w20.f32
gt_mod,gtr4sg,21,-0.7505,-0.0966,17090,0,-76.77,17503200,17503200,0,OK,pairs_music340.csv,<ELLE_HB>/peaq/cellrefs_gt_mod/anchor_gtr4sg_ref32.f32,<ELLE_HB>/peaq/board_music/board_gtr4sg_gt_mod_w21.f32
gt_mod,gtr4sg,22,-0.5820,-0.0528,17090,0,-86.77,17503200,17503200,0,OK,pairs_music340.csv,<ELLE_HB>/peaq/cellrefs_gt_mod/anchor_gtr4sg_ref32.f32,<ELLE_HB>/peaq/board_music/board_gtr4sg_gt_mod_w22.f32
gt_mod,gtr4sg,23,-0.4940,-0.0412,17090,0,-86.41,17503200,17503200,0,OK,pairs_music340.csv,<ELLE_HB>/peaq/cellrefs_gt_mod/anchor_gtr4sg_ref32.f32,<ELLE_HB>/peaq/board_music/board_gtr4sg_gt_mod_w23.f32
gt_mod,gtr4sg,24,-0.6018,-0.0563,17090,0,-86.66,17503200,17503200,0,OK,pairs_music340.csv,<ELLE_HB>/peaq/cellrefs_gt_mod/anchor_gtr4sg_ref32.f32,<ELLE_HB>/peaq/board_music/board_gtr4sg_gt_mod_w24.f32
gt_mod,prvtgtr,8,0.1745,0.0566,14794,0,4.21,15151200,15151200,0,OK,pairs_music340.csv,<ELLE_HB>/peaq/cellrefs_gt_mod/anchor_prvtgtr_ref32.f32,<ELLE_HB>/peaq/board_music/board_prvtgtr_gt_mod_w8.f32
gt_mod,prvtgtr,9,0.1421,0.0339,14794,0,-0.17,15151200,15151200,0,OK,pairs_music340.csv,<ELLE_HB>/peaq/cellrefs_gt_mod/anchor_prvtgtr_ref32.f32,<ELLE_HB>/peaq/board_music/board_prvtgtr_gt_mod_w9.f32
gt_mod,prvtgtr,10,0.0983,0.0210,14794,0,-9.19,15151200,15151200,0,OK,pairs_music340.csv,<ELLE_HB>/peaq/cellrefs_gt_mod/anchor_prvtgtr_ref32.f32,<ELLE_HB>/peaq/board_music/board_prvtgtr_gt_mod_w10.f32
gt_mod,prvtgtr,11,0.0352,0.0081,14794,0,-13.53,15151200,15151200,0,OK,pairs_music340.csv,<ELLE_HB>/peaq/cellrefs_gt_mod/anchor_prvtgtr_ref32.f32,<ELLE_HB>/peaq/board_music/board_prvtgtr_gt_mod_w11.f32
gt_mod,prvtgtr,12,0.1508,0.0294,14794,0,-20.17,15151200,15151200,0,OK,pairs_music340.csv,<ELLE_HB>/peaq/cellrefs_gt_mod/anchor_prvtgtr_ref32.f32,<ELLE_HB>/peaq/board_music/board_prvtgtr_gt_mod_w12.f32
gt_mod,prvtgtr,13,-0.3441,-0.0730,14794,0,-26.56,15151200,15151200,0,OK,pairs_music340.csv,<ELLE_HB>/peaq/cellrefs_gt_mod/anchor_prvtgtr_ref32.f32,<ELLE_HB>/peaq/board_music/board_prvtgtr_gt_mod_w13.f32
gt_mod,prvtgtr,14,-0.5537,-0.1259,14794,0,-34.13,15151200,15151200,0,OK,pairs_music340.csv,<ELLE_HB>/peaq/cellrefs_gt_mod/anchor_prvtgtr_ref32.f32,<ELLE_HB>/peaq/board_music/board_prvtgtr_gt_mod_w14.f32
gt_mod,prvtgtr,15,-0.6339,-0.1467,14794,0,-39.17,15151200,15151200,0,OK,pairs_music340.csv,<ELLE_HB>/peaq/cellrefs_gt_mod/anchor_prvtgtr_ref32.f32,<ELLE_HB>/peaq/board_music/board_prvtgtr_gt_mod_w15.f32
gt_mod,prvtgtr,16,-0.8067,-0.2267,14794,0,-43.41,15151200,15151200,0,OK,pairs_music340.csv,<ELLE_HB>/peaq/cellrefs_gt_mod/anchor_prvtgtr_ref32.f32,<ELLE_HB>/peaq/board_music/board_prvtgtr_gt_mod_w16.f32
gt_mod,prvtgtr,17,-0.7801,-0.1683,14794,0,-48.41,15151200,15151200,0,OK,pairs_music340.csv,<ELLE_HB>/peaq/cellrefs_gt_mod/anchor_prvtgtr_ref32.f32,<ELLE_HB>/peaq/board_music/board_prvtgtr_gt_mod_w17.f32
gt_mod,prvtgtr,18,-0.7998,-0.1910,14794,0,-53.09,15151200,15151200,0,OK,pairs_music340.csv,<ELLE_HB>/peaq/cellrefs_gt_mod/anchor_prvtgtr_ref32.f32,<ELLE_HB>/peaq/board_music/board_prvtgtr_gt_mod_w18.f32
gt_mod,prvtgtr,19,-0.7774,-0.2131,14794,0,-58.51,15151200,15151200,0,OK,pairs_music340.csv,<ELLE_HB>/peaq/cellrefs_gt_mod/anchor_prvtgtr_ref32.f32,<ELLE_HB>/peaq/board_music/board_prvtgtr_gt_mod_w19.f32
gt_mod,prvtgtr,20,-0.8472,-0.2150,14794,0,-62.94,15151200,15151200,0,OK,pairs_music340.csv,<ELLE_HB>/peaq/cellrefs_gt_mod/anchor_prvtgtr_ref32.f32,<ELLE_HB>/peaq/board_music/board_prvtgtr_gt_mod_w20.f32
gt_mod,prvtgtr,21,-0.8523,-0.2543,14794,0,-66.96,15151200,15151200,0,OK,pairs_music340.csv,<ELLE_HB>/peaq/cellrefs_gt_mod/anchor_prvtgtr_ref32.f32,<ELLE_HB>/peaq/board_music/board_prvtgtr_gt_mod_w21.f32
gt_mod,prvtgtr,22,-0.8807,-0.2570,14794,0,-76.46,15151200,15151200,0,OK,pairs_music340.csv,<ELLE_HB>/peaq/cellrefs_gt_mod/anchor_prvtgtr_ref32.f32,<ELLE_HB>/peaq/board_music/board_prvtgtr_gt_mod_w22.f32
gt_mod,prvtgtr,23,-0.8698,-0.2441,14794,0,-76.51,15151200,15151200,0,OK,pairs_music340.csv,<ELLE_HB>/peaq/cellrefs_gt_mod/anchor_prvtgtr_ref32.f32,<ELLE_HB>/peaq/board_music/board_prvtgtr_gt_mod_w23.f32
gt_mod,prvtgtr,24,-0.8903,-0.2585,14794,0,-76.59,15151200,15151200,0,OK,pairs_music340.csv,<ELLE_HB>/peaq/cellrefs_gt_mod/anchor_prvtgtr_ref32.f32,<ELLE_HB>/peaq/board_music/board_prvtgtr_gt_mod_w24.f32
gt_mod,ytbass,8,0.1418,0.0444,28387,0,7.88,29071200,29071200,0,OK,pairs_music340.csv,<ELLE_HB>/peaq/cellrefs_gt_mod/anchor_ytbass_ref32.f32,<ELLE_HB>/peaq/board_music/board_ytbass_gt_mod_w8.f32
gt_mod,ytbass,9,0.3284,0.0897,28387,0,1.64,29071200,29071200,0,OK,pairs_music340.csv,<ELLE_HB>/peaq/cellrefs_gt_mod/anchor_ytbass_ref32.f32,<ELLE_HB>/peaq/board_music/board_ytbass_gt_mod_w9.f32
gt_mod,ytbass,10,0.4733,0.1358,28387,0,-6.81,29071200,29071200,0,OK,pairs_music340.csv,<ELLE_HB>/peaq/cellrefs_gt_mod/anchor_ytbass_ref32.f32,<ELLE_HB>/peaq/board_music/board_ytbass_gt_mod_w10.f32
gt_mod,ytbass,11,0.1723,0.0467,28387,0,-11.67,29071200,29071200,0,OK,pairs_music340.csv,<ELLE_HB>/peaq/cellrefs_gt_mod/anchor_ytbass_ref32.f32,<ELLE_HB>/peaq/board_music/board_ytbass_gt_mod_w11.f32
gt_mod,ytbass,12,-0.1643,-0.0439,28387,0,-17.57,29071200,29071200,0,OK,pairs_music340.csv,<ELLE_HB>/peaq/cellrefs_gt_mod/anchor_ytbass_ref32.f32,<ELLE_HB>/peaq/board_music/board_ytbass_gt_mod_w12.f32
gt_mod,ytbass,13,-0.3304,-0.0941,28387,0,-24.91,29071200,29071200,0,OK,pairs_music340.csv,<ELLE_HB>/peaq/cellrefs_gt_mod/anchor_ytbass_ref32.f32,<ELLE_HB>/peaq/board_music/board_ytbass_gt_mod_w13.f32
gt_mod,ytbass,14,-0.5244,-0.1614,28387,0,-32.83,29071200,29071200,0,OK,pairs_music340.csv,<ELLE_HB>/peaq/cellrefs_gt_mod/anchor_ytbass_ref32.f32,<ELLE_HB>/peaq/board_music/board_ytbass_gt_mod_w14.f32
gt_mod,ytbass,15,-0.6482,-0.1951,28387,0,-40.20,29071200,29071200,0,OK,pairs_music340.csv,<ELLE_HB>/peaq/cellrefs_gt_mod/anchor_ytbass_ref32.f32,<ELLE_HB>/peaq/board_music/board_ytbass_gt_mod_w15.f32
gt_mod,ytbass,16,-0.7431,-0.2259,28387,0,-48.19,29071200,29071200,0,OK,pairs_music340.csv,<ELLE_HB>/peaq/cellrefs_gt_mod/anchor_ytbass_ref32.f32,<ELLE_HB>/peaq/board_music/board_ytbass_gt_mod_w16.f32
gt_mod,ytbass,17,-0.6738,-0.1191,28387,0,-53.14,29071200,29071200,0,OK,pairs_music340.csv,<ELLE_HB>/peaq/cellrefs_gt_mod/anchor_ytbass_ref32.f32,<ELLE_HB>/peaq/board_music/board_ytbass_gt_mod_w17.f32
gt_mod,ytbass,18,-0.6197,-0.1034,28387,0,-60.15,29071200,29071200,0,OK,pairs_music340.csv,<ELLE_HB>/peaq/cellrefs_gt_mod/anchor_ytbass_ref32.f32,<ELLE_HB>/peaq/board_music/board_ytbass_gt_mod_w18.f32
gt_mod,ytbass,19,-0.5639,-0.0963,28387,0,-66.50,29071200,29071200,0,OK,pairs_music340.csv,<ELLE_HB>/peaq/cellrefs_gt_mod/anchor_ytbass_ref32.f32,<ELLE_HB>/peaq/board_music/board_ytbass_gt_mod_w19.f32
gt_mod,ytbass,20,-0.4967,-0.0664,28387,0,-70.73,29071200,29071200,0,OK,pairs_music340.csv,<ELLE_HB>/peaq/cellrefs_gt_mod/anchor_ytbass_ref32.f32,<ELLE_HB>/peaq/board_music/board_ytbass_gt_mod_w20.f32
gt_mod,ytbass,21,-0.5146,-0.0767,28387,0,-76.81,29071200,29071200,0,OK,pairs_music340.csv,<ELLE_HB>/peaq/cellrefs_gt_mod/anchor_ytbass_ref32.f32,<ELLE_HB>/peaq/board_music/board_ytbass_gt_mod_w21.f32
gt_mod,ytbass,22,-0.4697,-0.0560,28387,0,-86.63,29071200,29071200,0,OK,pairs_music340.csv,<ELLE_HB>/peaq/cellrefs_gt_mod/anchor_ytbass_ref32.f32,<ELLE_HB>/peaq/board_music/board_ytbass_gt_mod_w22.f32
gt_mod,ytbass,23,-0.1359,-0.0152,28387,0,-85.97,29071200,29071200,0,OK,pairs_music340.csv,<ELLE_HB>/peaq/cellrefs_gt_mod/anchor_ytbass_ref32.f32,<ELLE_HB>/peaq/board_music/board_ytbass_gt_mod_w23.f32
gt_mod,ytbass,24,-0.2823,-0.0346,28387,0,-86.32,29071200,29071200,0,OK,pairs_music340.csv,<ELLE_HB>/peaq/cellrefs_gt_mod/anchor_ytbass_ref32.f32,<ELLE_HB>/peaq/board_music/board_ytbass_gt_mod_w24.f32
fl_max,nam,8,0.8189,0.2974,8794,0,0.76,9007200,9007200,0,OK,pairs_nam85.csv,<ELLE_HB>/peaq/cellrefs_nam/anchor_nam_ref32_fl_max.f32,<ELLE_HB>/peaq/board_nam/board_nam_fl_max_w8.f32
fl_max,nam,9,0.8501,0.3603,8794,0,-0.00,9007200,9007200,0,OK,pairs_nam85.csv,<ELLE_HB>/peaq/cellrefs_nam/anchor_nam_ref32_fl_max.f32,<ELLE_HB>/peaq/board_nam/board_nam_fl_max_w9.f32
fl_max,nam,10,0.8380,0.3352,8794,0,0.15,9007200,9007200,0,OK,pairs_nam85.csv,<ELLE_HB>/peaq/cellrefs_nam/anchor_nam_ref32_fl_max.f32,<ELLE_HB>/peaq/board_nam/board_nam_fl_max_w10.f32
fl_max,nam,11,0.7636,0.2645,8794,0,0.22,9007200,9007200,0,OK,pairs_nam85.csv,<ELLE_HB>/peaq/cellrefs_nam/anchor_nam_ref32_fl_max.f32,<ELLE_HB>/peaq/board_nam/board_nam_fl_max_w11.f32
fl_max,nam,12,0.8458,0.4183,8794,0,-0.02,9007200,9007200,0,OK,pairs_nam85.csv,<ELLE_HB>/peaq/cellrefs_nam/anchor_nam_ref32_fl_max.f32,<ELLE_HB>/peaq/board_nam/board_nam_fl_max_w12.f32
fl_max,nam,13,0.5605,0.2893,8794,0,-0.21,9007200,9007200,0,OK,pairs_nam85.csv,<ELLE_HB>/peaq/cellrefs_nam/anchor_nam_ref32_fl_max.f32,<ELLE_HB>/peaq/board_nam/board_nam_fl_max_w13.f32
fl_max,nam,14,0.1342,0.0601,8794,0,-20.68,9007200,9007200,0,OK,pairs_nam85.csv,<ELLE_HB>/peaq/cellrefs_nam/anchor_nam_ref32_fl_max.f32,<ELLE_HB>/peaq/board_nam/board_nam_fl_max_w14.f32
fl_max,nam,15,0.0393,0.0150,8794,0,-27.69,9007200,9007200,0,OK,pairs_nam85.csv,<ELLE_HB>/peaq/cellrefs_nam/anchor_nam_ref32_fl_max.f32,<ELLE_HB>/peaq/board_nam/board_nam_fl_max_w15.f32
fl_max,nam,16,-0.0527,-0.0226,8794,0,-34.75,9007200,9007200,0,OK,pairs_nam85.csv,<ELLE_HB>/peaq/cellrefs_nam/anchor_nam_ref32_fl_max.f32,<ELLE_HB>/peaq/board_nam/board_nam_fl_max_w16.f32
fl_max,nam,17,-0.0899,-0.0348,8794,0,-39.94,9007200,9007200,0,OK,pairs_nam85.csv,<ELLE_HB>/peaq/cellrefs_nam/anchor_nam_ref32_fl_max.f32,<ELLE_HB>/peaq/board_nam/board_nam_fl_max_w17.f32
fl_max,nam,18,-0.2149,-0.0907,8794,0,-42.59,9007200,9007200,0,OK,pairs_nam85.csv,<ELLE_HB>/peaq/cellrefs_nam/anchor_nam_ref32_fl_max.f32,<ELLE_HB>/peaq/board_nam/board_nam_fl_max_w18.f32
fl_max,nam,19,-0.1640,-0.0794,8794,0,-47.11,9007200,9007200,0,OK,pairs_nam85.csv,<ELLE_HB>/peaq/cellrefs_nam/anchor_nam_ref32_fl_max.f32,<ELLE_HB>/peaq/board_nam/board_nam_fl_max_w19.f32
fl_max,nam,20,-0.1834,-0.0808,8794,0,-47.21,9007200,9007200,0,OK,pairs_nam85.csv,<ELLE_HB>/peaq/cellrefs_nam/anchor_nam_ref32_fl_max.f32,<ELLE_HB>/peaq/board_nam/board_nam_fl_max_w20.f32
fl_max,nam,21,-0.2062,-0.0927,8794,0,-47.82,9007200,9007200,0,OK,pairs_nam85.csv,<ELLE_HB>/peaq/cellrefs_nam/anchor_nam_ref32_fl_max.f32,<ELLE_HB>/peaq/board_nam/board_nam_fl_max_w21.f32
fl_max,nam,22,-0.1449,-0.0511,8794,0,-48.20,9007200,9007200,0,OK,pairs_nam85.csv,<ELLE_HB>/peaq/cellrefs_nam/anchor_nam_ref32_fl_max.f32,<ELLE_HB>/peaq/board_nam/board_nam_fl_max_w22.f32
fl_max,nam,23,-0.2022,-0.0777,8794,0,-47.38,9007200,9007200,0,OK,pairs_nam85.csv,<ELLE_HB>/peaq/cellrefs_nam/anchor_nam_ref32_fl_max.f32,<ELLE_HB>/peaq/board_nam/board_nam_fl_max_w23.f32
fl_max,nam,24,-0.2258,-0.0816,8794,0,-50.18,9007200,9007200,0,OK,pairs_nam85.csv,<ELLE_HB>/peaq/cellrefs_nam/anchor_nam_ref32_fl_max.f32,<ELLE_HB>/peaq/board_nam/board_nam_fl_max_w24.f32
fl_max,gtr2,8,0.8852,0.4703,20606,0,1.50,21103200,21103200,0,OK,pairs_music340.csv,<ELLE_HB>/peaq/cellrefs_fl_max/anchor_gtr2_ref32.f32,<ELLE_HB>/peaq/board_music/board_gtr2_fl_max_w8.f32
fl_max,gtr2,9,0.9041,0.5920,20606,0,0.34,21103200,21103200,0,OK,pairs_music340.csv,<ELLE_HB>/peaq/cellrefs_fl_max/anchor_gtr2_ref32.f32,<ELLE_HB>/peaq/board_music/board_gtr2_fl_max_w9.f32
fl_max,gtr2,10,0.8797,0.4244,20606,0,0.92,21103200,21103200,0,OK,pairs_music340.csv,<ELLE_HB>/peaq/cellrefs_fl_max/anchor_gtr2_ref32.f32,<ELLE_HB>/peaq/board_music/board_gtr2_fl_max_w10.f32
fl_max,gtr2,11,0.9040,0.4952,20606,0,0.57,21103200,21103200,0,OK,pairs_music340.csv,<ELLE_HB>/peaq/cellrefs_fl_max/anchor_gtr2_ref32.f32,<ELLE_HB>/peaq/board_music/board_gtr2_fl_max_w11.f32
fl_max,gtr2,12,0.9275,0.7687,20606,0,0.02,21103200,21103200,0,OK,pairs_music340.csv,<ELLE_HB>/peaq/cellrefs_fl_max/anchor_gtr2_ref32.f32,<ELLE_HB>/peaq/board_music/board_gtr2_fl_max_w12.f32
fl_max,gtr2,13,-0.0326,-0.0275,20606,0,-11.52,21103200,21103200,0,OK,pairs_music340.csv,<ELLE_HB>/peaq/cellrefs_fl_max/anchor_gtr2_ref32.f32,<ELLE_HB>/peaq/board_music/board_gtr2_fl_max_w13.f32
fl_max,gtr2,14,-0.3635,-0.3326,20606,0,-20.60,21103200,21103200,0,OK,pairs_music340.csv,<ELLE_HB>/peaq/cellrefs_fl_max/anchor_gtr2_ref32.f32,<ELLE_HB>/peaq/board_music/board_gtr2_fl_max_w14.f32
fl_max,gtr2,15,-0.6052,-0.4290,20606,0,-27.71,21103200,21103200,0,OK,pairs_music340.csv,<ELLE_HB>/peaq/cellrefs_fl_max/anchor_gtr2_ref32.f32,<ELLE_HB>/peaq/board_music/board_gtr2_fl_max_w15.f32
fl_max,gtr2,16,-0.6247,-0.6028,20606,0,-34.39,21103200,21103200,0,OK,pairs_music340.csv,<ELLE_HB>/peaq/cellrefs_fl_max/anchor_gtr2_ref32.f32,<ELLE_HB>/peaq/board_music/board_gtr2_fl_max_w16.f32
fl_max,gtr2,17,-0.6900,-0.5688,20606,0,-41.04,21103200,21103200,0,OK,pairs_music340.csv,<ELLE_HB>/peaq/cellrefs_fl_max/anchor_gtr2_ref32.f32,<ELLE_HB>/peaq/board_music/board_gtr2_fl_max_w17.f32
fl_max,gtr2,18,-0.6708,-0.6116,20606,0,-47.97,21103200,21103200,0,OK,pairs_music340.csv,<ELLE_HB>/peaq/cellrefs_fl_max/anchor_gtr2_ref32.f32,<ELLE_HB>/peaq/board_music/board_gtr2_fl_max_w18.f32
fl_max,gtr2,19,-0.6201,-0.6136,20606,0,-55.37,21103200,21103200,0,OK,pairs_music340.csv,<ELLE_HB>/peaq/cellrefs_fl_max/anchor_gtr2_ref32.f32,<ELLE_HB>/peaq/board_music/board_gtr2_fl_max_w19.f32
fl_max,gtr2,20,-0.5921,-0.5164,20606,0,-61.56,21103200,21103200,0,OK,pairs_music340.csv,<ELLE_HB>/peaq/cellrefs_fl_max/anchor_gtr2_ref32.f32,<ELLE_HB>/peaq/board_music/board_gtr2_fl_max_w20.f32
fl_max,gtr2,21,-0.6235,-0.5328,20606,0,-63.98,21103200,21103200,0,OK,pairs_music340.csv,<ELLE_HB>/peaq/cellrefs_fl_max/anchor_gtr2_ref32.f32,<ELLE_HB>/peaq/board_music/board_gtr2_fl_max_w21.f32
fl_max,gtr2,22,-0.5324,-0.4452,20606,0,-72.33,21103200,21103200,0,OK,pairs_music340.csv,<ELLE_HB>/peaq/cellrefs_fl_max/anchor_gtr2_ref32.f32,<ELLE_HB>/peaq/board_music/board_gtr2_fl_max_w22.f32
fl_max,gtr2,23,-0.5303,-0.4385,20606,0,-74.43,21103200,21103200,0,OK,pairs_music340.csv,<ELLE_HB>/peaq/cellrefs_fl_max/anchor_gtr2_ref32.f32,<ELLE_HB>/peaq/board_music/board_gtr2_fl_max_w23.f32
fl_max,gtr2,24,-0.5121,-0.4087,20606,0,-75.37,21103200,21103200,0,OK,pairs_music340.csv,<ELLE_HB>/peaq/cellrefs_fl_max/anchor_gtr2_ref32.f32,<ELLE_HB>/peaq/board_music/board_gtr2_fl_max_w24.f32
fl_max,gtr4sg,8,0.8922,0.3842,17090,0,1.10,17503200,17503200,0,OK,pairs_music340.csv,<ELLE_HB>/peaq/cellrefs_fl_max/anchor_gtr4sg_ref32.f32,<ELLE_HB>/peaq/board_music/board_gtr4sg_fl_max_w8.f32
fl_max,gtr4sg,9,0.9661,0.7743,17090,0,-0.05,17503200,17503200,0,OK,pairs_music340.csv,<ELLE_HB>/peaq/cellrefs_fl_max/anchor_gtr4sg_ref32.f32,<ELLE_HB>/peaq/board_music/board_gtr4sg_fl_max_w9.f32
fl_max,gtr4sg,10,0.9163,0.4961,17090,0,0.25,17503200,17503200,0,OK,pairs_music340.csv,<ELLE_HB>/peaq/cellrefs_fl_max/anchor_gtr4sg_ref32.f32,<ELLE_HB>/peaq/board_music/board_gtr4sg_fl_max_w10.f32
fl_max,gtr4sg,11,0.8900,0.3912,17090,0,0.32,17503200,17503200,0,OK,pairs_music340.csv,<ELLE_HB>/peaq/cellrefs_fl_max/anchor_gtr4sg_ref32.f32,<ELLE_HB>/peaq/board_music/board_gtr4sg_fl_max_w11.f32
fl_max,gtr4sg,12,0.9380,0.6108,17090,0,0.10,17503200,17503200,0,OK,pairs_music340.csv,<ELLE_HB>/peaq/cellrefs_fl_max/anchor_gtr4sg_ref32.f32,<ELLE_HB>/peaq/board_music/board_gtr4sg_fl_max_w12.f32
fl_max,gtr4sg,13,0.5078,0.4226,17090,0,-0.95,17503200,17503200,0,OK,pairs_music340.csv,<ELLE_HB>/peaq/cellrefs_fl_max/anchor_gtr4sg_ref32.f32,<ELLE_HB>/peaq/board_music/board_gtr4sg_fl_max_w13.f32
fl_max,gtr4sg,14,0.0147,0.0074,17090,0,-22.52,17503200,17503200,0,OK,pairs_music340.csv,<ELLE_HB>/peaq/cellrefs_fl_max/anchor_gtr4sg_ref32.f32,<ELLE_HB>/peaq/board_music/board_gtr4sg_fl_max_w14.f32
fl_max,gtr4sg,15,-0.2414,-0.0970,17090,0,-29.02,17503200,17503200,0,OK,pairs_music340.csv,<ELLE_HB>/peaq/cellrefs_fl_max/anchor_gtr4sg_ref32.f32,<ELLE_HB>/peaq/board_music/board_gtr4sg_fl_max_w15.f32
fl_max,gtr4sg,16,-0.3684,-0.1940,17090,0,-35.87,17503200,17503200,0,OK,pairs_music340.csv,<ELLE_HB>/peaq/cellrefs_fl_max/anchor_gtr4sg_ref32.f32,<ELLE_HB>/peaq/board_music/board_gtr4sg_fl_max_w16.f32
fl_max,gtr4sg,17,-0.4527,-0.2128,17090,0,-42.10,17503200,17503200,0,OK,pairs_music340.csv,<ELLE_HB>/peaq/cellrefs_fl_max/anchor_gtr4sg_ref32.f32,<ELLE_HB>/peaq/board_music/board_gtr4sg_fl_max_w17.f32
fl_max,gtr4sg,18,-0.5130,-0.2824,17090,0,-47.84,17503200,17503200,0,OK,pairs_music340.csv,<ELLE_HB>/peaq/cellrefs_fl_max/anchor_gtr4sg_ref32.f32,<ELLE_HB>/peaq/board_music/board_gtr4sg_fl_max_w18.f32
fl_max,gtr4sg,19,-0.5308,-0.2982,17090,0,-55.36,17503200,17503200,0,OK,pairs_music340.csv,<ELLE_HB>/peaq/cellrefs_fl_max/anchor_gtr4sg_ref32.f32,<ELLE_HB>/peaq/board_music/board_gtr4sg_fl_max_w19.f32
fl_max,gtr4sg,20,-0.5226,-0.2481,17090,0,-61.90,17503200,17503200,0,OK,pairs_music340.csv,<ELLE_HB>/peaq/cellrefs_fl_max/anchor_gtr4sg_ref32.f32,<ELLE_HB>/peaq/board_music/board_gtr4sg_fl_max_w20.f32
fl_max,gtr4sg,21,-0.5890,-0.2808,17090,0,-67.52,17503200,17503200,0,OK,pairs_music340.csv,<ELLE_HB>/peaq/cellrefs_fl_max/anchor_gtr4sg_ref32.f32,<ELLE_HB>/peaq/board_music/board_gtr4sg_fl_max_w21.f32
fl_max,gtr4sg,22,-0.3871,-0.1725,17090,0,-72.85,17503200,17503200,0,OK,pairs_music340.csv,<ELLE_HB>/peaq/cellrefs_fl_max/anchor_gtr4sg_ref32.f32,<ELLE_HB>/peaq/board_music/board_gtr4sg_fl_max_w22.f32
fl_max,gtr4sg,23,-0.4449,-0.1943,17090,0,-75.64,17503200,17503200,0,OK,pairs_music340.csv,<ELLE_HB>/peaq/cellrefs_fl_max/anchor_gtr4sg_ref32.f32,<ELLE_HB>/peaq/board_music/board_gtr4sg_fl_max_w23.f32
fl_max,gtr4sg,24,-0.4099,-0.1665,17090,0,-76.46,17503200,17503200,0,OK,pairs_music340.csv,<ELLE_HB>/peaq/cellrefs_fl_max/anchor_gtr4sg_ref32.f32,<ELLE_HB>/peaq/board_music/board_gtr4sg_fl_max_w24.f32
fl_max,prvtgtr,8,0.8720,0.1252,14794,0,1.71,15151200,15151200,0,OK,pairs_music340.csv,<ELLE_HB>/peaq/cellrefs_fl_max/anchor_prvtgtr_ref32.f32,<ELLE_HB>/peaq/board_music/board_prvtgtr_fl_max_w8.f32
fl_max,prvtgtr,9,0.9524,0.5085,14794,0,-0.07,15151200,15151200,0,OK,pairs_music340.csv,<ELLE_HB>/peaq/cellrefs_fl_max/anchor_prvtgtr_ref32.f32,<ELLE_HB>/peaq/board_music/board_prvtgtr_fl_max_w9.f32
fl_max,prvtgtr,10,0.9277,0.3025,14794,0,0.27,15151200,15151200,0,OK,pairs_music340.csv,<ELLE_HB>/peaq/cellrefs_fl_max/anchor_prvtgtr_ref32.f32,<ELLE_HB>/peaq/board_music/board_prvtgtr_fl_max_w10.f32
fl_max,prvtgtr,11,0.9291,0.2203,14794,0,0.33,15151200,15151200,0,OK,pairs_music340.csv,<ELLE_HB>/peaq/cellrefs_fl_max/anchor_prvtgtr_ref32.f32,<ELLE_HB>/peaq/board_music/board_prvtgtr_fl_max_w11.f32
fl_max,prvtgtr,12,0.9662,0.3774,14794,0,0.09,15151200,15151200,0,OK,pairs_music340.csv,<ELLE_HB>/peaq/cellrefs_fl_max/anchor_prvtgtr_ref32.f32,<ELLE_HB>/peaq/board_music/board_prvtgtr_fl_max_w12.f32
fl_max,prvtgtr,13,0.3116,0.1471,14794,0,-5.99,15151200,15151200,0,OK,pairs_music340.csv,<ELLE_HB>/peaq/cellrefs_fl_max/anchor_prvtgtr_ref32.f32,<ELLE_HB>/peaq/board_music/board_prvtgtr_fl_max_w13.f32
fl_max,prvtgtr,14,0.3214,0.0940,14794,0,-22.37,15151200,15151200,0,OK,pairs_music340.csv,<ELLE_HB>/peaq/cellrefs_fl_max/anchor_prvtgtr_ref32.f32,<ELLE_HB>/peaq/board_music/board_prvtgtr_fl_max_w14.f32
fl_max,prvtgtr,15,0.2734,0.0576,14794,0,-30.35,15151200,15151200,0,OK,pairs_music340.csv,<ELLE_HB>/peaq/cellrefs_fl_max/anchor_prvtgtr_ref32.f32,<ELLE_HB>/peaq/board_music/board_prvtgtr_fl_max_w15.f32
fl_max,prvtgtr,16,0.1422,0.0336,14794,0,-38.55,15151200,15151200,0,OK,pairs_music340.csv,<ELLE_HB>/peaq/cellrefs_fl_max/anchor_prvtgtr_ref32.f32,<ELLE_HB>/peaq/board_music/board_prvtgtr_fl_max_w16.f32
fl_max,prvtgtr,17,0.1240,0.0260,14794,0,-44.78,15151200,15151200,0,OK,pairs_music340.csv,<ELLE_HB>/peaq/cellrefs_fl_max/anchor_prvtgtr_ref32.f32,<ELLE_HB>/peaq/board_music/board_prvtgtr_fl_max_w17.f32
fl_max,prvtgtr,18,-0.1551,-0.0403,14794,0,-49.77,15151200,15151200,0,OK,pairs_music340.csv,<ELLE_HB>/peaq/cellrefs_fl_max/anchor_prvtgtr_ref32.f32,<ELLE_HB>/peaq/board_music/board_prvtgtr_fl_max_w18.f32
fl_max,prvtgtr,19,-0.2413,-0.0670,14794,0,-56.34,15151200,15151200,0,OK,pairs_music340.csv,<ELLE_HB>/peaq/cellrefs_fl_max/anchor_prvtgtr_ref32.f32,<ELLE_HB>/peaq/board_music/board_prvtgtr_fl_max_w19.f32
fl_max,prvtgtr,20,-0.1407,-0.0338,14794,0,-62.89,15151200,15151200,0,OK,pairs_music340.csv,<ELLE_HB>/peaq/cellrefs_fl_max/anchor_prvtgtr_ref32.f32,<ELLE_HB>/peaq/board_music/board_prvtgtr_fl_max_w20.f32
fl_max,prvtgtr,21,-0.3351,-0.0841,14794,0,-67.41,15151200,15151200,0,OK,pairs_music340.csv,<ELLE_HB>/peaq/cellrefs_fl_max/anchor_prvtgtr_ref32.f32,<ELLE_HB>/peaq/board_music/board_prvtgtr_fl_max_w21.f32
fl_max,prvtgtr,22,-0.1000,-0.0226,14794,0,-74.38,15151200,15151200,0,OK,pairs_music340.csv,<ELLE_HB>/peaq/cellrefs_fl_max/anchor_prvtgtr_ref32.f32,<ELLE_HB>/peaq/board_music/board_prvtgtr_fl_max_w22.f32
fl_max,prvtgtr,23,-0.2457,-0.0576,14794,0,-76.37,15151200,15151200,0,OK,pairs_music340.csv,<ELLE_HB>/peaq/cellrefs_fl_max/anchor_prvtgtr_ref32.f32,<ELLE_HB>/peaq/board_music/board_prvtgtr_fl_max_w23.f32
fl_max,prvtgtr,24,-0.2679,-0.0619,14794,0,-76.77,15151200,15151200,0,OK,pairs_music340.csv,<ELLE_HB>/peaq/cellrefs_fl_max/anchor_prvtgtr_ref32.f32,<ELLE_HB>/peaq/board_music/board_prvtgtr_fl_max_w24.f32
fl_max,ytbass,8,0.8021,0.3235,28387,0,1.23,29071200,29071200,0,OK,pairs_music340.csv,<ELLE_HB>/peaq/cellrefs_fl_max/anchor_ytbass_ref32.f32,<ELLE_HB>/peaq/board_music/board_ytbass_fl_max_w8.f32
fl_max,ytbass,9,0.8928,0.5672,28387,0,-0.08,29071200,29071200,0,OK,pairs_music340.csv,<ELLE_HB>/peaq/cellrefs_fl_max/anchor_ytbass_ref32.f32,<ELLE_HB>/peaq/board_music/board_ytbass_fl_max_w9.f32
fl_max,ytbass,10,0.8426,0.4333,28387,0,0.25,29071200,29071200,0,OK,pairs_music340.csv,<ELLE_HB>/peaq/cellrefs_fl_max/anchor_ytbass_ref32.f32,<ELLE_HB>/peaq/board_music/board_ytbass_fl_max_w10.f32
fl_max,ytbass,11,0.8021,0.3432,28387,0,0.33,29071200,29071200,0,OK,pairs_music340.csv,<ELLE_HB>/peaq/cellrefs_fl_max/anchor_ytbass_ref32.f32,<ELLE_HB>/peaq/board_music/board_ytbass_fl_max_w11.f32
fl_max,ytbass,12,0.9142,0.5457,28387,0,0.10,29071200,29071200,0,OK,pairs_music340.csv,<ELLE_HB>/peaq/cellrefs_fl_max/anchor_ytbass_ref32.f32,<ELLE_HB>/peaq/board_music/board_ytbass_fl_max_w12.f32
fl_max,ytbass,13,0.7034,0.4309,28387,0,0.10,29071200,29071200,0,OK,pairs_music340.csv,<ELLE_HB>/peaq/cellrefs_fl_max/anchor_ytbass_ref32.f32,<ELLE_HB>/peaq/board_music/board_ytbass_fl_max_w13.f32
fl_max,ytbass,14,-0.0157,-0.0175,28387,0,-17.24,29071200,29071200,0,OK,pairs_music340.csv,<ELLE_HB>/peaq/cellrefs_fl_max/anchor_ytbass_ref32.f32,<ELLE_HB>/peaq/board_music/board_ytbass_fl_max_w14.f32
fl_max,ytbass,15,-0.0874,-0.0769,28387,0,-25.51,29071200,29071200,0,OK,pairs_music340.csv,<ELLE_HB>/peaq/cellrefs_fl_max/anchor_ytbass_ref32.f32,<ELLE_HB>/peaq/board_music/board_ytbass_fl_max_w15.f32
fl_max,ytbass,16,-0.1521,-0.1507,28387,0,-32.36,29071200,29071200,0,OK,pairs_music340.csv,<ELLE_HB>/peaq/cellrefs_fl_max/anchor_ytbass_ref32.f32,<ELLE_HB>/peaq/board_music/board_ytbass_fl_max_w16.f32
fl_max,ytbass,17,-0.1717,-0.1556,28387,0,-39.29,29071200,29071200,0,OK,pairs_music340.csv,<ELLE_HB>/peaq/cellrefs_fl_max/anchor_ytbass_ref32.f32,<ELLE_HB>/peaq/board_music/board_ytbass_fl_max_w17.f32
fl_max,ytbass,18,-0.2029,-0.2169,28387,0,-43.31,29071200,29071200,0,OK,pairs_music340.csv,<ELLE_HB>/peaq/cellrefs_fl_max/anchor_ytbass_ref32.f32,<ELLE_HB>/peaq/board_music/board_ytbass_fl_max_w18.f32
fl_max,ytbass,19,-0.2103,-0.2436,28387,0,-49.26,29071200,29071200,0,OK,pairs_music340.csv,<ELLE_HB>/peaq/cellrefs_fl_max/anchor_ytbass_ref32.f32,<ELLE_HB>/peaq/board_music/board_ytbass_fl_max_w19.f32
fl_max,ytbass,20,-0.1975,-0.1949,28387,0,-56.77,29071200,29071200,0,OK,pairs_music340.csv,<ELLE_HB>/peaq/cellrefs_fl_max/anchor_ytbass_ref32.f32,<ELLE_HB>/peaq/board_music/board_ytbass_fl_max_w20.f32
fl_max,ytbass,21,-0.2344,-0.2358,28387,0,-60.21,29071200,29071200,0,OK,pairs_music340.csv,<ELLE_HB>/peaq/cellrefs_fl_max/anchor_ytbass_ref32.f32,<ELLE_HB>/peaq/board_music/board_ytbass_fl_max_w21.f32
fl_max,ytbass,22,-0.0720,-0.0551,28387,0,-72.42,29071200,29071200,0,OK,pairs_music340.csv,<ELLE_HB>/peaq/cellrefs_fl_max/anchor_ytbass_ref32.f32,<ELLE_HB>/peaq/board_music/board_ytbass_fl_max_w22.f32
fl_max,ytbass,23,-0.1730,-0.1382,28387,0,-74.05,29071200,29071200,0,OK,pairs_music340.csv,<ELLE_HB>/peaq/cellrefs_fl_max/anchor_ytbass_ref32.f32,<ELLE_HB>/peaq/board_music/board_ytbass_fl_max_w23.f32
fl_max,ytbass,24,-0.1631,-0.1256,28387,0,-74.58,29071200,29071200,0,OK,pairs_music340.csv,<ELLE_HB>/peaq/cellrefs_fl_max/anchor_ytbass_ref32.f32,<ELLE_HB>/peaq/board_music/board_ytbass_fl_max_w24.f32
fl_mod,nam,8,0.4129,0.0332,8794,0,8.51,9007200,9007200,0,OK,pairs_nam85.csv,<ELLE_HB>/peaq/cellrefs_nam/anchor_nam_ref32_fl_mod.f32,<ELLE_HB>/peaq/board_nam/board_nam_fl_mod_w8.f32
fl_mod,nam,9,0.7260,0.1114,8794,0,2.37,9007200,9007200,0,OK,pairs_nam85.csv,<ELLE_HB>/peaq/cellrefs_nam/anchor_nam_ref32_fl_mod.f32,<ELLE_HB>/peaq/board_nam/board_nam_fl_mod_w9.f32
fl_mod,nam,10,0.8668,0.3774,8794,0,0.22,9007200,9007200,0,OK,pairs_nam85.csv,<ELLE_HB>/peaq/cellrefs_nam/anchor_nam_ref32_fl_mod.f32,<ELLE_HB>/peaq/board_nam/board_nam_fl_mod_w10.f32
fl_mod,nam,11,0.8623,0.3873,8794,0,0.13,9007200,9007200,0,OK,pairs_nam85.csv,<ELLE_HB>/peaq/cellrefs_nam/anchor_nam_ref32_fl_mod.f32,<ELLE_HB>/peaq/board_nam/board_nam_fl_mod_w11.f32
fl_mod,nam,12,0.9356,0.6654,8794,0,0.02,9007200,9007200,0,OK,pairs_nam85.csv,<ELLE_HB>/peaq/cellrefs_nam/anchor_nam_ref32_fl_mod.f32,<ELLE_HB>/peaq/board_nam/board_nam_fl_mod_w12.f32
fl_mod,nam,13,0.8955,0.5293,8794,0,-0.03,9007200,9007200,0,OK,pairs_nam85.csv,<ELLE_HB>/peaq/cellrefs_nam/anchor_nam_ref32_fl_mod.f32,<ELLE_HB>/peaq/board_nam/board_nam_fl_mod_w13.f32
fl_mod,nam,14,0.1604,0.0916,8794,0,-14.56,9007200,9007200,0,OK,pairs_nam85.csv,<ELLE_HB>/peaq/cellrefs_nam/anchor_nam_ref32_fl_mod.f32,<ELLE_HB>/peaq/board_nam/board_nam_fl_mod_w14.f32
fl_mod,nam,15,-0.0617,-0.0232,8794,0,-27.05,9007200,9007200,0,OK,pairs_nam85.csv,<ELLE_HB>/peaq/cellrefs_nam/anchor_nam_ref32_fl_mod.f32,<ELLE_HB>/peaq/board_nam/board_nam_fl_mod_w15.f32
fl_mod,nam,16,-0.0313,-0.0116,8794,0,-36.79,9007200,9007200,0,OK,pairs_nam85.csv,<ELLE_HB>/peaq/cellrefs_nam/anchor_nam_ref32_fl_mod.f32,<ELLE_HB>/peaq/board_nam/board_nam_fl_mod_w16.f32
fl_mod,nam,17,-0.1417,-0.0573,8794,0,-42.77,9007200,9007200,0,OK,pairs_nam85.csv,<ELLE_HB>/peaq/cellrefs_nam/anchor_nam_ref32_fl_mod.f32,<ELLE_HB>/peaq/board_nam/board_nam_fl_mod_w17.f32
fl_mod,nam,18,-0.3277,-0.1308,8794,0,-50.62,9007200,9007200,0,OK,pairs_nam85.csv,<ELLE_HB>/peaq/cellrefs_nam/anchor_nam_ref32_fl_mod.f32,<ELLE_HB>/peaq/board_nam/board_nam_fl_mod_w18.f32
fl_mod,nam,19,-0.4027,-0.1426,8794,0,-56.98,9007200,9007200,0,OK,pairs_nam85.csv,<ELLE_HB>/peaq/cellrefs_nam/anchor_nam_ref32_fl_mod.f32,<ELLE_HB>/peaq/board_nam/board_nam_fl_mod_w19.f32
fl_mod,nam,20,-0.2793,-0.1042,8794,0,-60.92,9007200,9007200,0,OK,pairs_nam85.csv,<ELLE_HB>/peaq/cellrefs_nam/anchor_nam_ref32_fl_mod.f32,<ELLE_HB>/peaq/board_nam/board_nam_fl_mod_w20.f32
fl_mod,nam,21,-0.3924,-0.1102,8794,0,-64.45,9007200,9007200,0,OK,pairs_nam85.csv,<ELLE_HB>/peaq/cellrefs_nam/anchor_nam_ref32_fl_mod.f32,<ELLE_HB>/peaq/board_nam/board_nam_fl_mod_w21.f32
fl_mod,nam,22,-0.3609,-0.1039,8794,0,-75.00,9007200,9007200,0,OK,pairs_nam85.csv,<ELLE_HB>/peaq/cellrefs_nam/anchor_nam_ref32_fl_mod.f32,<ELLE_HB>/peaq/board_nam/board_nam_fl_mod_w22.f32
fl_mod,nam,23,-0.3635,-0.1061,8794,0,-76.74,9007200,9007200,0,OK,pairs_nam85.csv,<ELLE_HB>/peaq/cellrefs_nam/anchor_nam_ref32_fl_mod.f32,<ELLE_HB>/peaq/board_nam/board_nam_fl_mod_w23.f32
fl_mod,nam,24,-0.2986,-0.0736,8794,0,-77.09,9007200,9007200,0,OK,pairs_nam85.csv,<ELLE_HB>/peaq/cellrefs_nam/anchor_nam_ref32_fl_mod.f32,<ELLE_HB>/peaq/board_nam/board_nam_fl_mod_w24.f32
fl_mod,gtr2,8,0.7589,0.0542,20606,0,7.04,21103200,21103200,0,OK,pairs_music340.csv,<ELLE_HB>/peaq/cellrefs_fl_mod/anchor_gtr2_ref32.f32,<ELLE_HB>/peaq/board_music/board_gtr2_fl_mod_w8.f32
fl_mod,gtr2,9,0.8626,0.1460,20606,0,3.09,21103200,21103200,0,OK,pairs_music340.csv,<ELLE_HB>/peaq/cellrefs_fl_mod/anchor_gtr2_ref32.f32,<ELLE_HB>/peaq/board_music/board_gtr2_fl_mod_w9.f32
fl_mod,gtr2,10,0.9603,0.6516,20606,0,0.08,21103200,21103200,0,OK,pairs_music340.csv,<ELLE_HB>/peaq/cellrefs_fl_mod/anchor_gtr2_ref32.f32,<ELLE_HB>/peaq/board_music/board_gtr2_fl_mod_w10.f32
fl_mod,gtr2,11,0.9403,0.5826,20606,0,0.20,21103200,21103200,0,OK,pairs_music340.csv,<ELLE_HB>/peaq/cellrefs_fl_mod/anchor_gtr2_ref32.f32,<ELLE_HB>/peaq/board_music/board_gtr2_fl_mod_w11.f32
fl_mod,gtr2,12,0.9690,0.7938,20606,0,0.02,21103200,21103200,0,OK,pairs_music340.csv,<ELLE_HB>/peaq/cellrefs_fl_mod/anchor_gtr2_ref32.f32,<ELLE_HB>/peaq/board_music/board_gtr2_fl_mod_w12.f32
fl_mod,gtr2,13,0.1371,0.0987,20606,0,-12.11,21103200,21103200,0,OK,pairs_music340.csv,<ELLE_HB>/peaq/cellrefs_fl_mod/anchor_gtr2_ref32.f32,<ELLE_HB>/peaq/board_music/board_gtr2_fl_mod_w13.f32
fl_mod,gtr2,14,-0.0526,-0.0273,20606,0,-21.28,21103200,21103200,0,OK,pairs_music340.csv,<ELLE_HB>/peaq/cellrefs_fl_mod/anchor_gtr2_ref32.f32,<ELLE_HB>/peaq/board_music/board_gtr2_fl_mod_w14.f32
fl_mod,gtr2,15,-0.2845,-0.1208,20606,0,-29.49,21103200,21103200,0,OK,pairs_music340.csv,<ELLE_HB>/peaq/cellrefs_fl_mod/anchor_gtr2_ref32.f32,<ELLE_HB>/peaq/board_music/board_gtr2_fl_mod_w15.f32
fl_mod,gtr2,16,-0.4915,-0.2320,20606,0,-36.93,21103200,21103200,0,OK,pairs_music340.csv,<ELLE_HB>/peaq/cellrefs_fl_mod/anchor_gtr2_ref32.f32,<ELLE_HB>/peaq/board_music/board_gtr2_fl_mod_w16.f32
fl_mod,gtr2,17,-0.6686,-0.3394,20606,0,-43.79,21103200,21103200,0,OK,pairs_music340.csv,<ELLE_HB>/peaq/cellrefs_fl_mod/anchor_gtr2_ref32.f32,<ELLE_HB>/peaq/board_music/board_gtr2_fl_mod_w17.f32
fl_mod,gtr2,18,-0.7379,-0.4401,20606,0,-50.71,21103200,21103200,0,OK,pairs_music340.csv,<ELLE_HB>/peaq/cellrefs_fl_mod/anchor_gtr2_ref32.f32,<ELLE_HB>/peaq/board_music/board_gtr2_fl_mod_w18.f32
fl_mod,gtr2,19,-0.7818,-0.4146,20606,0,-57.78,21103200,21103200,0,OK,pairs_music340.csv,<ELLE_HB>/peaq/cellrefs_fl_mod/anchor_gtr2_ref32.f32,<ELLE_HB>/peaq/board_music/board_gtr2_fl_mod_w19.f32
fl_mod,gtr2,20,-0.7096,-0.3837,20606,0,-64.22,21103200,21103200,0,OK,pairs_music340.csv,<ELLE_HB>/peaq/cellrefs_fl_mod/anchor_gtr2_ref32.f32,<ELLE_HB>/peaq/board_music/board_gtr2_fl_mod_w20.f32
fl_mod,gtr2,21,-0.7719,-0.2918,20606,0,-70.18,21103200,21103200,0,OK,pairs_music340.csv,<ELLE_HB>/peaq/cellrefs_fl_mod/anchor_gtr2_ref32.f32,<ELLE_HB>/peaq/board_music/board_gtr2_fl_mod_w21.f32
fl_mod,gtr2,22,-0.6837,-0.3149,20606,0,-76.85,21103200,21103200,0,OK,pairs_music340.csv,<ELLE_HB>/peaq/cellrefs_fl_mod/anchor_gtr2_ref32.f32,<ELLE_HB>/peaq/board_music/board_gtr2_fl_mod_w22.f32
fl_mod,gtr2,23,-0.5990,-0.2518,20606,0,-79.38,21103200,21103200,0,OK,pairs_music340.csv,<ELLE_HB>/peaq/cellrefs_fl_mod/anchor_gtr2_ref32.f32,<ELLE_HB>/peaq/board_music/board_gtr2_fl_mod_w23.f32
fl_mod,gtr2,24,-0.5765,-0.2075,20606,0,-80.49,21103200,21103200,0,OK,pairs_music340.csv,<ELLE_HB>/peaq/cellrefs_fl_mod/anchor_gtr2_ref32.f32,<ELLE_HB>/peaq/board_music/board_gtr2_fl_mod_w24.f32
fl_mod,gtr4sg,8,0.7219,0.0364,17090,0,7.20,17503200,17503200,0,OK,pairs_music340.csv,<ELLE_HB>/peaq/cellrefs_fl_mod/anchor_gtr4sg_ref32.f32,<ELLE_HB>/peaq/board_music/board_gtr4sg_fl_mod_w8.f32
fl_mod,gtr4sg,9,0.8481,0.1164,17090,0,2.39,17503200,17503200,0,OK,pairs_music340.csv,<ELLE_HB>/peaq/cellrefs_fl_mod/anchor_gtr4sg_ref32.f32,<ELLE_HB>/peaq/board_music/board_gtr4sg_fl_mod_w9.f32
fl_mod,gtr4sg,10,0.9189,0.3734,17090,0,0.27,17503200,17503200,0,OK,pairs_music340.csv,<ELLE_HB>/peaq/cellrefs_fl_mod/anchor_gtr4sg_ref32.f32,<ELLE_HB>/peaq/board_music/board_gtr4sg_fl_mod_w10.f32
fl_mod,gtr4sg,11,0.9457,0.5041,17090,0,0.12,17503200,17503200,0,OK,pairs_music340.csv,<ELLE_HB>/peaq/cellrefs_fl_mod/anchor_gtr4sg_ref32.f32,<ELLE_HB>/peaq/board_music/board_gtr4sg_fl_mod_w11.f32
fl_mod,gtr4sg,12,0.9558,0.5895,17090,0,0.10,17503200,17503200,0,OK,pairs_music340.csv,<ELLE_HB>/peaq/cellrefs_fl_mod/anchor_gtr4sg_ref32.f32,<ELLE_HB>/peaq/board_music/board_gtr4sg_fl_mod_w12.f32
fl_mod,gtr4sg,13,0.9473,0.6088,17090,0,-0.02,17503200,17503200,0,OK,pairs_music340.csv,<ELLE_HB>/peaq/cellrefs_fl_mod/anchor_gtr4sg_ref32.f32,<ELLE_HB>/peaq/board_music/board_gtr4sg_fl_mod_w13.f32
fl_mod,gtr4sg,14,0.2918,0.2338,17090,0,-8.70,17503200,17503200,0,OK,pairs_music340.csv,<ELLE_HB>/peaq/cellrefs_fl_mod/anchor_gtr4sg_ref32.f32,<ELLE_HB>/peaq/board_music/board_gtr4sg_fl_mod_w14.f32
fl_mod,gtr4sg,15,0.0992,0.0429,17090,0,-26.80,17503200,17503200,0,OK,pairs_music340.csv,<ELLE_HB>/peaq/cellrefs_fl_mod/anchor_gtr4sg_ref32.f32,<ELLE_HB>/peaq/board_music/board_gtr4sg_fl_mod_w15.f32
fl_mod,gtr4sg,16,-0.1387,-0.0498,17090,0,-36.95,17503200,17503200,0,OK,pairs_music340.csv,<ELLE_HB>/peaq/cellrefs_fl_mod/anchor_gtr4sg_ref32.f32,<ELLE_HB>/peaq/board_music/board_gtr4sg_fl_mod_w16.f32
fl_mod,gtr4sg,17,-0.3491,-0.1180,17090,0,-45.05,17503200,17503200,0,OK,pairs_music340.csv,<ELLE_HB>/peaq/cellrefs_fl_mod/anchor_gtr4sg_ref32.f32,<ELLE_HB>/peaq/board_music/board_gtr4sg_fl_mod_w17.f32
fl_mod,gtr4sg,18,-0.4829,-0.1844,17090,0,-52.41,17503200,17503200,0,OK,pairs_music340.csv,<ELLE_HB>/peaq/cellrefs_fl_mod/anchor_gtr4sg_ref32.f32,<ELLE_HB>/peaq/board_music/board_gtr4sg_fl_mod_w18.f32
fl_mod,gtr4sg,19,-0.6059,-0.2086,17090,0,-59.28,17503200,17503200,0,OK,pairs_music340.csv,<ELLE_HB>/peaq/cellrefs_fl_mod/anchor_gtr4sg_ref32.f32,<ELLE_HB>/peaq/board_music/board_gtr4sg_fl_mod_w19.f32
fl_mod,gtr4sg,20,-0.6131,-0.2289,17090,0,-64.73,17503200,17503200,0,OK,pairs_music340.csv,<ELLE_HB>/peaq/cellrefs_fl_mod/anchor_gtr4sg_ref32.f32,<ELLE_HB>/peaq/board_music/board_gtr4sg_fl_mod_w20.f32
fl_mod,gtr4sg,21,-0.6231,-0.1645,17090,0,-70.69,17503200,17503200,0,OK,pairs_music340.csv,<ELLE_HB>/peaq/cellrefs_fl_mod/anchor_gtr4sg_ref32.f32,<ELLE_HB>/peaq/board_music/board_gtr4sg_fl_mod_w21.f32
fl_mod,gtr4sg,22,-0.5866,-0.1732,17090,0,-77.67,17503200,17503200,0,OK,pairs_music340.csv,<ELLE_HB>/peaq/cellrefs_fl_mod/anchor_gtr4sg_ref32.f32,<ELLE_HB>/peaq/board_music/board_gtr4sg_fl_mod_w22.f32
fl_mod,gtr4sg,23,-0.4624,-0.1419,17090,0,-79.18,17503200,17503200,0,OK,pairs_music340.csv,<ELLE_HB>/peaq/cellrefs_fl_mod/anchor_gtr4sg_ref32.f32,<ELLE_HB>/peaq/board_music/board_gtr4sg_fl_mod_w23.f32
fl_mod,gtr4sg,24,-0.4441,-0.1104,17090,0,-80.28,17503200,17503200,0,OK,pairs_music340.csv,<ELLE_HB>/peaq/cellrefs_fl_mod/anchor_gtr4sg_ref32.f32,<ELLE_HB>/peaq/board_music/board_gtr4sg_fl_mod_w24.f32
fl_mod,prvtgtr,8,0.5133,0.0196,14794,0,6.82,15151200,15151200,0,OK,pairs_music340.csv,<ELLE_HB>/peaq/cellrefs_fl_mod/anchor_prvtgtr_ref32.f32,<ELLE_HB>/peaq/board_music/board_prvtgtr_fl_mod_w8.f32
fl_mod,prvtgtr,9,0.8641,0.0766,14794,0,2.21,15151200,15151200,0,OK,pairs_music340.csv,<ELLE_HB>/peaq/cellrefs_fl_mod/anchor_prvtgtr_ref32.f32,<ELLE_HB>/peaq/board_music/board_prvtgtr_fl_mod_w9.f32
fl_mod,prvtgtr,10,0.9562,0.2656,14794,0,0.21,15151200,15151200,0,OK,pairs_music340.csv,<ELLE_HB>/peaq/cellrefs_fl_mod/anchor_prvtgtr_ref32.f32,<ELLE_HB>/peaq/board_music/board_prvtgtr_fl_mod_w10.f32
fl_mod,prvtgtr,11,0.9652,0.3207,14794,0,0.12,15151200,15151200,0,OK,pairs_music340.csv,<ELLE_HB>/peaq/cellrefs_fl_mod/anchor_prvtgtr_ref32.f32,<ELLE_HB>/peaq/board_music/board_prvtgtr_fl_mod_w11.f32
fl_mod,prvtgtr,12,0.9743,0.4814,14794,0,0.07,15151200,15151200,0,OK,pairs_music340.csv,<ELLE_HB>/peaq/cellrefs_fl_mod/anchor_prvtgtr_ref32.f32,<ELLE_HB>/peaq/board_music/board_prvtgtr_fl_mod_w12.f32
fl_mod,prvtgtr,13,0.9710,0.4272,14794,0,-0.05,15151200,15151200,0,OK,pairs_music340.csv,<ELLE_HB>/peaq/cellrefs_fl_mod/anchor_prvtgtr_ref32.f32,<ELLE_HB>/peaq/board_music/board_prvtgtr_fl_mod_w13.f32
fl_mod,prvtgtr,14,0.2400,0.1430,14794,0,-8.74,15151200,15151200,0,OK,pairs_music340.csv,<ELLE_HB>/peaq/cellrefs_fl_mod/anchor_prvtgtr_ref32.f32,<ELLE_HB>/peaq/board_music/board_prvtgtr_fl_mod_w14.f32
fl_mod,prvtgtr,15,0.2141,0.0680,14794,0,-26.89,15151200,15151200,0,OK,pairs_music340.csv,<ELLE_HB>/peaq/cellrefs_fl_mod/anchor_prvtgtr_ref32.f32,<ELLE_HB>/peaq/board_music/board_prvtgtr_fl_mod_w15.f32
fl_mod,prvtgtr,16,0.2969,0.0776,14794,0,-38.22,15151200,15151200,0,OK,pairs_music340.csv,<ELLE_HB>/peaq/cellrefs_fl_mod/anchor_prvtgtr_ref32.f32,<ELLE_HB>/peaq/board_music/board_prvtgtr_fl_mod_w16.f32
fl_mod,prvtgtr,17,0.0526,0.0120,14794,0,-45.50,15151200,15151200,0,OK,pairs_music340.csv,<ELLE_HB>/peaq/cellrefs_fl_mod/anchor_prvtgtr_ref32.f32,<ELLE_HB>/peaq/board_music/board_prvtgtr_fl_mod_w17.f32
fl_mod,prvtgtr,18,-0.0638,-0.0139,14794,0,-54.40,15151200,15151200,0,OK,pairs_music340.csv,<ELLE_HB>/peaq/cellrefs_fl_mod/anchor_prvtgtr_ref32.f32,<ELLE_HB>/peaq/board_music/board_prvtgtr_fl_mod_w18.f32
fl_mod,prvtgtr,19,-0.1619,-0.0296,14794,0,-61.75,15151200,15151200,0,OK,pairs_music340.csv,<ELLE_HB>/peaq/cellrefs_fl_mod/anchor_prvtgtr_ref32.f32,<ELLE_HB>/peaq/board_music/board_prvtgtr_fl_mod_w19.f32
fl_mod,prvtgtr,20,-0.4154,-0.0914,14794,0,-66.73,15151200,15151200,0,OK,pairs_music340.csv,<ELLE_HB>/peaq/cellrefs_fl_mod/anchor_prvtgtr_ref32.f32,<ELLE_HB>/peaq/board_music/board_prvtgtr_fl_mod_w20.f32
fl_mod,prvtgtr,21,-0.1308,-0.0203,14794,0,-72.55,15151200,15151200,0,OK,pairs_music340.csv,<ELLE_HB>/peaq/cellrefs_fl_mod/anchor_prvtgtr_ref32.f32,<ELLE_HB>/peaq/board_music/board_prvtgtr_fl_mod_w21.f32
fl_mod,prvtgtr,22,-0.2679,-0.0452,14794,0,-79.21,15151200,15151200,0,OK,pairs_music340.csv,<ELLE_HB>/peaq/cellrefs_fl_mod/anchor_prvtgtr_ref32.f32,<ELLE_HB>/peaq/board_music/board_prvtgtr_fl_mod_w22.f32
fl_mod,prvtgtr,23,-0.3436,-0.0730,14794,0,-79.64,15151200,15151200,0,OK,pairs_music340.csv,<ELLE_HB>/peaq/cellrefs_fl_mod/anchor_prvtgtr_ref32.f32,<ELLE_HB>/peaq/board_music/board_prvtgtr_fl_mod_w23.f32
fl_mod,prvtgtr,24,-0.3914,-0.0737,14794,0,-80.15,15151200,15151200,0,OK,pairs_music340.csv,<ELLE_HB>/peaq/cellrefs_fl_mod/anchor_prvtgtr_ref32.f32,<ELLE_HB>/peaq/board_music/board_prvtgtr_fl_mod_w24.f32
fl_mod,ytbass,8,0.3398,0.0452,28387,0,8.42,29071200,29071200,0,OK,pairs_music340.csv,<ELLE_HB>/peaq/cellrefs_fl_mod/anchor_ytbass_ref32.f32,<ELLE_HB>/peaq/board_music/board_ytbass_fl_mod_w8.f32
fl_mod,ytbass,9,0.7246,0.1302,28387,0,2.58,29071200,29071200,0,OK,pairs_music340.csv,<ELLE_HB>/peaq/cellrefs_fl_mod/anchor_ytbass_ref32.f32,<ELLE_HB>/peaq/board_music/board_ytbass_fl_mod_w9.f32
fl_mod,ytbass,10,0.8750,0.4416,28387,0,0.24,29071200,29071200,0,OK,pairs_music340.csv,<ELLE_HB>/peaq/cellrefs_fl_mod/anchor_ytbass_ref32.f32,<ELLE_HB>/peaq/board_music/board_ytbass_fl_mod_w10.f32
fl_mod,ytbass,11,0.8899,0.4896,28387,0,0.14,29071200,29071200,0,OK,pairs_music340.csv,<ELLE_HB>/peaq/cellrefs_fl_mod/anchor_ytbass_ref32.f32,<ELLE_HB>/peaq/board_music/board_ytbass_fl_mod_w11.f32
fl_mod,ytbass,12,0.9396,0.7014,28387,0,0.06,29071200,29071200,0,OK,pairs_music340.csv,<ELLE_HB>/peaq/cellrefs_fl_mod/anchor_ytbass_ref32.f32,<ELLE_HB>/peaq/board_music/board_ytbass_fl_mod_w12.f32
fl_mod,ytbass,13,0.9195,0.6320,28387,0,-0.05,29071200,29071200,0,OK,pairs_music340.csv,<ELLE_HB>/peaq/cellrefs_fl_mod/anchor_ytbass_ref32.f32,<ELLE_HB>/peaq/board_music/board_ytbass_fl_mod_w13.f32
fl_mod,ytbass,14,0.1308,0.2199,28387,0,-6.34,29071200,29071200,0,OK,pairs_music340.csv,<ELLE_HB>/peaq/cellrefs_fl_mod/anchor_ytbass_ref32.f32,<ELLE_HB>/peaq/board_music/board_ytbass_fl_mod_w14.f32
fl_mod,ytbass,15,0.0061,0.0067,28387,0,-19.70,29071200,29071200,0,OK,pairs_music340.csv,<ELLE_HB>/peaq/cellrefs_fl_mod/anchor_ytbass_ref32.f32,<ELLE_HB>/peaq/board_music/board_ytbass_fl_mod_w15.f32
fl_mod,ytbass,16,-0.1040,-0.0885,28387,0,-32.64,29071200,29071200,0,OK,pairs_music340.csv,<ELLE_HB>/peaq/cellrefs_fl_mod/anchor_ytbass_ref32.f32,<ELLE_HB>/peaq/board_music/board_ytbass_fl_mod_w16.f32
fl_mod,ytbass,17,-0.1647,-0.1500,28387,0,-38.36,29071200,29071200,0,OK,pairs_music340.csv,<ELLE_HB>/peaq/cellrefs_fl_mod/anchor_ytbass_ref32.f32,<ELLE_HB>/peaq/board_music/board_ytbass_fl_mod_w17.f32
fl_mod,ytbass,18,-0.1953,-0.1688,28387,0,-47.81,29071200,29071200,0,OK,pairs_music340.csv,<ELLE_HB>/peaq/cellrefs_fl_mod/anchor_ytbass_ref32.f32,<ELLE_HB>/peaq/board_music/board_ytbass_fl_mod_w18.f32
fl_mod,ytbass,19,-0.2362,-0.1742,28387,0,-55.62,29071200,29071200,0,OK,pairs_music340.csv,<ELLE_HB>/peaq/cellrefs_fl_mod/anchor_ytbass_ref32.f32,<ELLE_HB>/peaq/board_music/board_ytbass_fl_mod_w19.f32
fl_mod,ytbass,20,-0.2834,-0.2048,28387,0,-62.60,29071200,29071200,0,OK,pairs_music340.csv,<ELLE_HB>/peaq/cellrefs_fl_mod/anchor_ytbass_ref32.f32,<ELLE_HB>/peaq/board_music/board_ytbass_fl_mod_w20.f32
fl_mod,ytbass,21,-0.3306,-0.1601,28387,0,-70.17,29071200,29071200,0,OK,pairs_music340.csv,<ELLE_HB>/peaq/cellrefs_fl_mod/anchor_ytbass_ref32.f32,<ELLE_HB>/peaq/board_music/board_ytbass_fl_mod_w21.f32
fl_mod,ytbass,22,-0.2340,-0.1362,28387,0,-75.12,29071200,29071200,0,OK,pairs_music340.csv,<ELLE_HB>/peaq/cellrefs_fl_mod/anchor_ytbass_ref32.f32,<ELLE_HB>/peaq/board_music/board_ytbass_fl_mod_w22.f32
fl_mod,ytbass,23,-0.2259,-0.1485,28387,0,-75.96,29071200,29071200,0,OK,pairs_music340.csv,<ELLE_HB>/peaq/cellrefs_fl_mod/anchor_ytbass_ref32.f32,<ELLE_HB>/peaq/board_music/board_ytbass_fl_mod_w23.f32
fl_mod,ytbass,24,-0.1873,-0.1060,28387,0,-76.79,29071200,29071200,0,OK,pairs_music340.csv,<ELLE_HB>/peaq/cellrefs_fl_mod/anchor_ytbass_ref32.f32,<ELLE_HB>/peaq/board_music/board_ytbass_fl_mod_w24.f32
