sentinel,BUILD-MATRICES-REV2-20260910
input,bytes,md5
board_music_esr.csv,13687,15933EF54E97EA231873EB4F7A8EB397
board_music_nmr.csv,24583,2D08084C6C4590455D64636521769C5B
nmr_results.csv,6354,E01371B907BA02F1A4112D3E7168BEC2
xcell_nmr_tranche1B.csv,26216,47CCA019ABB667EE82F656617061F30B
board_nam_metrics.csv,6850,F6368AE660A9239ED7DD151630D5D8C2
peaq_fleet_REV3.csv,32374,D0A7849ECB312C88194FDEC512A1D5BF
output,bytes,md5
esr_matrix.csv,4258,E54711C479632DF5DA10D4DCC4F7E3F9
nmr_matrix.csv,4967,DC975DA313DF28AD89C9442505FFD415
odg_matrix.csv,4328,DF3237D33937A465FE794AA173FF0DE1
esr_510.csv,12746,7E3AB6F1CF7DE74E4001D713B678F0F4
nmr_510.csv,13412,81BC7B7865081127301059CA55E7A24C
odg_510.csv,12883,BA4CD48F3ED848D08002E020C573842F
