"BUILD-MATRICES-REV2-20260910 ESR (dB) float-ref, cell x width per source, verbatim from board_music_esr.csv 15933EF54E97EA231873EB4F7A8EB397 + board_nam_metrics.csv F6368AE660A9239ED7DD151630D5D8C2"

source: gtr2
cell,w8,w9,w10,w11,w12,w13,w14,w15,w16,w17,w18,w19,w20,w21,w22,w23,w24
rodent_max,2.83,0.79,1.54,-0.82,-1.29,-3.34,-10.63,-15.94,-22.90,-29.90,-37.17,-44.72,-52.14,-57.82,-67.78,-68.12,-68.73
rodent_mod,1.55,2.70,2.63,3.85,-4.18,-12.68,-21.48,-27.39,-36.05,-43.41,-51.50,-58.04,-64.11,-68.85,-75.21,-76.43,-77.11
gt_max,3.34,-3.78,-2.15,-7.61,-11.64,-20.46,-26.59,-32.16,-38.02,-45.13,-52.38,-58.93,-64.80,-69.61,-77.07,-77.71,-77.58
gt_mod,-3.39,-3.98,-7.68,-12.21,-18.59,-23.74,-30.85,-36.82,-43.48,-49.39,-56.43,-64.24,-69.21,-76.09,-85.55,-85.34,-85.63
fl_max,1.50,0.34,0.92,0.57,0.02,-11.52,-20.60,-27.71,-34.39,-41.04,-47.97,-55.37,-61.56,-63.98,-72.33,-74.43,-75.37
fl_mod,7.04,3.09,0.08,0.20,0.02,-12.11,-21.28,-29.49,-36.93,-43.79,-50.71,-57.78,-64.22,-70.18,-76.85,-79.38,-80.49

source: gtr4sg
cell,w8,w9,w10,w11,w12,w13,w14,w15,w16,w17,w18,w19,w20,w21,w22,w23,w24
rodent_max,4.94,1.06,1.08,-0.67,-1.48,-2.80,-13.38,-17.68,-26.37,-33.62,-40.95,-47.62,-53.77,-58.94,-69.22,-69.50,-70.03
rodent_mod,0.91,1.69,2.25,2.74,-3.16,-13.92,-24.35,-31.94,-39.53,-45.92,-53.20,-59.24,-65.34,-69.80,-76.68,-77.85,-78.40
gt_max,2.23,-5.32,-4.48,-10.94,-14.88,-24.87,-30.11,-35.20,-40.97,-47.64,-53.61,-59.65,-65.41,-70.65,-78.97,-79.77,-79.66
gt_mod,-0.20,-4.79,-8.85,-15.94,-20.96,-28.66,-35.92,-42.11,-48.75,-53.17,-59.35,-66.57,-70.60,-76.77,-86.77,-86.41,-86.66
fl_max,1.10,-0.05,0.25,0.32,0.10,-0.95,-22.52,-29.02,-35.87,-42.10,-47.84,-55.36,-61.90,-67.52,-72.85,-75.64,-76.46
fl_mod,7.20,2.39,0.27,0.12,0.10,-0.02,-8.70,-26.80,-36.95,-45.05,-52.41,-59.28,-64.73,-70.69,-77.67,-79.18,-80.28

source: prvtgtr
cell,w8,w9,w10,w11,w12,w13,w14,w15,w16,w17,w18,w19,w20,w21,w22,w23,w24
rodent_max,3.83,0.19,0.42,-1.28,-1.82,-3.77,-12.72,-17.77,-26.74,-34.04,-42.28,-48.88,-55.10,-59.04,-68.16,-67.80,-68.04
rodent_mod,0.42,1.49,2.24,2.62,-5.08,-12.34,-22.82,-28.46,-34.88,-40.37,-45.54,-50.76,-55.46,-60.02,-70.69,-70.65,-70.84
gt_max,5.32,-3.95,-4.49,-9.79,-14.51,-23.48,-29.76,-35.89,-42.58,-48.75,-53.96,-59.37,-63.67,-68.04,-77.09,-77.89,-77.20
gt_mod,4.21,-0.17,-9.19,-13.53,-20.17,-26.56,-34.13,-39.17,-43.41,-48.41,-53.09,-58.51,-62.94,-66.96,-76.46,-76.51,-76.59
fl_max,1.71,-0.07,0.27,0.33,0.09,-5.99,-22.37,-30.35,-38.55,-44.78,-49.77,-56.34,-62.89,-67.41,-74.38,-76.37,-76.77
fl_mod,6.82,2.21,0.21,0.12,0.07,-0.05,-8.74,-26.89,-38.22,-45.50,-54.40,-61.75,-66.73,-72.55,-79.21,-79.64,-80.15

source: ytbass
cell,w8,w9,w10,w11,w12,w13,w14,w15,w16,w17,w18,w19,w20,w21,w22,w23,w24
rodent_max,1.97,-0.00,0.86,-1.30,-1.52,-2.76,-10.34,-15.16,-23.41,-31.79,-40.74,-48.40,-53.95,-58.84,-61.89,-62.01,-64.00
rodent_mod,1.89,2.18,1.96,2.20,-4.70,-11.88,-20.52,-27.34,-36.85,-43.92,-51.47,-57.18,-62.71,-67.24,-74.49,-74.80,-75.50
gt_max,2.84,-1.43,-2.33,-8.22,-13.37,-21.99,-28.84,-35.41,-42.08,-49.61,-56.35,-62.15,-67.38,-72.13,-79.72,-80.65,-80.48
gt_mod,7.88,1.64,-6.81,-11.67,-17.57,-24.91,-32.83,-40.20,-48.19,-53.14,-60.15,-66.50,-70.73,-76.81,-86.63,-85.97,-86.32
fl_max,1.23,-0.08,0.25,0.33,0.10,0.10,-17.24,-25.51,-32.36,-39.29,-43.31,-49.26,-56.77,-60.21,-72.42,-74.05,-74.58
fl_mod,8.42,2.58,0.24,0.14,0.06,-0.05,-6.34,-19.70,-32.64,-38.36,-47.81,-55.62,-62.60,-70.17,-75.12,-75.96,-76.79

source: nam
cell,w8,w9,w10,w11,w12,w13,w14,w15,w16,w17,w18,w19,w20,w21,w22,w23,w24
rodent_max,3.24,0.55,1.30,-1.96,-0.99,-3.06,-10.30,-14.94,-22.58,-30.33,-38.22,-46.15,-53.07,-58.30,-67.78,-67.52,-68.19
rodent_mod,1.23,3.96,3.26,3.48,-6.58,-11.25,-21.26,-27.40,-34.75,-41.12,-47.26,-53.78,-60.34,-62.42,-70.34,-71.24,-70.27
gt_max,7.34,-0.62,-0.23,-5.17,-10.14,-18.32,-24.59,-31.04,-37.49,-44.24,-51.22,-57.22,-62.07,-66.90,-75.45,-76.21,-76.04
gt_mod,4.60,0.69,-4.80,-9.82,-14.84,-20.64,-27.68,-33.60,-40.38,-45.88,-52.64,-58.29,-62.39,-67.83,-77.93,-77.66,-77.55
fl_max,0.76,-0.00,0.15,0.22,-0.02,-0.21,-20.68,-27.69,-34.75,-39.94,-42.59,-47.11,-47.21,-47.82,-48.20,-47.38,-50.18
fl_mod,8.51,2.37,0.22,0.13,0.02,-0.03,-14.56,-27.05,-36.79,-42.77,-50.62,-56.98,-60.92,-64.45,-75.00,-76.74,-77.09

