"BUILD-MATRICES-REV2-20260910 NMR (dB), cell x width per source, verbatim from board_music_nmr.csv 2D08084C6C4590455D64636521769C5B + nmr_results.csv E01371B907BA02F1A4112D3E7168BEC2 + xcell_nmr_tranche1B.csv 47CCA019ABB667EE82F656617061F30B"

source: gtr2
cell,w8,w9,w10,w11,w12,w13,w14,w15,w16,w17,w18,w19,w20,w21,w22,w23,w24
rodent_max,5.8272,8.5558,5.3638,2.2819,3.4644,2.3595,6.3142,3.1341,-2.9792,-8.9650,-14.5552,-19.8968,-25.7767,-31.0582,-37.6417,-39.6182,-40.1792
rodent_mod,17.1928,22.6741,10.3528,4.4907,20.0882,15.2392,10.4249,4.8988,-1.4070,-8.1989,-14.6408,-20.6922,-26.5201,-31.9399,-37.5754,-40.3546,-41.4487
gt_max,27.7848,19.1223,18.8878,15.9240,12.9412,11.7027,7.6558,2.7954,-2.8331,-9.2511,-15.8147,-22.5166,-28.5684,-33.2137,-39.5490,-40.2868,-40.4629
gt_mod,29.6055,22.0260,17.0345,13.1213,8.2881,3.9067,-1.3361,-6.5114,-12.0247,-17.7257,-23.3828,-29.2768,-34.9364,-39.0744,-43.9713,-44.1180,-44.1658
fl_max,3.6068,2.9151,1.5804,-0.2903,0.1306,12.7120,9.9068,4.4407,-1.9933,-8.6468,-15.0584,-20.9962,-26.8399,-32.3930,-37.4796,-40.3905,-41.8054
fl_mod,3.4112,0.2130,-0.5688,-0.5173,1.8532,15.1909,10.6085,4.6795,-1.8445,-8.6571,-14.9613,-20.8707,-26.7734,-32.4910,-38.0340,-41.8526,-43.6237

source: gtr4sg
cell,w8,w9,w10,w11,w12,w13,w14,w15,w16,w17,w18,w19,w20,w21,w22,w23,w24
rodent_max,4.9071,4.5737,-0.0370,-0.1992,-0.1462,9.0972,3.4458,2.2325,-2.8123,-9.5073,-14.5736,-19.3189,-24.5689,-29.1034,-34.4306,-35.3173,-35.9808
rodent_mod,13.8317,18.5360,9.3741,3.4006,16.9940,12.0634,7.2377,1.9612,-3.6232,-9.6642,-15.5122,-21.1335,-26.9024,-32.1392,-37.9193,-40.0169,-40.9540
gt_max,25.3941,16.4268,13.9091,12.9715,9.0260,7.3476,4.0983,0.2325,-4.3692,-9.6877,-15.0025,-20.2766,-26.3167,-30.9890,-38.5862,-39.0462,-39.1704
gt_mod,27.7204,19.7918,14.4094,10.5373,4.6779,-0.0055,-5.3823,-10.5834,-15.6837,-20.5232,-25.3380,-30.5373,-35.6583,-39.6733,-44.9876,-45.1272,-45.1926
fl_max,4.5682,3.3790,3.1520,0.2942,0.2478,10.0974,10.1306,5.5289,-0.5051,-6.7602,-12.4119,-18.8075,-24.7916,-29.9261,-34.3733,-36.3705,-37.4891
fl_mod,1.4367,0.1626,0.1104,0.1622,1.8191,0.6382,7.6305,2.3325,-3.2163,-9.2554,-15.2214,-21.1647,-27.1358,-32.5952,-38.0511,-41.2540,-42.4366

source: prvtgtr
cell,w8,w9,w10,w11,w12,w13,w14,w15,w16,w17,w18,w19,w20,w21,w22,w23,w24
rodent_max,12.2625,8.0052,3.3826,1.0285,5.6902,10.0070,8.1398,4.8113,1.8834,-3.7053,-7.5439,-11.2793,-16.1629,-20.4542,-25.3488,-25.6049,-25.5354
rodent_mod,16.8831,21.4060,14.9837,3.9670,20.3257,14.2608,8.3834,2.3648,-3.8665,-10.1241,-16.2977,-21.8661,-26.8259,-31.0177,-34.9091,-35.3266,-35.4824
gt_max,26.3015,17.1739,16.7731,12.8507,8.6584,5.4394,0.2375,-5.1960,-10.7349,-16.2508,-21.4241,-26.3463,-30.5078,-33.5444,-37.6097,-37.6335,-37.7064
gt_mod,29.1830,22.5586,15.6220,12.0958,6.9069,2.2631,-3.2670,-9.3092,-16.3393,-23.4035,-30.0518,-35.7833,-40.2587,-43.0811,-45.5935,-45.7519,-45.7314
fl_max,7.6865,4.4701,2.6742,-0.0031,-0.1918,15.8233,16.8826,12.3441,6.1601,0.2701,-5.8513,-11.8514,-17.5004,-22.4730,-26.3790,-28.0161,-28.1589
fl_mod,10.2387,1.8819,0.5406,-0.4126,1.6116,0.1822,9.0697,3.6427,-2.3079,-8.3756,-14.3516,-20.1781,-25.5417,-30.3103,-34.0870,-35.2742,-35.4061

source: ytbass
cell,w8,w9,w10,w11,w12,w13,w14,w15,w16,w17,w18,w19,w20,w21,w22,w23,w24
rodent_max,9.3529,11.9421,6.3643,0.8556,-0.5626,2.4692,8.4598,8.3868,3.6534,-1.7372,-7.6530,-13.3238,-18.9857,-24.0694,-30.0099,-32.1292,-32.8412
rodent_mod,16.6423,21.3024,12.2478,7.3833,20.0371,13.9869,8.4255,3.1085,-2.6372,-8.7053,-14.7088,-20.7220,-26.7657,-32.3703,-38.4589,-40.9924,-41.9071
gt_max,29.8662,17.6652,16.1841,12.6372,9.4270,7.3159,2.9929,-2.3605,-8.1271,-13.8036,-19.6581,-25.3360,-30.8952,-35.3283,-42.0340,-42.4930,-42.6422
gt_mod,30.5015,22.8557,17.5982,14.2636,8.9426,4.1581,-1.4986,-7.5334,-13.9083,-20.2540,-26.3815,-32.4600,-37.7392,-41.3465,-44.9126,-45.0625,-45.1089
fl_max,5.8137,3.9224,2.5565,0.5435,0.4295,1.6073,9.6920,5.3682,0.8270,-4.7499,-10.8257,-17.1728,-23.4526,-29.2069,-34.7405,-37.7839,-38.7555
fl_mod,4.9752,1.2423,0.3168,0.2675,2.0833,0.8693,7.4247,2.5363,-2.8150,-8.7346,-14.9720,-21.2887,-27.5187,-33.4869,-39.0721,-42.4728,-43.8195

source: nam
cell,w8,w9,w10,w11,w12,w13,w14,w15,w16,w17,w18,w19,w20,w21,w22,w23,w24
rodent_max,14.2456,6.7580,8.5664,6.2747,5.9043,14.7156,13.6068,9.2312,5.0522,-0.3267,-5.6106,-11.1336,-16.8866,-21.2251,-27.8330,-28.5317,-28.5020
rodent_mod,18.97,22.62,20.34,16.75,22.59,17.52,12.65,6.95,1.1,-4.91,-10.33,-14.44,-23.1,-20.98,-30.51,-32.46,-29.93
gt_max,29.17,17.57,17.73,15.47,13.94,12.39,8.48,3.82,-1.98,-8.28,-14.65,-20.88,-26.54,-30.93,-37.97,-38.28,-38.4
gt_mod,29.72,22.59,16.74,13.13,7.65,2.97,-2.09,-6.97,-12.39,-18.02,-23.66,-29.86,-35.5,-39.54,-44.2,-44.34,-44.39
fl_max,12.71,12.45,21.82,21.94,16.64,15.26,15.87,10.74,5.24,-0.19,-5.29,-10.13,-10.77,-14.65,-14.06,-12.95,-15.2
fl_mod,8.98,6.72,6.25,13.29,18.37,13.41,14.24,8.19,2.43,-3.73,-10.57,-16.39,-22.13,-24.31,-30.82,-36.8,-36.56

