cell,source,width,value
rodent_max,gtr2,8,5.8272
rodent_max,gtr2,9,8.5558
rodent_max,gtr2,10,5.3638
rodent_max,gtr2,11,2.2819
rodent_max,gtr2,12,3.4644
rodent_max,gtr2,13,2.3595
rodent_max,gtr2,14,6.3142
rodent_max,gtr2,15,3.1341
rodent_max,gtr2,16,-2.9792
rodent_max,gtr2,17,-8.9650
rodent_max,gtr2,18,-14.5552
rodent_max,gtr2,19,-19.8968
rodent_max,gtr2,20,-25.7767
rodent_max,gtr2,21,-31.0582
rodent_max,gtr2,22,-37.6417
rodent_max,gtr2,23,-39.6182
rodent_max,gtr2,24,-40.1792
rodent_max,gtr4sg,8,4.9071
rodent_max,gtr4sg,9,4.5737
rodent_max,gtr4sg,10,-0.0370
rodent_max,gtr4sg,11,-0.1992
rodent_max,gtr4sg,12,-0.1462
rodent_max,gtr4sg,13,9.0972
rodent_max,gtr4sg,14,3.4458
rodent_max,gtr4sg,15,2.2325
rodent_max,gtr4sg,16,-2.8123
rodent_max,gtr4sg,17,-9.5073
rodent_max,gtr4sg,18,-14.5736
rodent_max,gtr4sg,19,-19.3189
rodent_max,gtr4sg,20,-24.5689
rodent_max,gtr4sg,21,-29.1034
rodent_max,gtr4sg,22,-34.4306
rodent_max,gtr4sg,23,-35.3173
rodent_max,gtr4sg,24,-35.9808
rodent_max,prvtgtr,8,12.2625
rodent_max,prvtgtr,9,8.0052
rodent_max,prvtgtr,10,3.3826
rodent_max,prvtgtr,11,1.0285
rodent_max,prvtgtr,12,5.6902
rodent_max,prvtgtr,13,10.0070
rodent_max,prvtgtr,14,8.1398
rodent_max,prvtgtr,15,4.8113
rodent_max,prvtgtr,16,1.8834
rodent_max,prvtgtr,17,-3.7053
rodent_max,prvtgtr,18,-7.5439
rodent_max,prvtgtr,19,-11.2793
rodent_max,prvtgtr,20,-16.1629
rodent_max,prvtgtr,21,-20.4542
rodent_max,prvtgtr,22,-25.3488
rodent_max,prvtgtr,23,-25.6049
rodent_max,prvtgtr,24,-25.5354
rodent_max,ytbass,8,9.3529
rodent_max,ytbass,9,11.9421
rodent_max,ytbass,10,6.3643
rodent_max,ytbass,11,0.8556
rodent_max,ytbass,12,-0.5626
rodent_max,ytbass,13,2.4692
rodent_max,ytbass,14,8.4598
rodent_max,ytbass,15,8.3868
rodent_max,ytbass,16,3.6534
rodent_max,ytbass,17,-1.7372
rodent_max,ytbass,18,-7.6530
rodent_max,ytbass,19,-13.3238
rodent_max,ytbass,20,-18.9857
rodent_max,ytbass,21,-24.0694
rodent_max,ytbass,22,-30.0099
rodent_max,ytbass,23,-32.1292
rodent_max,ytbass,24,-32.8412
rodent_max,nam,8,14.2456
rodent_max,nam,9,6.7580
rodent_max,nam,10,8.5664
rodent_max,nam,11,6.2747
rodent_max,nam,12,5.9043
rodent_max,nam,13,14.7156
rodent_max,nam,14,13.6068
rodent_max,nam,15,9.2312
rodent_max,nam,16,5.0522
rodent_max,nam,17,-0.3267
rodent_max,nam,18,-5.6106
rodent_max,nam,19,-11.1336
rodent_max,nam,20,-16.8866
rodent_max,nam,21,-21.2251
rodent_max,nam,22,-27.8330
rodent_max,nam,23,-28.5317
rodent_max,nam,24,-28.5020
rodent_mod,gtr2,8,17.1928
rodent_mod,gtr2,9,22.6741
rodent_mod,gtr2,10,10.3528
rodent_mod,gtr2,11,4.4907
rodent_mod,gtr2,12,20.0882
rodent_mod,gtr2,13,15.2392
rodent_mod,gtr2,14,10.4249
rodent_mod,gtr2,15,4.8988
rodent_mod,gtr2,16,-1.4070
rodent_mod,gtr2,17,-8.1989
rodent_mod,gtr2,18,-14.6408
rodent_mod,gtr2,19,-20.6922
rodent_mod,gtr2,20,-26.5201
rodent_mod,gtr2,21,-31.9399
rodent_mod,gtr2,22,-37.5754
rodent_mod,gtr2,23,-40.3546
rodent_mod,gtr2,24,-41.4487
rodent_mod,gtr4sg,8,13.8317
rodent_mod,gtr4sg,9,18.5360
rodent_mod,gtr4sg,10,9.3741
rodent_mod,gtr4sg,11,3.4006
rodent_mod,gtr4sg,12,16.9940
rodent_mod,gtr4sg,13,12.0634
rodent_mod,gtr4sg,14,7.2377
rodent_mod,gtr4sg,15,1.9612
rodent_mod,gtr4sg,16,-3.6232
rodent_mod,gtr4sg,17,-9.6642
rodent_mod,gtr4sg,18,-15.5122
rodent_mod,gtr4sg,19,-21.1335
rodent_mod,gtr4sg,20,-26.9024
rodent_mod,gtr4sg,21,-32.1392
rodent_mod,gtr4sg,22,-37.9193
rodent_mod,gtr4sg,23,-40.0169
rodent_mod,gtr4sg,24,-40.9540
rodent_mod,prvtgtr,8,16.8831
rodent_mod,prvtgtr,9,21.4060
rodent_mod,prvtgtr,10,14.9837
rodent_mod,prvtgtr,11,3.9670
rodent_mod,prvtgtr,12,20.3257
rodent_mod,prvtgtr,13,14.2608
rodent_mod,prvtgtr,14,8.3834
rodent_mod,prvtgtr,15,2.3648
rodent_mod,prvtgtr,16,-3.8665
rodent_mod,prvtgtr,17,-10.1241
rodent_mod,prvtgtr,18,-16.2977
rodent_mod,prvtgtr,19,-21.8661
rodent_mod,prvtgtr,20,-26.8259
rodent_mod,prvtgtr,21,-31.0177
rodent_mod,prvtgtr,22,-34.9091
rodent_mod,prvtgtr,23,-35.3266
rodent_mod,prvtgtr,24,-35.4824
rodent_mod,ytbass,8,16.6423
rodent_mod,ytbass,9,21.3024
rodent_mod,ytbass,10,12.2478
rodent_mod,ytbass,11,7.3833
rodent_mod,ytbass,12,20.0371
rodent_mod,ytbass,13,13.9869
rodent_mod,ytbass,14,8.4255
rodent_mod,ytbass,15,3.1085
rodent_mod,ytbass,16,-2.6372
rodent_mod,ytbass,17,-8.7053
rodent_mod,ytbass,18,-14.7088
rodent_mod,ytbass,19,-20.7220
rodent_mod,ytbass,20,-26.7657
rodent_mod,ytbass,21,-32.3703
rodent_mod,ytbass,22,-38.4589
rodent_mod,ytbass,23,-40.9924
rodent_mod,ytbass,24,-41.9071
rodent_mod,nam,8,18.97
rodent_mod,nam,9,22.62
rodent_mod,nam,10,20.34
rodent_mod,nam,11,16.75
rodent_mod,nam,12,22.59
rodent_mod,nam,13,17.52
rodent_mod,nam,14,12.65
rodent_mod,nam,15,6.95
rodent_mod,nam,16,1.1
rodent_mod,nam,17,-4.91
rodent_mod,nam,18,-10.33
rodent_mod,nam,19,-14.44
rodent_mod,nam,20,-23.1
rodent_mod,nam,21,-20.98
rodent_mod,nam,22,-30.51
rodent_mod,nam,23,-32.46
rodent_mod,nam,24,-29.93
gt_max,gtr2,8,27.7848
gt_max,gtr2,9,19.1223
gt_max,gtr2,10,18.8878
gt_max,gtr2,11,15.9240
gt_max,gtr2,12,12.9412
gt_max,gtr2,13,11.7027
gt_max,gtr2,14,7.6558
gt_max,gtr2,15,2.7954
gt_max,gtr2,16,-2.8331
gt_max,gtr2,17,-9.2511
gt_max,gtr2,18,-15.8147
gt_max,gtr2,19,-22.5166
gt_max,gtr2,20,-28.5684
gt_max,gtr2,21,-33.2137
gt_max,gtr2,22,-39.5490
gt_max,gtr2,23,-40.2868
gt_max,gtr2,24,-40.4629
gt_max,gtr4sg,8,25.3941
gt_max,gtr4sg,9,16.4268
gt_max,gtr4sg,10,13.9091
gt_max,gtr4sg,11,12.9715
gt_max,gtr4sg,12,9.0260
gt_max,gtr4sg,13,7.3476
gt_max,gtr4sg,14,4.0983
gt_max,gtr4sg,15,0.2325
gt_max,gtr4sg,16,-4.3692
gt_max,gtr4sg,17,-9.6877
gt_max,gtr4sg,18,-15.0025
gt_max,gtr4sg,19,-20.2766
gt_max,gtr4sg,20,-26.3167
gt_max,gtr4sg,21,-30.9890
gt_max,gtr4sg,22,-38.5862
gt_max,gtr4sg,23,-39.0462
gt_max,gtr4sg,24,-39.1704
gt_max,prvtgtr,8,26.3015
gt_max,prvtgtr,9,17.1739
gt_max,prvtgtr,10,16.7731
gt_max,prvtgtr,11,12.8507
gt_max,prvtgtr,12,8.6584
gt_max,prvtgtr,13,5.4394
gt_max,prvtgtr,14,0.2375
gt_max,prvtgtr,15,-5.1960
gt_max,prvtgtr,16,-10.7349
gt_max,prvtgtr,17,-16.2508
gt_max,prvtgtr,18,-21.4241
gt_max,prvtgtr,19,-26.3463
gt_max,prvtgtr,20,-30.5078
gt_max,prvtgtr,21,-33.5444
gt_max,prvtgtr,22,-37.6097
gt_max,prvtgtr,23,-37.6335
gt_max,prvtgtr,24,-37.7064
gt_max,ytbass,8,29.8662
gt_max,ytbass,9,17.6652
gt_max,ytbass,10,16.1841
gt_max,ytbass,11,12.6372
gt_max,ytbass,12,9.4270
gt_max,ytbass,13,7.3159
gt_max,ytbass,14,2.9929
gt_max,ytbass,15,-2.3605
gt_max,ytbass,16,-8.1271
gt_max,ytbass,17,-13.8036
gt_max,ytbass,18,-19.6581
gt_max,ytbass,19,-25.3360
gt_max,ytbass,20,-30.8952
gt_max,ytbass,21,-35.3283
gt_max,ytbass,22,-42.0340
gt_max,ytbass,23,-42.4930
gt_max,ytbass,24,-42.6422
gt_max,nam,8,29.17
gt_max,nam,9,17.57
gt_max,nam,10,17.73
gt_max,nam,11,15.47
gt_max,nam,12,13.94
gt_max,nam,13,12.39
gt_max,nam,14,8.48
gt_max,nam,15,3.82
gt_max,nam,16,-1.98
gt_max,nam,17,-8.28
gt_max,nam,18,-14.65
gt_max,nam,19,-20.88
gt_max,nam,20,-26.54
gt_max,nam,21,-30.93
gt_max,nam,22,-37.97
gt_max,nam,23,-38.28
gt_max,nam,24,-38.4
gt_mod,gtr2,8,29.6055
gt_mod,gtr2,9,22.0260
gt_mod,gtr2,10,17.0345
gt_mod,gtr2,11,13.1213
gt_mod,gtr2,12,8.2881
gt_mod,gtr2,13,3.9067
gt_mod,gtr2,14,-1.3361
gt_mod,gtr2,15,-6.5114
gt_mod,gtr2,16,-12.0247
gt_mod,gtr2,17,-17.7257
gt_mod,gtr2,18,-23.3828
gt_mod,gtr2,19,-29.2768
gt_mod,gtr2,20,-34.9364
gt_mod,gtr2,21,-39.0744
gt_mod,gtr2,22,-43.9713
gt_mod,gtr2,23,-44.1180
gt_mod,gtr2,24,-44.1658
gt_mod,gtr4sg,8,27.7204
gt_mod,gtr4sg,9,19.7918
gt_mod,gtr4sg,10,14.4094
gt_mod,gtr4sg,11,10.5373
gt_mod,gtr4sg,12,4.6779
gt_mod,gtr4sg,13,-0.0055
gt_mod,gtr4sg,14,-5.3823
gt_mod,gtr4sg,15,-10.5834
gt_mod,gtr4sg,16,-15.6837
gt_mod,gtr4sg,17,-20.5232
gt_mod,gtr4sg,18,-25.3380
gt_mod,gtr4sg,19,-30.5373
gt_mod,gtr4sg,20,-35.6583
gt_mod,gtr4sg,21,-39.6733
gt_mod,gtr4sg,22,-44.9876
gt_mod,gtr4sg,23,-45.1272
gt_mod,gtr4sg,24,-45.1926
gt_mod,prvtgtr,8,29.1830
gt_mod,prvtgtr,9,22.5586
gt_mod,prvtgtr,10,15.6220
gt_mod,prvtgtr,11,12.0958
gt_mod,prvtgtr,12,6.9069
gt_mod,prvtgtr,13,2.2631
gt_mod,prvtgtr,14,-3.2670
gt_mod,prvtgtr,15,-9.3092
gt_mod,prvtgtr,16,-16.3393
gt_mod,prvtgtr,17,-23.4035
gt_mod,prvtgtr,18,-30.0518
gt_mod,prvtgtr,19,-35.7833
gt_mod,prvtgtr,20,-40.2587
gt_mod,prvtgtr,21,-43.0811
gt_mod,prvtgtr,22,-45.5935
gt_mod,prvtgtr,23,-45.7519
gt_mod,prvtgtr,24,-45.7314
gt_mod,ytbass,8,30.5015
gt_mod,ytbass,9,22.8557
gt_mod,ytbass,10,17.5982
gt_mod,ytbass,11,14.2636
gt_mod,ytbass,12,8.9426
gt_mod,ytbass,13,4.1581
gt_mod,ytbass,14,-1.4986
gt_mod,ytbass,15,-7.5334
gt_mod,ytbass,16,-13.9083
gt_mod,ytbass,17,-20.2540
gt_mod,ytbass,18,-26.3815
gt_mod,ytbass,19,-32.4600
gt_mod,ytbass,20,-37.7392
gt_mod,ytbass,21,-41.3465
gt_mod,ytbass,22,-44.9126
gt_mod,ytbass,23,-45.0625
gt_mod,ytbass,24,-45.1089
gt_mod,nam,8,29.72
gt_mod,nam,9,22.59
gt_mod,nam,10,16.74
gt_mod,nam,11,13.13
gt_mod,nam,12,7.65
gt_mod,nam,13,2.97
gt_mod,nam,14,-2.09
gt_mod,nam,15,-6.97
gt_mod,nam,16,-12.39
gt_mod,nam,17,-18.02
gt_mod,nam,18,-23.66
gt_mod,nam,19,-29.86
gt_mod,nam,20,-35.5
gt_mod,nam,21,-39.54
gt_mod,nam,22,-44.2
gt_mod,nam,23,-44.34
gt_mod,nam,24,-44.39
fl_max,gtr2,8,3.6068
fl_max,gtr2,9,2.9151
fl_max,gtr2,10,1.5804
fl_max,gtr2,11,-0.2903
fl_max,gtr2,12,0.1306
fl_max,gtr2,13,12.7120
fl_max,gtr2,14,9.9068
fl_max,gtr2,15,4.4407
fl_max,gtr2,16,-1.9933
fl_max,gtr2,17,-8.6468
fl_max,gtr2,18,-15.0584
fl_max,gtr2,19,-20.9962
fl_max,gtr2,20,-26.8399
fl_max,gtr2,21,-32.3930
fl_max,gtr2,22,-37.4796
fl_max,gtr2,23,-40.3905
fl_max,gtr2,24,-41.8054
fl_max,gtr4sg,8,4.5682
fl_max,gtr4sg,9,3.3790
fl_max,gtr4sg,10,3.1520
fl_max,gtr4sg,11,0.2942
fl_max,gtr4sg,12,0.2478
fl_max,gtr4sg,13,10.0974
fl_max,gtr4sg,14,10.1306
fl_max,gtr4sg,15,5.5289
fl_max,gtr4sg,16,-0.5051
fl_max,gtr4sg,17,-6.7602
fl_max,gtr4sg,18,-12.4119
fl_max,gtr4sg,19,-18.8075
fl_max,gtr4sg,20,-24.7916
fl_max,gtr4sg,21,-29.9261
fl_max,gtr4sg,22,-34.3733
fl_max,gtr4sg,23,-36.3705
fl_max,gtr4sg,24,-37.4891
fl_max,prvtgtr,8,7.6865
fl_max,prvtgtr,9,4.4701
fl_max,prvtgtr,10,2.6742
fl_max,prvtgtr,11,-0.0031
fl_max,prvtgtr,12,-0.1918
fl_max,prvtgtr,13,15.8233
fl_max,prvtgtr,14,16.8826
fl_max,prvtgtr,15,12.3441
fl_max,prvtgtr,16,6.1601
fl_max,prvtgtr,17,0.2701
fl_max,prvtgtr,18,-5.8513
fl_max,prvtgtr,19,-11.8514
fl_max,prvtgtr,20,-17.5004
fl_max,prvtgtr,21,-22.4730
fl_max,prvtgtr,22,-26.3790
fl_max,prvtgtr,23,-28.0161
fl_max,prvtgtr,24,-28.1589
fl_max,ytbass,8,5.8137
fl_max,ytbass,9,3.9224
fl_max,ytbass,10,2.5565
fl_max,ytbass,11,0.5435
fl_max,ytbass,12,0.4295
fl_max,ytbass,13,1.6073
fl_max,ytbass,14,9.6920
fl_max,ytbass,15,5.3682
fl_max,ytbass,16,0.8270
fl_max,ytbass,17,-4.7499
fl_max,ytbass,18,-10.8257
fl_max,ytbass,19,-17.1728
fl_max,ytbass,20,-23.4526
fl_max,ytbass,21,-29.2069
fl_max,ytbass,22,-34.7405
fl_max,ytbass,23,-37.7839
fl_max,ytbass,24,-38.7555
fl_max,nam,8,12.71
fl_max,nam,9,12.45
fl_max,nam,10,21.82
fl_max,nam,11,21.94
fl_max,nam,12,16.64
fl_max,nam,13,15.26
fl_max,nam,14,15.87
fl_max,nam,15,10.74
fl_max,nam,16,5.24
fl_max,nam,17,-0.19
fl_max,nam,18,-5.29
fl_max,nam,19,-10.13
fl_max,nam,20,-10.77
fl_max,nam,21,-14.65
fl_max,nam,22,-14.06
fl_max,nam,23,-12.95
fl_max,nam,24,-15.2
fl_mod,gtr2,8,3.4112
fl_mod,gtr2,9,0.2130
fl_mod,gtr2,10,-0.5688
fl_mod,gtr2,11,-0.5173
fl_mod,gtr2,12,1.8532
fl_mod,gtr2,13,15.1909
fl_mod,gtr2,14,10.6085
fl_mod,gtr2,15,4.6795
fl_mod,gtr2,16,-1.8445
fl_mod,gtr2,17,-8.6571
fl_mod,gtr2,18,-14.9613
fl_mod,gtr2,19,-20.8707
fl_mod,gtr2,20,-26.7734
fl_mod,gtr2,21,-32.4910
fl_mod,gtr2,22,-38.0340
fl_mod,gtr2,23,-41.8526
fl_mod,gtr2,24,-43.6237
fl_mod,gtr4sg,8,1.4367
fl_mod,gtr4sg,9,0.1626
fl_mod,gtr4sg,10,0.1104
fl_mod,gtr4sg,11,0.1622
fl_mod,gtr4sg,12,1.8191
fl_mod,gtr4sg,13,0.6382
fl_mod,gtr4sg,14,7.6305
fl_mod,gtr4sg,15,2.3325
fl_mod,gtr4sg,16,-3.2163
fl_mod,gtr4sg,17,-9.2554
fl_mod,gtr4sg,18,-15.2214
fl_mod,gtr4sg,19,-21.1647
fl_mod,gtr4sg,20,-27.1358
fl_mod,gtr4sg,21,-32.5952
fl_mod,gtr4sg,22,-38.0511
fl_mod,gtr4sg,23,-41.2540
fl_mod,gtr4sg,24,-42.4366
fl_mod,prvtgtr,8,10.2387
fl_mod,prvtgtr,9,1.8819
fl_mod,prvtgtr,10,0.5406
fl_mod,prvtgtr,11,-0.4126
fl_mod,prvtgtr,12,1.6116
fl_mod,prvtgtr,13,0.1822
fl_mod,prvtgtr,14,9.0697
fl_mod,prvtgtr,15,3.6427
fl_mod,prvtgtr,16,-2.3079
fl_mod,prvtgtr,17,-8.3756
fl_mod,prvtgtr,18,-14.3516
fl_mod,prvtgtr,19,-20.1781
fl_mod,prvtgtr,20,-25.5417
fl_mod,prvtgtr,21,-30.3103
fl_mod,prvtgtr,22,-34.0870
fl_mod,prvtgtr,23,-35.2742
fl_mod,prvtgtr,24,-35.4061
fl_mod,ytbass,8,4.9752
fl_mod,ytbass,9,1.2423
fl_mod,ytbass,10,0.3168
fl_mod,ytbass,11,0.2675
fl_mod,ytbass,12,2.0833
fl_mod,ytbass,13,0.8693
fl_mod,ytbass,14,7.4247
fl_mod,ytbass,15,2.5363
fl_mod,ytbass,16,-2.8150
fl_mod,ytbass,17,-8.7346
fl_mod,ytbass,18,-14.9720
fl_mod,ytbass,19,-21.2887
fl_mod,ytbass,20,-27.5187
fl_mod,ytbass,21,-33.4869
fl_mod,ytbass,22,-39.0721
fl_mod,ytbass,23,-42.4728
fl_mod,ytbass,24,-43.8195
fl_mod,nam,8,8.98
fl_mod,nam,9,6.72
fl_mod,nam,10,6.25
fl_mod,nam,11,13.29
fl_mod,nam,12,18.37
fl_mod,nam,13,13.41
fl_mod,nam,14,14.24
fl_mod,nam,15,8.19
fl_mod,nam,16,2.43
fl_mod,nam,17,-3.73
fl_mod,nam,18,-10.57
fl_mod,nam,19,-16.39
fl_mod,nam,20,-22.13
fl_mod,nam,21,-24.31
fl_mod,nam,22,-30.82
fl_mod,nam,23,-36.8
fl_mod,nam,24,-36.56
