"BUILD-MATRICES-REV2-20260910 PEAQ ODG, cell x width per source, verbatim from peaq_fleet_REV3.csv D0A7849ECB312C88194FDEC512A1D5BF"

source: gtr2
cell,w8,w9,w10,w11,w12,w13,w14,w15,w16,w17,w18,w19,w20,w21,w22,w23,w24
rodent_max,-3.862,-3.870,-3.796,-3.661,-3.371,-3.726,-3.687,-2.750,-1.634,-0.855,-0.485,-0.254,-0.078,-0.003,0.043,0.068,0.079
rodent_mod,-3.907,-3.905,-3.886,-3.799,-3.873,-3.667,-2.868,-1.957,-1.185,-0.639,-0.356,-0.175,0.011,0.090,0.152,0.172,0.178
gt_max,-3.910,-3.906,-3.888,-3.879,-3.773,-3.198,-2.199,-1.444,-0.957,-0.631,-0.382,-0.170,-0.164,0.104,0.164,0.169,0.170
gt_mod,-3.913,-3.909,-3.905,-3.883,-3.750,-3.078,-1.847,-0.943,-0.488,-0.230,-0.118,0.046,0.119,0.156,0.182,0.183,0.183
fl_max,-3.905,-3.880,-3.700,-3.340,-3.115,-3.810,-2.492,-2.061,-1.590,-0.802,-0.455,-0.140,-0.114,0.092,0.150,0.172,0.179
fl_mod,-3.910,-3.893,-3.790,-3.578,-3.347,-3.582,-2.521,-2.005,-1.475,-0.784,-0.450,-0.206,-0.015,0.090,0.151,0.177,0.185

source: gtr4sg
cell,w8,w9,w10,w11,w12,w13,w14,w15,w16,w17,w18,w19,w20,w21,w22,w23,w24
rodent_max,-2.596,-2.251,-2.027,-1.645,-1.489,-2.531,-2.710,-1.854,-0.983,-0.632,-0.408,-0.183,0.001,0.073,0.006,0.024,0.030
rodent_mod,-3.902,-3.822,-2.399,-1.795,-3.857,-3.202,-2.080,-1.337,-0.878,-0.569,-0.325,-0.166,0.029,0.099,0.157,0.174,0.178
gt_max,-3.889,-3.838,-3.684,-3.425,-2.715,-2.065,-1.635,-1.387,-0.968,-0.664,-0.388,-0.209,-0.107,0.078,0.158,0.162,0.163
gt_mod,-3.905,-3.869,-3.765,-3.535,-2.695,-1.553,-1.066,-0.620,-0.354,-0.192,-0.044,0.070,0.127,0.161,0.186,0.187,0.187
fl_max,-3.300,-2.994,-3.176,-2.666,-2.437,-3.662,-2.210,-1.855,-1.397,-0.798,-0.449,-0.218,-0.043,0.087,0.138,0.159,0.164
fl_mod,-3.577,-3.498,-3.044,-2.702,-2.517,-1.752,-3.262,-1.694,-1.133,-0.672,-0.393,-0.174,0.034,0.108,0.160,0.180,0.186

source: prvtgtr
cell,w8,w9,w10,w11,w12,w13,w14,w15,w16,w17,w18,w19,w20,w21,w22,w23,w24
rodent_max,-3.804,-3.458,-3.174,-2.179,-1.590,-3.455,-3.103,-1.957,-1.048,-0.682,-0.500,-0.354,-0.220,-0.189,-0.086,-0.065,-0.061
rodent_mod,-3.910,-3.900,-3.742,-2.540,-3.801,-3.315,-1.800,-1.148,-0.837,-0.594,-0.379,-0.229,0.014,0.077,0.121,0.127,0.128
gt_max,-3.848,-3.828,-3.644,-3.304,-2.449,-1.490,-1.004,-0.819,-0.602,-0.457,-0.276,-0.111,-0.096,0.131,0.157,0.158,0.159
gt_mod,-3.900,-3.877,-3.808,-3.515,-2.878,-2.026,-1.265,-0.800,-0.461,-0.195,-0.061,0.128,0.166,0.181,0.189,0.190,0.189
fl_max,-3.592,-3.280,-3.222,-2.779,-2.486,-3.709,-2.478,-1.892,-1.376,-0.934,-0.683,-0.495,-0.357,-0.108,-0.041,-0.012,-0.007
fl_mod,-3.883,-3.789,-3.421,-2.838,-2.494,-1.795,-2.440,-1.290,-0.885,-0.648,-0.509,-0.315,-0.177,0.049,0.097,0.114,0.117

source: ytbass
cell,w8,w9,w10,w11,w12,w13,w14,w15,w16,w17,w18,w19,w20,w21,w22,w23,w24
rodent_max,-3.802,-3.789,-3.555,-3.123,-1.985,-3.010,-3.811,-3.541,-2.535,-1.666,-1.240,-1.062,-0.803,-0.488,-0.254,-0.225,-0.104
rodent_mod,-3.894,-3.848,-3.856,-3.349,-3.864,-3.678,-2.815,-1.650,-0.988,-0.717,-0.556,-0.363,-0.046,0.056,0.141,0.162,0.169
gt_max,-3.862,-3.864,-3.829,-3.764,-3.490,-2.772,-1.758,-1.134,-0.685,-0.473,-0.300,-0.165,-0.117,0.117,0.174,0.176,0.177
gt_mod,-3.908,-3.898,-3.874,-3.809,-3.542,-2.692,-1.589,-0.899,-0.539,-0.288,-0.152,0.066,0.136,0.165,0.182,0.182,0.183
fl_max,-3.497,-3.177,-3.212,-2.900,-2.697,-1.918,-3.712,-2.868,-2.175,-1.779,-1.527,-1.186,-0.689,-0.340,-0.008,0.058,0.072
fl_mod,-3.803,-3.640,-3.363,-3.047,-2.901,-1.904,-3.837,-3.101,-1.969,-1.575,-1.246,-0.796,-0.337,-0.028,0.091,0.127,0.140

source: nam
cell,w8,w9,w10,w11,w12,w13,w14,w15,w16,w17,w18,w19,w20,w21,w22,w23,w24
rodent_max,-3.820,-3.552,-3.774,-3.850,-1.978,-2.543,-3.621,-2.733,-1.587,-0.971,-0.749,-0.607,-0.468,-0.373,-0.191,-0.179,-0.177
rodent_mod,-3.912,-3.904,-3.744,-2.732,-3.817,-3.596,-2.489,-1.531,-0.990,-0.678,-0.477,-0.394,-0.333,-0.441,-0.206,-0.139,-0.246
gt_max,-3.898,-3.890,-3.847,-3.759,-3.482,-2.781,-1.866,-1.411,-0.884,-0.606,-0.404,-0.252,-0.163,0.075,0.152,0.155,0.157
gt_mod,-3.908,-3.894,-3.880,-3.744,-3.267,-2.277,-1.347,-0.778,-0.480,-0.284,-0.115,0.052,0.121,0.160,0.184,0.184,0.184
fl_max,-3.666,-3.403,-3.697,-3.465,-3.114,-3.284,-2.814,-2.092,-1.537,-1.017,-0.865,-0.680,-0.645,-0.628,-0.596,-0.589,-0.543
fl_mod,-3.655,-3.617,-3.391,-3.257,-3.162,-2.414,-3.047,-1.796,-1.200,-0.770,-0.606,-0.425,-0.359,-0.401,-0.179,0.078,-0.004

