epoch,train_loss,val_loss,val_esr_db,lr,seconds
1,1.620739,1.148789,0.457,1.00e-04,7.8
2,0.973700,0.933426,-0.524,1.00e-04,7.4
3,0.909950,0.907779,-0.740,1.00e-04,7.4
4,0.879688,0.884403,-0.944,1.00e-04,7.4
5,0.852988,0.861233,-1.150,1.00e-04,7.4
6,0.826595,0.838915,-1.351,1.00e-04,7.4
7,0.802163,0.820602,-1.508,1.00e-04,7.4
8,0.788117,0.809807,-1.586,1.00e-04,7.4
9,0.781956,0.805116,-1.610,1.00e-04,7.4
10,0.779885,0.803225,-1.620,1.00e-04,7.4
11,0.779255,0.801877,-1.627,1.00e-04,7.4
12,0.777813,0.800485,-1.634,1.00e-04,7.4
13,0.776118,0.799451,-1.640,1.00e-04,7.4
14,0.774782,0.798572,-1.645,1.00e-04,7.4
15,0.775593,0.797649,-1.650,1.00e-04,7.4
16,0.773256,0.797193,-1.654,1.00e-04,7.4
17,0.772242,0.796501,-1.658,1.00e-04,7.4
18,0.773984,0.796001,-1.661,1.00e-04,7.4
19,0.771458,0.795510,-1.665,1.00e-04,7.4
20,0.770877,0.795264,-1.668,1.00e-04,7.4
21,0.769802,0.794434,-1.672,1.00e-04,7.4
22,0.771109,0.793866,-1.675,1.00e-04,7.4
23,0.769991,0.794130,-1.677,1.00e-04,7.4
24,0.770909,0.793684,-1.680,1.00e-04,7.4
25,0.770731,0.793308,-1.683,1.00e-04,7.4
26,0.770983,0.793208,-1.686,1.00e-04,7.4
27,0.768953,0.793044,-1.688,1.00e-04,7.4
28,0.769165,0.792766,-1.690,1.00e-04,7.4
29,0.768507,0.792341,-1.693,1.00e-04,7.4
30,0.770433,0.792239,-1.695,1.00e-04,7.4
31,0.768336,0.791847,-1.697,1.00e-04,7.4
32,0.769894,0.792061,-1.698,1.00e-04,7.4
33,0.769372,0.792057,-1.700,1.00e-04,7.4
34,0.768411,0.791698,-1.702,1.00e-04,7.4
35,0.768812,0.791485,-1.704,1.00e-04,7.4
36,0.767623,0.791275,-1.706,1.00e-04,7.4
37,0.767616,0.790940,-1.708,1.00e-04,7.4
38,0.769211,0.790868,-1.710,1.00e-04,7.4
39,0.768863,0.791072,-1.711,1.00e-04,7.4
40,0.766513,0.790842,-1.714,1.00e-04,7.4
41,0.767656,0.790713,-1.716,1.00e-04,7.4
42,0.766091,0.790359,-1.719,1.00e-04,7.4
43,0.764494,0.789653,-1.723,1.00e-04,7.4
44,0.767104,0.789549,-1.726,1.00e-04,7.4
45,0.767239,0.789376,-1.729,1.00e-04,7.4
46,0.766688,0.789024,-1.735,1.00e-04,7.4
47,0.765430,0.787788,-1.743,1.00e-04,7.4
48,0.765308,0.787822,-1.748,1.00e-04,7.4
49,0.764743,0.786368,-1.761,1.00e-04,7.4
50,0.763114,0.785766,-1.774,1.00e-04,7.4
51,0.762143,0.784702,-1.792,1.00e-04,8.9
52,0.761688,0.783159,-1.818,1.00e-04,8.2
53,0.761179,0.780847,-1.853,1.00e-04,7.6
54,0.759022,0.778452,-1.895,1.00e-04,8.5
55,0.756343,0.776495,-1.934,1.00e-04,7.5
56,0.753905,0.774029,-1.978,1.00e-04,8.2
57,0.751676,0.770804,-2.031,1.00e-04,7.5
58,0.748910,0.768259,-2.052,1.00e-04,8.2
59,0.745019,0.765120,-2.086,1.00e-04,7.5
60,0.743474,0.761005,-2.158,1.00e-04,8.3
61,0.736727,0.755230,-2.191,1.00e-04,7.5
62,0.729181,0.749141,-2.243,1.00e-04,8.3
63,0.723102,0.741691,-2.352,1.00e-04,7.5
64,0.716403,0.735144,-2.389,1.00e-04,8.1
65,0.711447,0.728630,-2.408,1.00e-04,7.5
66,0.704854,0.722159,-2.495,1.00e-04,8.0
67,0.697181,0.716353,-2.466,1.00e-04,7.5
68,0.691413,0.709197,-2.536,1.00e-04,8.1
69,0.680629,0.702509,-2.585,1.00e-04,7.5
70,0.672900,0.694009,-2.648,1.00e-04,7.9
71,0.664307,0.683884,-2.791,1.00e-04,7.8
72,0.657291,0.678655,-2.798,1.00e-04,7.8
73,0.648193,0.670331,-2.895,1.00e-04,8.1
74,0.638538,0.662055,-2.963,1.00e-04,7.5
75,0.633019,0.654816,-3.039,1.00e-04,8.1
76,0.622010,0.647576,-3.192,1.00e-04,7.5
77,0.613155,0.639213,-3.214,1.00e-04,8.0
78,0.605496,0.631469,-3.337,1.00e-04,7.5
79,0.599988,0.626042,-3.375,1.00e-04,8.1
80,0.592474,0.621563,-3.414,1.00e-04,7.5
81,0.587027,0.613363,-3.521,1.00e-04,8.1
82,0.580021,0.609440,-3.535,1.00e-04,7.5
83,0.574402,0.602343,-3.682,1.00e-04,8.2
84,0.569049,0.598065,-3.726,1.00e-04,7.8
85,0.564655,0.592210,-3.791,1.00e-04,8.4
86,0.554961,0.586174,-3.852,1.00e-04,7.5
87,0.552432,0.580944,-3.899,1.00e-04,8.1
88,0.546774,0.576697,-3.977,1.00e-04,7.5
89,0.539386,0.573556,-4.056,1.00e-04,8.0
90,0.532553,0.564891,-4.133,1.00e-04,7.5
91,0.527849,0.560098,-4.241,1.00e-04,8.1
92,0.520882,0.552123,-4.337,1.00e-04,7.5
93,0.515026,0.548027,-4.364,1.00e-04,8.2
94,0.508895,0.543660,-4.399,1.00e-04,8.3
95,0.502104,0.541056,-4.541,1.00e-04,7.5
96,0.497114,0.534760,-4.529,1.00e-04,8.1
97,0.490442,0.526843,-4.692,1.00e-04,7.5
98,0.484809,0.520741,-4.850,1.00e-04,8.0
99,0.477695,0.513545,-4.997,1.00e-04,7.5
100,0.472472,0.508842,-5.078,1.00e-04,8.0
101,0.468180,0.504886,-5.126,1.00e-04,7.5
102,0.461817,0.497692,-5.304,1.00e-04,8.3
103,0.456815,0.493668,-5.251,1.00e-04,7.5
104,0.453433,0.492330,-5.410,1.00e-04,8.0
105,0.448545,0.485747,-5.466,1.00e-04,7.5
106,0.446826,0.480606,-5.522,1.00e-04,8.1
107,0.446651,0.478464,-5.552,1.00e-04,7.5
108,0.440424,0.474750,-5.653,1.00e-04,8.0
109,0.437057,0.470349,-5.615,1.00e-04,7.5
110,0.434987,0.467366,-5.697,1.00e-04,8.3
111,0.431610,0.466392,-5.778,1.00e-04,7.5
112,0.428082,0.459658,-5.836,1.00e-04,8.3
113,0.427044,0.460259,-5.918,1.00e-04,7.5
114,0.424955,0.456275,-5.836,1.00e-04,8.3
115,0.419571,0.455290,-5.981,1.00e-04,7.5
116,0.418233,0.449942,-6.005,1.00e-04,8.1
117,0.413693,0.445616,-6.069,1.00e-04,8.0
118,0.411793,0.443566,-6.036,1.00e-04,7.5
119,0.408831,0.439631,-6.178,1.00e-04,8.1
120,0.408004,0.437206,-6.117,1.00e-04,7.5
121,0.404756,0.434492,-6.257,1.00e-04,8.0
122,0.400315,0.430069,-6.269,1.00e-04,7.6
123,0.397712,0.426789,-6.347,1.00e-04,8.1
124,0.394007,0.426728,-6.405,1.00e-04,7.5
125,0.392183,0.421062,-6.441,1.00e-04,8.3
126,0.390990,0.418125,-6.559,1.00e-04,7.5
127,0.388363,0.415654,-6.505,1.00e-04,8.0
128,0.385713,0.413537,-6.667,1.00e-04,7.5
129,0.384027,0.410259,-6.563,1.00e-04,8.0
130,0.381472,0.409050,-6.675,1.00e-04,7.5
131,0.379178,0.404958,-6.732,1.00e-04,8.3
132,0.372520,0.402532,-6.801,1.00e-04,7.5
133,0.370844,0.403151,-6.830,1.00e-04,8.0
134,0.368151,0.397227,-6.923,1.00e-04,7.4
135,0.366499,0.396511,-6.910,1.00e-04,8.0
136,0.363935,0.392662,-6.915,1.00e-04,7.5
137,0.363146,0.389675,-6.902,1.00e-04,8.1
138,0.360749,0.388060,-7.082,1.00e-04,7.5
139,0.356598,0.384708,-7.033,1.00e-04,8.2
140,0.353975,0.384012,-7.096,1.00e-04,7.5
141,0.352227,0.380568,-7.054,1.00e-04,8.1
142,0.352394,0.380486,-7.187,1.00e-04,8.1
143,0.347761,0.376497,-7.162,1.00e-04,7.5
144,0.349919,0.375816,-7.153,1.00e-04,8.1
145,0.344184,0.373164,-7.250,1.00e-04,7.5
146,0.343849,0.371101,-7.302,1.00e-04,8.2
147,0.340802,0.370989,-7.337,1.00e-04,7.6
148,0.339224,0.368511,-7.325,1.00e-04,8.3
149,0.338165,0.365958,-7.300,1.00e-04,7.5
150,0.337574,0.363058,-7.369,1.00e-04,8.1
151,0.335083,0.361143,-7.409,1.00e-04,7.5
152,0.332709,0.360826,-7.492,1.00e-04,8.1
153,0.330722,0.357437,-7.479,1.00e-04,7.5
154,0.329524,0.356545,-7.490,1.00e-04,8.3
155,0.328681,0.353656,-7.464,1.00e-04,7.6
156,0.325998,0.352425,-7.557,1.00e-04,8.1
157,0.323871,0.351886,-7.502,1.00e-04,7.5
158,0.324408,0.347767,-7.574,1.00e-04,7.9
159,0.323224,0.347646,-7.566,1.00e-04,8.3
160,0.320455,0.346687,-7.607,1.00e-04,8.3
161,0.319808,0.343688,-7.621,1.00e-04,7.4
162,0.317243,0.341626,-7.696,1.00e-04,7.4
163,0.316243,0.342000,-7.745,1.00e-04,7.4
164,0.312736,0.339796,-7.681,1.00e-04,7.5
165,0.313763,0.340328,-7.632,1.00e-04,7.4
166,0.312464,0.336314,-7.734,1.00e-04,7.5
167,0.309932,0.334945,-7.792,1.00e-04,7.5
168,0.307643,0.333863,-7.744,1.00e-04,7.4
169,0.308719,0.335185,-7.768,1.00e-04,7.4
170,0.308406,0.332781,-7.735,1.00e-04,7.4
171,0.307335,0.331873,-7.797,1.00e-04,7.4
172,0.304928,0.328041,-7.880,1.00e-04,7.4
173,0.301691,0.326727,-7.885,1.00e-04,7.4
174,0.302956,0.326281,-7.906,1.00e-04,7.4
175,0.300064,0.324691,-7.932,1.00e-04,7.4
176,0.299440,0.326820,-7.911,1.00e-04,7.4
177,0.302218,0.324281,-7.976,1.00e-04,7.4
178,0.297620,0.320319,-7.980,1.00e-04,7.4
179,0.295715,0.320684,-7.971,1.00e-04,7.4
180,0.295041,0.321308,-8.053,1.00e-04,7.5
181,0.295556,0.317273,-8.049,1.00e-04,7.4
182,0.293685,0.316365,-8.101,1.00e-04,7.4
183,0.292494,0.314976,-8.049,1.00e-04,7.4
184,0.289645,0.313191,-8.032,1.00e-04,7.4
185,0.291065,0.312731,-8.181,1.00e-04,7.4
186,0.287586,0.310587,-8.120,1.00e-04,7.4
187,0.285536,0.310807,-8.142,1.00e-04,7.4
188,0.289471,0.310518,-8.176,1.00e-04,7.4
189,0.284432,0.307556,-8.209,1.00e-04,7.5
190,0.283474,0.308060,-8.162,1.00e-04,7.4
191,0.282858,0.305459,-8.201,1.00e-04,7.4
192,0.284150,0.306634,-8.226,1.00e-04,7.4
193,0.280911,0.303593,-8.257,1.00e-04,7.4
194,0.279129,0.301626,-8.289,1.00e-04,7.4
195,0.276951,0.301226,-8.294,1.00e-04,7.4
196,0.277587,0.301712,-8.287,1.00e-04,7.4
197,0.280740,0.300222,-8.292,1.00e-04,7.4
198,0.275016,0.299565,-8.380,1.00e-04,7.4
199,0.275745,0.297027,-8.367,1.00e-04,7.4
200,0.275594,0.295977,-8.343,1.00e-04,7.4
201,0.274143,0.295615,-8.349,1.00e-04,7.4
202,0.272985,0.296490,-8.385,1.00e-04,7.4
203,0.270976,0.293849,-8.400,1.00e-04,7.4
204,0.272358,0.292610,-8.434,1.00e-04,7.4
205,0.269582,0.294042,-8.451,1.00e-04,7.4
206,0.269521,0.293134,-8.419,1.00e-04,7.4
207,0.268951,0.291140,-8.449,1.00e-04,7.4
208,0.266680,0.290696,-8.431,1.00e-04,7.4
209,0.266074,0.290996,-8.405,1.00e-04,7.4
210,0.265502,0.288895,-8.533,1.00e-04,7.4
211,0.263544,0.289496,-8.496,1.00e-04,7.4
212,0.265756,0.291242,-8.462,1.00e-04,7.4
213,0.263104,0.286957,-8.527,1.00e-04,7.4
214,0.262101,0.288562,-8.578,1.00e-04,7.4
215,0.260954,0.284547,-8.588,1.00e-04,7.4
216,0.259782,0.286802,-8.592,1.00e-04,7.4
217,0.260195,0.283919,-8.563,1.00e-04,7.4
218,0.259634,0.281096,-8.576,1.00e-04,7.4
219,0.258236,0.280367,-8.674,1.00e-04,7.4
220,0.257428,0.281508,-8.545,1.00e-04,7.5
221,0.257969,0.280975,-8.588,1.00e-04,7.4
222,0.256340,0.278682,-8.632,1.00e-04,7.4
223,0.255342,0.281139,-8.614,1.00e-04,7.5
224,0.256071,0.277058,-8.678,1.00e-04,7.5
225,0.252349,0.277073,-8.722,1.00e-04,7.5
226,0.252736,0.276360,-8.686,1.00e-04,7.4
227,0.252824,0.275300,-8.647,1.00e-04,7.4
228,0.254442,0.274645,-8.660,1.00e-04,7.4
229,0.251101,0.274438,-8.721,1.00e-04,7.4
230,0.250035,0.276235,-8.737,1.00e-04,7.4
231,0.249819,0.273892,-8.786,1.00e-04,7.4
232,0.248384,0.271514,-8.713,1.00e-04,7.4
233,0.249675,0.272807,-8.706,1.00e-04,7.4
234,0.246801,0.271509,-8.678,1.00e-04,7.4
235,0.249100,0.270525,-8.713,1.00e-04,7.4
236,0.249271,0.271325,-8.785,1.00e-04,7.4
237,0.247114,0.269401,-8.755,1.00e-04,7.4
238,0.245101,0.268564,-8.776,1.00e-04,7.4
239,0.244224,0.267049,-8.792,1.00e-04,7.4
240,0.246126,0.267456,-8.887,1.00e-04,7.4
241,0.244638,0.265564,-8.883,1.00e-04,7.4
242,0.241736,0.265241,-8.879,1.00e-04,7.4
243,0.241767,0.264667,-8.832,1.00e-04,7.4
244,0.242746,0.263981,-8.883,1.00e-04,7.4
245,0.241086,0.263850,-8.910,1.00e-04,7.4
246,0.240404,0.263480,-8.880,1.00e-04,7.4
247,0.240541,0.262698,-8.946,1.00e-04,7.4
248,0.238764,0.263157,-8.870,1.00e-04,7.4
249,0.237746,0.261712,-8.928,1.00e-04,7.4
250,0.239404,0.262461,-8.885,1.00e-04,7.4
251,0.237095,0.259337,-8.949,1.00e-04,7.4
252,0.236472,0.259276,-8.954,1.00e-04,7.4
253,0.236709,0.259386,-8.952,1.00e-04,7.4
254,0.235381,0.257949,-9.007,1.00e-04,7.4
255,0.235234,0.256697,-8.995,1.00e-04,7.4
256,0.234721,0.257770,-8.990,1.00e-04,7.4
257,0.233630,0.256589,-8.974,1.00e-04,7.4
258,0.235761,0.257196,-8.933,1.00e-04,7.4
259,0.233532,0.254944,-9.048,1.00e-04,7.4
260,0.231922,0.254524,-9.005,1.00e-04,7.4
261,0.235473,0.254937,-8.985,1.00e-04,7.4
262,0.233042,0.256565,-8.936,1.00e-04,7.4
263,0.233010,0.253206,-9.044,1.00e-04,7.4
264,0.231703,0.252855,-9.087,1.00e-04,7.4
265,0.231279,0.254841,-8.999,1.00e-04,7.4
266,0.231536,0.254113,-9.033,1.00e-04,7.4
267,0.230621,0.251543,-9.088,1.00e-04,7.4
268,0.228567,0.250238,-9.153,1.00e-04,7.4
269,0.230066,0.252055,-9.076,1.00e-04,7.4
270,0.228560,0.250321,-9.133,1.00e-04,7.4
271,0.227640,0.248872,-9.151,1.00e-04,7.4
272,0.227379,0.250108,-9.125,1.00e-04,7.4
273,0.226620,0.249116,-9.131,1.00e-04,7.4
274,0.227653,0.250839,-9.125,1.00e-04,7.4
275,0.226046,0.248584,-9.091,1.00e-04,7.4
276,0.226639,0.249561,-9.084,1.00e-04,7.4
277,0.225578,0.247423,-9.228,1.00e-04,7.4
278,0.225428,0.245554,-9.135,1.00e-04,7.4
279,0.225369,0.245346,-9.172,1.00e-04,7.4
280,0.222395,0.244821,-9.150,1.00e-04,7.4
281,0.222819,0.243921,-9.190,1.00e-04,7.4
282,0.223628,0.243959,-9.238,1.00e-04,7.4
283,0.222453,0.243830,-9.179,1.00e-04,7.4
284,0.223428,0.244493,-9.128,1.00e-04,7.4
285,0.222154,0.243420,-9.117,1.00e-04,7.4
286,0.219401,0.242201,-9.285,1.00e-04,7.4
287,0.221975,0.241595,-9.189,1.00e-04,7.4
288,0.220884,0.242464,-9.241,1.00e-04,7.4
289,0.220282,0.243068,-9.230,1.00e-04,7.4
290,0.220199,0.242592,-9.194,1.00e-04,7.5
291,0.220072,0.239691,-9.246,1.00e-04,7.4
292,0.220037,0.240421,-9.183,1.00e-04,7.4
293,0.220680,0.244383,-9.139,1.00e-04,7.4
294,0.218659,0.239868,-9.344,1.00e-04,7.4
295,0.217095,0.238953,-9.310,1.00e-04,7.4
296,0.218680,0.240284,-9.311,1.00e-04,7.4
297,0.218206,0.238084,-9.333,1.00e-04,7.4
298,0.216290,0.243721,-9.235,1.00e-04,7.4
299,0.217299,0.236448,-9.337,1.00e-04,7.4
300,0.218113,0.238745,-9.267,1.00e-04,7.4
301,0.214068,0.238054,-9.312,1.00e-04,7.4
302,0.215008,0.234818,-9.318,1.00e-04,7.4
303,0.214698,0.236371,-9.313,1.00e-04,7.4
304,0.215538,0.235461,-9.343,1.00e-04,7.4
305,0.214600,0.236381,-9.329,1.00e-04,7.4
306,0.215774,0.235713,-9.326,1.00e-04,7.4
307,0.215623,0.235120,-9.321,1.00e-04,7.4
308,0.215281,0.233083,-9.381,1.00e-04,7.4
309,0.212997,0.235339,-9.415,1.00e-04,7.4
310,0.213021,0.232827,-9.388,1.00e-04,7.4
311,0.211825,0.232117,-9.357,1.00e-04,7.4
312,0.211345,0.232540,-9.401,1.00e-04,7.4
313,0.212366,0.231890,-9.390,1.00e-04,7.4
314,0.211030,0.231189,-9.358,1.00e-04,7.4
315,0.211202,0.231602,-9.387,1.00e-04,7.4
316,0.212115,0.230076,-9.411,1.00e-04,7.4
317,0.210188,0.229353,-9.402,1.00e-04,7.4
318,0.210570,0.230052,-9.390,1.00e-04,7.4
319,0.213343,0.228910,-9.432,1.00e-04,7.4
320,0.209315,0.228314,-9.438,1.00e-04,7.4
321,0.208766,0.227622,-9.443,1.00e-04,7.4
322,0.209996,0.229583,-9.448,1.00e-04,7.4
323,0.207289,0.228465,-9.545,1.00e-04,7.4
324,0.207445,0.227700,-9.477,1.00e-04,7.4
325,0.206032,0.227525,-9.538,1.00e-04,7.4
326,0.206997,0.226534,-9.513,1.00e-04,7.4
327,0.208799,0.225978,-9.505,1.00e-04,7.4
328,0.205253,0.224833,-9.513,1.00e-04,7.4
329,0.204962,0.225631,-9.515,1.00e-04,7.4
330,0.205010,0.225674,-9.440,1.00e-04,7.4
331,0.205118,0.225920,-9.566,1.00e-04,7.4
332,0.205262,0.224663,-9.529,1.00e-04,7.4
333,0.203896,0.223435,-9.555,1.00e-04,7.4
334,0.203711,0.223871,-9.509,1.00e-04,7.4
335,0.203647,0.226399,-9.391,1.00e-04,7.4
336,0.203961,0.223539,-9.537,1.00e-04,7.4
337,0.203220,0.222857,-9.586,1.00e-04,7.4
338,0.201971,0.222782,-9.610,1.00e-04,7.4
339,0.201656,0.220893,-9.526,1.00e-04,7.4
340,0.201960,0.221891,-9.564,1.00e-04,7.4
341,0.202367,0.221582,-9.525,1.00e-04,7.4
342,0.200634,0.220299,-9.599,1.00e-04,7.5
343,0.201928,0.222680,-9.553,1.00e-04,7.5
344,0.201881,0.220237,-9.594,1.00e-04,7.4
345,0.199920,0.220514,-9.602,1.00e-04,7.4
346,0.199979,0.219085,-9.641,1.00e-04,7.4
347,0.200624,0.219500,-9.602,1.00e-04,7.4
348,0.200569,0.220280,-9.610,1.00e-04,7.4
349,0.200320,0.219995,-9.664,1.00e-04,7.4
350,0.198505,0.217767,-9.697,1.00e-04,7.4
351,0.198400,0.219078,-9.708,1.00e-04,7.4
352,0.197901,0.217812,-9.664,1.00e-04,7.4
353,0.198820,0.217237,-9.623,1.00e-04,7.4
354,0.198548,0.216957,-9.680,1.00e-04,7.4
355,0.198421,0.217067,-9.638,1.00e-04,7.4
356,0.196912,0.215642,-9.669,1.00e-04,7.4
357,0.198286,0.217931,-9.680,1.00e-04,7.4
358,0.196003,0.218057,-9.625,1.00e-04,7.4
359,0.197877,0.216454,-9.639,1.00e-04,7.4
360,0.195530,0.216312,-9.643,1.00e-04,7.4
361,0.195882,0.215802,-9.668,1.00e-04,7.4
362,0.195788,0.216278,-9.672,1.00e-04,7.4
363,0.194577,0.214021,-9.740,1.00e-04,7.4
364,0.194329,0.214564,-9.671,1.00e-04,7.4
365,0.193838,0.214306,-9.705,1.00e-04,7.4
366,0.195340,0.214613,-9.698,1.00e-04,7.4
367,0.194313,0.213095,-9.718,1.00e-04,7.4
368,0.193662,0.213458,-9.720,1.00e-04,7.4
369,0.192133,0.213621,-9.705,1.00e-04,7.4
370,0.192256,0.212100,-9.796,1.00e-04,7.4
371,0.193176,0.211821,-9.730,1.00e-04,7.4
372,0.193272,0.212604,-9.840,1.00e-04,7.4
373,0.191693,0.211820,-9.741,1.00e-04,7.4
374,0.190076,0.211066,-9.792,1.00e-04,7.4
375,0.190392,0.210934,-9.804,1.00e-04,7.4
376,0.191598,0.210703,-9.796,1.00e-04,7.4
377,0.190940,0.210398,-9.816,1.00e-04,7.4
378,0.190028,0.211171,-9.742,1.00e-04,7.4
379,0.191722,0.209779,-9.789,1.00e-04,7.4
380,0.189218,0.209966,-9.749,1.00e-04,7.4
381,0.190142,0.208915,-9.803,1.00e-04,7.4
382,0.190305,0.208220,-9.846,1.00e-04,7.4
383,0.189616,0.209144,-9.806,1.00e-04,7.4
384,0.188959,0.207301,-9.858,1.00e-04,7.4
385,0.189909,0.207577,-9.880,1.00e-04,7.4
386,0.187152,0.209154,-9.803,1.00e-04,7.4
387,0.186524,0.206821,-9.861,1.00e-04,7.4
388,0.189048,0.207094,-9.843,1.00e-04,7.4
389,0.185548,0.208548,-9.773,1.00e-04,7.4
390,0.185990,0.206035,-9.842,1.00e-04,7.4
391,0.188278,0.206332,-9.833,1.00e-04,7.4
392,0.186637,0.207079,-9.856,1.00e-04,7.4
393,0.187970,0.207632,-9.795,1.00e-04,7.4
394,0.186085,0.205462,-9.869,1.00e-04,7.4
395,0.185348,0.205556,-9.865,1.00e-04,7.4
396,0.184346,0.205732,-9.813,1.00e-04,7.4
397,0.184007,0.204284,-9.880,1.00e-04,7.4
398,0.183908,0.204843,-9.855,1.00e-04,7.4
399,0.184253,0.204764,-9.906,1.00e-04,7.4
400,0.185383,0.206057,-9.846,1.00e-04,7.4
401,0.183203,0.205475,-9.916,1.00e-04,7.4
402,0.182811,0.203059,-9.869,1.00e-04,7.4
403,0.182948,0.202751,-9.917,1.00e-04,7.4
404,0.183539,0.203359,-9.891,1.00e-04,7.4
405,0.181890,0.202655,-9.940,1.00e-04,7.4
406,0.183141,0.202461,-9.943,1.00e-04,7.4
407,0.182796,0.202980,-9.883,1.00e-04,7.4
408,0.180866,0.202585,-9.855,1.00e-04,7.4
409,0.180814,0.200872,-9.957,1.00e-04,7.4
410,0.181604,0.200780,-9.978,1.00e-04,7.4
411,0.180668,0.201836,-9.915,1.00e-04,7.4
412,0.180310,0.201361,-9.939,1.00e-04,7.4
413,0.182151,0.200631,-9.985,1.00e-04,7.4
414,0.180751,0.199806,-9.967,1.00e-04,7.4
415,0.179732,0.199266,-9.968,1.00e-04,7.4
416,0.178269,0.199813,-9.992,1.00e-04,7.4
417,0.178819,0.199596,-9.990,1.00e-04,7.4
418,0.179535,0.198936,-10.014,1.00e-04,7.4
419,0.178210,0.199939,-9.964,1.00e-04,7.4
420,0.178863,0.198422,-9.983,1.00e-04,7.4
421,0.178087,0.198168,-9.999,1.00e-04,7.4
422,0.178200,0.197964,-10.035,1.00e-04,7.4
423,0.177660,0.197503,-9.998,1.00e-04,7.4
424,0.177486,0.197588,-9.978,1.00e-04,7.4
425,0.177459,0.198008,-9.952,1.00e-04,7.4
426,0.176954,0.197335,-9.982,1.00e-04,7.4
427,0.177910,0.197063,-9.971,1.00e-04,7.4
428,0.176190,0.195660,-10.079,1.00e-04,7.4
429,0.176193,0.197159,-9.999,1.00e-04,7.4
430,0.175746,0.196738,-10.009,1.00e-04,7.4
431,0.176280,0.195630,-10.060,1.00e-04,7.4
432,0.174596,0.197454,-9.992,1.00e-04,7.4
433,0.175866,0.195163,-10.048,1.00e-04,7.4
434,0.174785,0.195967,-10.097,1.00e-04,7.4
435,0.174099,0.196376,-10.019,1.00e-04,7.4
436,0.173670,0.194312,-10.036,1.00e-04,7.4
437,0.173573,0.194499,-10.082,1.00e-04,7.4
438,0.174717,0.195627,-10.007,1.00e-04,7.4
439,0.174678,0.194522,-10.085,1.00e-04,7.4
440,0.172744,0.193815,-10.095,1.00e-04,7.4
441,0.172913,0.194754,-10.101,1.00e-04,7.4
442,0.172320,0.194699,-10.130,1.00e-04,7.4
443,0.173365,0.192843,-10.142,1.00e-04,7.4
444,0.173907,0.192814,-10.126,1.00e-04,7.4
445,0.172261,0.192609,-10.095,1.00e-04,7.4
446,0.170647,0.193724,-10.058,1.00e-04,7.4
447,0.171766,0.192626,-10.089,1.00e-04,7.4
448,0.171330,0.193451,-10.042,1.00e-04,7.4
449,0.173111,0.193233,-10.063,1.00e-04,7.4
450,0.172048,0.191706,-10.128,1.00e-04,7.4
451,0.169346,0.192920,-10.082,1.00e-04,7.4
452,0.170391,0.193260,-10.109,1.00e-04,7.4
453,0.169229,0.190537,-10.140,1.00e-04,7.4
454,0.170679,0.190696,-10.141,1.00e-04,7.4
455,0.169396,0.190656,-10.130,1.00e-04,7.4
456,0.171751,0.193157,-10.056,1.00e-04,7.4
457,0.168321,0.189592,-10.197,1.00e-04,7.4
458,0.167819,0.189604,-10.133,1.00e-04,7.4
459,0.169621,0.189856,-10.148,1.00e-04,7.4
460,0.168320,0.189631,-10.154,1.00e-04,7.4
461,0.167183,0.189442,-10.217,1.00e-04,7.4
462,0.168353,0.189089,-10.148,1.00e-04,7.4
463,0.167567,0.188267,-10.172,1.00e-04,7.4
464,0.167963,0.188305,-10.130,1.00e-04,7.4
465,0.166561,0.187408,-10.181,1.00e-04,7.4
466,0.166255,0.189661,-10.127,1.00e-04,7.4
467,0.166917,0.187605,-10.258,1.00e-04,7.4
468,0.166432,0.187316,-10.214,1.00e-04,7.4
469,0.166583,0.187929,-10.159,1.00e-04,7.4
470,0.165556,0.187674,-10.169,1.00e-04,7.4
471,0.166425,0.186957,-10.240,1.00e-04,7.4
472,0.165880,0.186941,-10.261,1.00e-04,7.4
473,0.164734,0.186400,-10.265,1.00e-04,7.4
474,0.165618,0.186088,-10.259,1.00e-04,7.4
475,0.164754,0.185885,-10.295,1.00e-04,7.4
476,0.164562,0.186291,-10.216,1.00e-04,7.4
477,0.164295,0.185832,-10.238,1.00e-04,7.4
478,0.164017,0.185306,-10.236,1.00e-04,7.4
479,0.165468,0.185575,-10.281,1.00e-04,7.4
480,0.165202,0.184112,-10.286,1.00e-04,7.4
481,0.164669,0.186546,-10.353,1.00e-04,7.4
482,0.163679,0.184031,-10.273,1.00e-04,7.4
483,0.162292,0.185077,-10.320,1.00e-04,7.4
484,0.164676,0.183999,-10.275,1.00e-04,7.4
485,0.163654,0.183480,-10.320,1.00e-04,7.4
486,0.162305,0.183710,-10.285,1.00e-04,7.4
487,0.162261,0.183433,-10.267,1.00e-04,7.4
488,0.162443,0.183895,-10.304,1.00e-04,7.4
489,0.161543,0.183360,-10.326,1.00e-04,7.4
490,0.161363,0.183022,-10.325,1.00e-04,7.4
491,0.161888,0.181420,-10.386,1.00e-04,7.4
492,0.160906,0.181922,-10.254,1.00e-04,7.4
493,0.161196,0.182757,-10.303,1.00e-04,7.5
494,0.160268,0.184215,-10.257,1.00e-04,7.4
495,0.160438,0.180924,-10.362,1.00e-04,8.7
496,0.160416,0.181689,-10.325,1.00e-04,8.1
497,0.160772,0.181836,-10.326,1.00e-04,7.6
498,0.159586,0.184601,-10.201,1.00e-04,8.3
499,0.159882,0.180742,-10.441,1.00e-04,7.7
500,0.159555,0.180737,-10.379,1.00e-04,8.4
501,0.159689,0.180498,-10.358,1.00e-04,7.7
502,0.160987,0.181028,-10.343,1.00e-04,8.6
503,0.159400,0.180000,-10.390,1.00e-04,7.7
504,0.158768,0.180107,-10.367,1.00e-04,8.3
505,0.159105,0.180955,-10.303,1.00e-04,7.5
506,0.158697,0.181091,-10.364,1.00e-04,8.2
507,0.159457,0.179360,-10.381,1.00e-04,7.5
508,0.158772,0.179800,-10.364,1.00e-04,8.2
509,0.159645,0.177515,-10.450,1.00e-04,7.4
510,0.158189,0.178890,-10.384,1.00e-04,8.1
511,0.157629,0.177491,-10.465,1.00e-04,7.4
512,0.158157,0.176593,-10.463,1.00e-04,8.1
513,0.156903,0.178801,-10.334,1.00e-04,7.4
514,0.156591,0.177997,-10.449,1.00e-04,8.1
515,0.157529,0.178040,-10.375,1.00e-04,7.5
516,0.156893,0.177073,-10.442,1.00e-04,8.1
517,0.155993,0.176717,-10.468,1.00e-04,7.4
518,0.156255,0.177924,-10.487,1.00e-04,8.1
519,0.156217,0.177713,-10.367,1.00e-04,8.1
520,0.157230,0.176269,-10.444,1.00e-04,7.5
521,0.155195,0.176652,-10.486,1.00e-04,8.0
522,0.158305,0.176844,-10.494,1.00e-04,7.5
523,0.155437,0.175911,-10.450,1.00e-04,8.0
524,0.155398,0.175801,-10.478,1.00e-04,7.5
525,0.154270,0.176499,-10.442,1.00e-04,8.1
526,0.156963,0.177739,-10.445,1.00e-04,7.5
527,0.155517,0.177465,-10.450,1.00e-04,8.0
528,0.155244,0.174376,-10.453,1.00e-04,7.5
529,0.155602,0.174718,-10.462,1.00e-04,8.1
530,0.155650,0.174101,-10.472,1.00e-04,7.5
531,0.155121,0.175680,-10.448,1.00e-04,8.2
532,0.155506,0.175832,-10.499,1.00e-04,7.5
533,0.154568,0.176849,-10.470,1.00e-04,8.1
534,0.153678,0.175946,-10.444,1.00e-04,7.4
535,0.153871,0.173252,-10.536,1.00e-04,8.1
536,0.153135,0.175331,-10.485,1.00e-04,7.5
537,0.153283,0.175790,-10.424,1.00e-04,8.1
538,0.153886,0.174824,-10.453,1.00e-04,7.5
539,0.153286,0.174192,-10.520,1.00e-04,8.0
540,0.152479,0.174709,-10.445,1.00e-04,7.7
541,0.153571,0.172833,-10.524,1.00e-04,8.6
542,0.152355,0.172248,-10.563,1.00e-04,8.2
543,0.152529,0.173677,-10.561,1.00e-04,7.6
544,0.151760,0.173789,-10.520,1.00e-04,8.2
545,0.152556,0.174437,-10.443,1.00e-04,7.5
546,0.152802,0.172655,-10.531,1.00e-04,8.1
547,0.151943,0.175036,-10.547,1.00e-04,7.5
548,0.151200,0.172278,-10.544,1.00e-04,8.0
549,0.151845,0.173512,-10.459,1.00e-04,7.5
550,0.152515,0.172599,-10.562,1.00e-04,8.1
551,0.151409,0.173340,-10.469,1.00e-04,7.4
552,0.151045,0.171679,-10.605,1.00e-04,8.0
553,0.150661,0.174009,-10.653,1.00e-04,7.4
554,0.151718,0.171026,-10.599,1.00e-04,8.0
555,0.150376,0.170853,-10.646,1.00e-04,7.5
556,0.150597,0.171895,-10.577,1.00e-04,8.2
557,0.151131,0.173912,-10.614,1.00e-04,7.5
558,0.152338,0.172058,-10.582,1.00e-04,8.1
559,0.149408,0.171183,-10.566,1.00e-04,7.5
560,0.149457,0.171539,-10.645,1.00e-04,8.1
561,0.149881,0.172315,-10.594,1.00e-04,7.4
562,0.149157,0.170512,-10.617,1.00e-04,8.1
563,0.149784,0.170070,-10.586,1.00e-04,7.5
564,0.149318,0.169503,-10.591,1.00e-04,8.1
565,0.151619,0.171824,-10.526,1.00e-04,7.5
566,0.149075,0.169212,-10.608,1.00e-04,8.1
567,0.148369,0.169586,-10.621,1.00e-04,7.5
568,0.149365,0.171442,-10.618,1.00e-04,8.1
569,0.147991,0.172049,-10.682,1.00e-04,8.1
570,0.149370,0.171523,-10.574,1.00e-04,7.5
571,0.148376,0.168733,-10.669,1.00e-04,8.0
572,0.149473,0.170405,-10.586,1.00e-04,7.5
573,0.148499,0.168640,-10.628,1.00e-04,8.0
574,0.148495,0.168344,-10.675,1.00e-04,7.5
575,0.147589,0.168121,-10.635,1.00e-04,8.1
576,0.148176,0.169338,-10.663,1.00e-04,7.7
577,0.148397,0.169534,-10.645,1.00e-04,8.2
578,0.148194,0.169971,-10.518,1.00e-04,7.5
579,0.147181,0.168543,-10.638,1.00e-04,8.3
580,0.148089,0.169720,-10.622,1.00e-04,8.2
581,0.147000,0.169251,-10.617,1.00e-04,7.4
582,0.147458,0.168457,-10.620,1.00e-04,7.4
583,0.147363,0.169443,-10.560,1.00e-04,7.6
584,0.146608,0.170514,-10.562,1.00e-04,7.5
585,0.146890,0.168876,-10.582,1.00e-04,7.4
586,0.147354,0.167220,-10.622,1.00e-04,7.4
587,0.146098,0.168190,-10.618,1.00e-04,7.4
588,0.146991,0.167380,-10.660,1.00e-04,7.4
589,0.144928,0.168316,-10.643,1.00e-04,7.6
590,0.146074,0.166984,-10.606,1.00e-04,7.4
591,0.145869,0.169995,-10.547,1.00e-04,7.4
592,0.147609,0.169224,-10.629,1.00e-04,7.4
593,0.145781,0.168140,-10.593,1.00e-04,7.4
594,0.146498,0.166777,-10.646,1.00e-04,7.5
595,0.145399,0.167443,-10.633,1.00e-04,7.5
596,0.145834,0.166657,-10.670,1.00e-04,7.4
597,0.144743,0.168506,-10.694,1.00e-04,7.4
598,0.144739,0.167512,-10.677,1.00e-04,7.4
599,0.146204,0.167044,-10.597,1.00e-04,7.4
600,0.144121,0.167183,-10.642,1.00e-04,7.5
601,0.144492,0.166060,-10.664,1.00e-04,7.4
602,0.144838,0.167060,-10.667,1.00e-04,7.4
603,0.145111,0.166488,-10.635,1.00e-04,7.4
604,0.144569,0.166035,-10.698,1.00e-04,7.4
605,0.143184,0.165699,-10.695,1.00e-04,7.4
606,0.144004,0.165502,-10.683,1.00e-04,7.5
607,0.143680,0.167334,-10.686,1.00e-04,7.4
608,0.143491,0.165529,-10.720,1.00e-04,7.4
609,0.143722,0.166516,-10.686,1.00e-04,7.4
610,0.142898,0.167651,-10.554,1.00e-04,7.4
611,0.143775,0.167277,-10.662,1.00e-04,7.5
612,0.143269,0.164505,-10.680,1.00e-04,7.5
613,0.143776,0.166373,-10.725,1.00e-04,7.4
614,0.144562,0.165403,-10.592,1.00e-04,7.4
615,0.142870,0.165822,-10.592,1.00e-04,7.4
616,0.142716,0.168577,-10.583,1.00e-04,7.5
617,0.143313,0.166315,-10.648,1.00e-04,7.6
618,0.142871,0.165622,-10.741,1.00e-04,7.4
619,0.141988,0.165332,-10.654,1.00e-04,7.3
620,0.142764,0.165151,-10.596,1.00e-04,7.4
621,0.142772,0.165422,-10.718,1.00e-04,7.4
622,0.142653,0.164394,-10.759,1.00e-04,7.5
623,0.141566,0.164800,-10.666,1.00e-04,7.5
624,0.141644,0.165485,-10.688,1.00e-04,7.4
625,0.142668,0.165017,-10.690,1.00e-04,7.4
626,0.141159,0.165206,-10.711,1.00e-04,7.4
627,0.141485,0.165292,-10.688,1.00e-04,7.4
628,0.140853,0.164793,-10.673,1.00e-04,7.5
629,0.141459,0.163946,-10.681,1.00e-04,7.5
630,0.141563,0.163613,-10.700,1.00e-04,7.4
631,0.141809,0.164396,-10.733,1.00e-04,7.4
632,0.141174,0.166287,-10.695,1.00e-04,7.4
633,0.141461,0.163766,-10.645,1.00e-04,7.4
634,0.141113,0.162733,-10.696,1.00e-04,7.6
635,0.141432,0.164448,-10.690,1.00e-04,7.4
636,0.140437,0.163990,-10.797,1.00e-04,7.4
637,0.140944,0.164258,-10.702,1.00e-04,7.4
638,0.140335,0.163673,-10.702,1.00e-04,7.4
639,0.140759,0.164404,-10.695,1.00e-04,7.5
640,0.139980,0.163111,-10.704,1.00e-04,7.5
641,0.139277,0.163911,-10.626,1.00e-04,7.4
642,0.139962,0.164008,-10.701,1.00e-04,7.4
643,0.139764,0.162727,-10.705,1.00e-04,7.4
644,0.138723,0.164989,-10.578,1.00e-04,7.4
645,0.140678,0.162474,-10.672,1.00e-04,7.5
646,0.139411,0.162628,-10.751,1.00e-04,7.4
647,0.139906,0.163365,-10.697,1.00e-04,7.4
648,0.138683,0.162656,-10.742,1.00e-04,7.4
649,0.138951,0.164362,-10.730,1.00e-04,7.4
650,0.139125,0.162975,-10.709,1.00e-04,7.4
651,0.138853,0.162345,-10.729,1.00e-04,7.5
652,0.137996,0.161753,-10.737,1.00e-04,7.5
653,0.137870,0.160851,-10.749,1.00e-04,7.4
654,0.139167,0.161150,-10.784,1.00e-04,7.4
655,0.140353,0.162843,-10.765,1.00e-04,7.4
656,0.138645,0.163291,-10.751,1.00e-04,7.5
657,0.137489,0.161242,-10.733,1.00e-04,7.5
658,0.138318,0.162548,-10.735,1.00e-04,7.4
659,0.138258,0.162008,-10.702,1.00e-04,7.4
660,0.137921,0.162483,-10.761,1.00e-04,7.4
661,0.137831,0.162539,-10.702,1.00e-04,7.5
662,0.137763,0.162742,-10.746,1.00e-04,7.5
663,0.138495,0.162049,-10.731,1.00e-04,7.4
664,0.137638,0.163064,-10.782,1.00e-04,7.4
665,0.137404,0.162215,-10.813,1.00e-04,7.4
666,0.137474,0.162420,-10.678,1.00e-04,7.4
667,0.137679,0.160550,-10.772,1.00e-04,7.5
668,0.136742,0.161692,-10.696,1.00e-04,7.5
669,0.137883,0.160465,-10.757,1.00e-04,7.4
670,0.137489,0.161015,-10.670,1.00e-04,7.4
671,0.136477,0.161284,-10.672,1.00e-04,7.4
672,0.136721,0.162557,-10.740,1.00e-04,7.5
673,0.137000,0.161618,-10.768,1.00e-04,7.5
674,0.137159,0.160597,-10.775,1.00e-04,7.4
675,0.137076,0.162279,-10.734,1.00e-04,7.4
676,0.136387,0.162418,-10.774,1.00e-04,7.4
677,0.136555,0.162211,-10.755,1.00e-04,7.4
678,0.136378,0.159759,-10.738,1.00e-04,7.5
679,0.135583,0.160173,-10.785,1.00e-04,7.5
680,0.135634,0.159675,-10.773,1.00e-04,7.4
681,0.136554,0.161218,-10.747,1.00e-04,7.4
682,0.137671,0.161176,-10.731,1.00e-04,7.4
683,0.136044,0.160974,-10.802,1.00e-04,7.4
684,0.136206,0.162618,-10.656,1.00e-04,7.5
685,0.134827,0.163802,-10.722,1.00e-04,7.4
686,0.135670,0.160565,-10.787,1.00e-04,7.4
687,0.135997,0.161193,-10.753,1.00e-04,7.4
688,0.135996,0.161432,-10.767,1.00e-04,7.4
689,0.134880,0.161774,-10.772,1.00e-04,7.5
690,0.135405,0.160360,-10.728,1.00e-04,7.5
691,0.134960,0.159716,-10.774,1.00e-04,7.4
692,0.135244,0.160500,-10.789,1.00e-04,7.4
693,0.136099,0.161776,-10.772,1.00e-04,7.4
694,0.136444,0.164073,-10.675,1.00e-04,7.4
695,0.134631,0.159321,-10.756,1.00e-04,7.5
696,0.134955,0.161396,-10.823,1.00e-04,7.5
697,0.134822,0.159628,-10.802,1.00e-04,7.4
698,0.134403,0.160706,-10.751,1.00e-04,7.4
699,0.134621,0.159369,-10.785,1.00e-04,7.5
700,0.134726,0.160652,-10.846,1.00e-04,7.4
701,0.134298,0.162001,-10.707,1.00e-04,7.4
702,0.134761,0.159450,-10.751,1.00e-04,7.4
703,0.134022,0.159887,-10.700,1.00e-04,7.4
704,0.134324,0.158291,-10.837,1.00e-04,7.4
705,0.134027,0.160208,-10.792,1.00e-04,7.4
706,0.133997,0.159367,-10.791,1.00e-04,7.4
707,0.133955,0.158797,-10.764,1.00e-04,7.4
708,0.134380,0.160236,-10.768,1.00e-04,7.4
709,0.134358,0.159841,-10.679,1.00e-04,7.4
710,0.134137,0.160892,-10.790,1.00e-04,7.4
711,0.134625,0.159841,-10.840,1.00e-04,7.4
712,0.134099,0.158443,-10.835,1.00e-04,7.4
713,0.133627,0.158669,-10.822,1.00e-04,7.4
714,0.133858,0.158360,-10.817,1.00e-04,7.4
715,0.134116,0.159254,-10.792,1.00e-04,7.4
716,0.133515,0.159282,-10.818,1.00e-04,7.4
717,0.135031,0.158230,-10.805,1.00e-04,7.4
718,0.133940,0.158559,-10.797,1.00e-04,7.4
719,0.133289,0.158101,-10.826,1.00e-04,7.4
720,0.132721,0.158801,-10.766,1.00e-04,7.4
721,0.134087,0.158033,-10.815,1.00e-04,7.4
722,0.132975,0.159284,-10.831,1.00e-04,7.4
723,0.133701,0.158982,-10.791,1.00e-04,7.4
724,0.133040,0.158069,-10.762,1.00e-04,7.4
725,0.133410,0.157912,-10.844,1.00e-04,7.4
726,0.132148,0.157614,-10.868,1.00e-04,7.4
727,0.132463,0.159653,-10.829,1.00e-04,7.4
728,0.132939,0.158270,-10.796,1.00e-04,7.4
729,0.133934,0.158764,-10.875,1.00e-04,7.4
730,0.132732,0.157244,-10.873,1.00e-04,7.4
731,0.133132,0.157428,-10.759,1.00e-04,7.4
732,0.132721,0.157697,-10.871,1.00e-04,7.4
733,0.131876,0.159438,-10.841,1.00e-04,7.4
734,0.131859,0.159726,-10.862,1.00e-04,7.4
735,0.132605,0.156927,-10.819,1.00e-04,7.4
736,0.132097,0.158211,-10.732,1.00e-04,7.4
737,0.132171,0.158409,-10.827,1.00e-04,7.4
738,0.132717,0.159567,-10.785,1.00e-04,7.4
739,0.132018,0.158218,-10.739,1.00e-04,7.4
740,0.132354,0.157247,-10.781,1.00e-04,7.4
741,0.132168,0.156766,-10.823,1.00e-04,7.4
742,0.132153,0.157875,-10.780,1.00e-04,7.4
743,0.131330,0.158203,-10.839,1.00e-04,7.4
744,0.131482,0.157244,-10.840,1.00e-04,7.4
745,0.132308,0.159810,-10.847,1.00e-04,7.4
746,0.132956,0.159741,-10.847,1.00e-04,7.4
747,0.131706,0.156398,-10.833,1.00e-04,7.4
748,0.130697,0.157150,-10.750,1.00e-04,7.4
749,0.132316,0.157644,-10.856,1.00e-04,7.4
750,0.130896,0.157081,-10.755,1.00e-04,7.4
751,0.130695,0.157617,-10.873,1.00e-04,7.4
752,0.131182,0.155688,-10.820,1.00e-04,7.4
753,0.131571,0.156129,-10.863,1.00e-04,7.4
754,0.131456,0.155887,-10.882,1.00e-04,7.4
755,0.130746,0.157360,-10.837,1.00e-04,7.4
756,0.131097,0.157787,-10.892,1.00e-04,7.4
757,0.131887,0.157453,-10.905,1.00e-04,7.4
758,0.130563,0.157217,-10.899,1.00e-04,7.4
759,0.130712,0.157598,-10.877,1.00e-04,7.4
760,0.130511,0.157031,-10.826,1.00e-04,7.4
761,0.130290,0.157122,-10.810,1.00e-04,7.4
762,0.131115,0.156308,-10.804,1.00e-04,7.4
763,0.130192,0.157315,-10.890,1.00e-04,7.4
764,0.130313,0.156420,-10.825,1.00e-04,7.4
765,0.131005,0.157249,-10.803,1.00e-04,7.4
766,0.129523,0.156794,-10.828,1.00e-04,7.4
767,0.130443,0.155678,-10.875,1.00e-04,7.4
768,0.130193,0.157056,-10.837,1.00e-04,7.4
769,0.130554,0.156195,-10.866,1.00e-04,7.4
770,0.129620,0.155877,-10.835,1.00e-04,7.4
771,0.129872,0.156822,-10.789,1.00e-04,7.4
772,0.129693,0.156228,-10.911,1.00e-04,7.4
773,0.130076,0.156793,-10.838,5.00e-05,7.4
774,0.130246,0.156954,-10.916,5.00e-05,7.4
775,0.129963,0.155371,-10.879,5.00e-05,7.4
776,0.128613,0.155412,-10.840,5.00e-05,7.4
777,0.130117,0.155950,-10.886,5.00e-05,7.4
778,0.130424,0.154891,-10.886,5.00e-05,7.4
779,0.129192,0.155733,-10.885,5.00e-05,7.4
780,0.129782,0.155628,-10.919,5.00e-05,7.4
781,0.130043,0.155362,-10.907,5.00e-05,7.4
782,0.129768,0.156912,-10.930,5.00e-05,7.4
783,0.130157,0.156508,-10.881,5.00e-05,7.4
784,0.130268,0.156038,-10.858,5.00e-05,7.4
785,0.128704,0.154876,-10.921,5.00e-05,7.4
786,0.129028,0.156165,-10.881,5.00e-05,7.4
787,0.131378,0.155535,-10.900,5.00e-05,7.4
788,0.128498,0.155233,-10.867,5.00e-05,7.4
789,0.129134,0.155629,-10.871,5.00e-05,7.4
790,0.129029,0.157151,-10.905,5.00e-05,7.4
791,0.128775,0.154845,-10.882,5.00e-05,7.4
792,0.128568,0.154909,-10.893,5.00e-05,7.4
793,0.128189,0.154879,-10.887,5.00e-05,7.4
794,0.128770,0.154348,-10.897,5.00e-05,7.4
795,0.128317,0.155978,-10.923,5.00e-05,7.4
796,0.129941,0.155101,-10.853,5.00e-05,7.4
797,0.128746,0.156093,-10.882,5.00e-05,7.4
798,0.128427,0.154651,-10.897,5.00e-05,7.4
799,0.131317,0.154837,-10.904,5.00e-05,7.4
800,0.128854,0.155241,-10.863,5.00e-05,7.4
801,0.128408,0.154573,-10.917,5.00e-05,7.4
802,0.128636,0.154114,-10.915,5.00e-05,7.4
803,0.130288,0.155272,-10.888,5.00e-05,7.4
804,0.128826,0.155369,-10.865,5.00e-05,7.4
805,0.128885,0.155499,-10.907,5.00e-05,7.4
806,0.128453,0.156064,-10.904,5.00e-05,7.4
807,0.129140,0.154896,-10.882,5.00e-05,7.4
808,0.128806,0.154400,-10.896,5.00e-05,7.4
809,0.127876,0.155968,-10.870,5.00e-05,7.4
810,0.128257,0.155840,-10.916,5.00e-05,7.4
811,0.129263,0.155394,-10.854,5.00e-05,7.4
812,0.129119,0.154877,-10.940,5.00e-05,7.4
813,0.128549,0.154035,-10.928,5.00e-05,7.4
814,0.128218,0.154936,-10.927,5.00e-05,7.4
815,0.127907,0.155340,-10.924,5.00e-05,7.4
816,0.128191,0.154493,-10.904,5.00e-05,7.4
817,0.127832,0.154312,-10.939,5.00e-05,7.4
818,0.128226,0.154298,-10.916,5.00e-05,7.4
819,0.128245,0.155318,-10.970,5.00e-05,7.4
820,0.128468,0.154997,-10.906,5.00e-05,7.4
821,0.128015,0.155200,-10.920,5.00e-05,7.4
822,0.128176,0.154965,-10.809,5.00e-05,7.4
823,0.128546,0.154529,-10.891,5.00e-05,7.4
824,0.127890,0.154318,-10.912,5.00e-05,7.4
825,0.128229,0.154964,-10.934,5.00e-05,7.4
826,0.128071,0.154235,-10.939,5.00e-05,7.4
827,0.128201,0.153371,-10.935,5.00e-05,7.4
828,0.129371,0.154263,-10.918,5.00e-05,7.4
829,0.129241,0.153750,-10.911,5.00e-05,7.4
830,0.127895,0.154280,-10.927,5.00e-05,7.4
831,0.128524,0.153917,-10.926,5.00e-05,7.4
832,0.128625,0.154123,-10.953,5.00e-05,7.4
833,0.127435,0.154996,-10.912,5.00e-05,7.4
834,0.127725,0.155260,-10.931,5.00e-05,7.4
835,0.127351,0.154407,-10.935,5.00e-05,7.4
836,0.126824,0.153939,-10.890,5.00e-05,7.4
837,0.127728,0.154164,-10.983,5.00e-05,7.4
838,0.128643,0.154230,-10.956,5.00e-05,7.4
839,0.127712,0.153745,-10.946,5.00e-05,7.4
840,0.127549,0.155261,-10.968,5.00e-05,7.4
841,0.127509,0.154353,-10.927,5.00e-05,7.4
842,0.127284,0.153542,-10.947,5.00e-05,7.4
843,0.126976,0.154341,-10.963,5.00e-05,7.4
844,0.128207,0.154030,-10.941,5.00e-05,7.4
845,0.128750,0.153384,-10.971,5.00e-05,7.4
846,0.126563,0.153489,-10.889,5.00e-05,7.4
847,0.128928,0.153724,-10.934,5.00e-05,7.4
848,0.127748,0.154863,-10.897,2.50e-05,7.4
849,0.128435,0.153765,-10.923,2.50e-05,7.4
850,0.127693,0.154170,-10.961,2.50e-05,7.4
851,0.127153,0.153716,-10.982,2.50e-05,7.4
852,0.128394,0.153247,-10.942,2.50e-05,7.4
853,0.128195,0.153515,-10.928,2.50e-05,7.4
854,0.127607,0.153185,-10.962,2.50e-05,7.4
855,0.127929,0.153182,-10.944,2.50e-05,7.4
856,0.127235,0.154131,-10.972,2.50e-05,7.4
857,0.127211,0.153817,-10.954,2.50e-05,7.4
858,0.126629,0.153688,-10.964,2.50e-05,7.4
859,0.127097,0.153578,-10.958,2.50e-05,7.4
860,0.127231,0.153131,-10.957,2.50e-05,7.4
861,0.127702,0.153244,-10.939,2.50e-05,7.4
862,0.127117,0.153368,-10.939,2.50e-05,7.4
863,0.128181,0.152884,-10.947,2.50e-05,7.4
864,0.126031,0.153649,-10.936,2.50e-05,7.4
865,0.126672,0.153138,-10.957,2.50e-05,7.4
866,0.126959,0.153031,-10.940,2.50e-05,7.4
867,0.126808,0.153030,-10.956,2.50e-05,7.4
868,0.126439,0.154348,-10.967,2.50e-05,7.4
869,0.126399,0.153438,-10.952,2.50e-05,7.4
870,0.126567,0.152995,-10.962,2.50e-05,7.4
871,0.126594,0.153853,-10.967,2.50e-05,7.4
872,0.126716,0.153455,-10.976,2.50e-05,7.4
873,0.126377,0.153718,-10.981,2.50e-05,7.4
874,0.126450,0.154267,-11.005,2.50e-05,7.4
875,0.126369,0.153349,-10.965,2.50e-05,7.4
876,0.126776,0.153449,-10.960,2.50e-05,7.4
877,0.126936,0.153837,-10.953,2.50e-05,7.4
878,0.126170,0.154112,-10.977,2.50e-05,7.4
879,0.126834,0.154089,-10.981,2.50e-05,7.4
880,0.126987,0.153895,-10.960,2.50e-05,7.4
881,0.126397,0.152940,-10.987,2.50e-05,7.4
882,0.126254,0.153541,-10.992,2.50e-05,7.4
883,0.126477,0.153344,-10.983,2.50e-05,7.4
884,0.127097,0.152755,-10.929,2.50e-05,7.4
885,0.126698,0.153525,-10.986,2.50e-05,7.4
886,0.126983,0.153093,-10.974,2.50e-05,7.4
887,0.126389,0.152892,-10.980,2.50e-05,7.4
888,0.126730,0.153019,-10.964,2.50e-05,7.4
889,0.126528,0.152807,-10.984,2.50e-05,7.4
890,0.126524,0.152769,-10.983,2.50e-05,7.4
891,0.126393,0.152629,-10.996,2.50e-05,7.4
892,0.125997,0.154643,-11.011,2.50e-05,7.4
893,0.126611,0.153063,-10.939,2.50e-05,7.4
894,0.126919,0.153539,-11.016,2.50e-05,7.4
895,0.128050,0.153621,-10.937,2.50e-05,7.4
896,0.126310,0.152421,-10.959,2.50e-05,7.4
897,0.126595,0.153686,-10.984,2.50e-05,7.4
898,0.126196,0.152666,-10.945,2.50e-05,7.4
899,0.125909,0.152417,-10.965,2.50e-05,7.4
900,0.127131,0.152935,-11.011,2.50e-05,7.4
901,0.126594,0.152998,-10.949,2.50e-05,7.4
902,0.126181,0.153492,-10.996,2.50e-05,7.4
903,0.126385,0.152500,-11.008,2.50e-05,7.4
904,0.125896,0.153549,-10.966,2.50e-05,7.4
905,0.126307,0.153311,-10.982,2.50e-05,7.4
906,0.126501,0.152878,-10.971,2.50e-05,7.4
907,0.126287,0.153147,-10.995,2.50e-05,7.4
908,0.125845,0.153023,-10.962,2.50e-05,7.4
909,0.126173,0.152930,-10.981,2.50e-05,7.4
910,0.128822,0.152659,-10.993,2.50e-05,7.4
911,0.126541,0.153124,-10.964,2.50e-05,7.4
912,0.125690,0.152989,-10.999,2.50e-05,7.4
913,0.126250,0.153463,-11.001,2.50e-05,7.4
914,0.125963,0.152501,-10.973,2.50e-05,7.4
915,0.125279,0.152682,-10.994,2.50e-05,7.4
916,0.126459,0.152159,-10.946,2.50e-05,7.4
917,0.125935,0.153467,-10.977,2.50e-05,7.4
918,0.127396,0.154939,-11.029,2.50e-05,7.4
919,0.125661,0.152516,-10.972,2.50e-05,7.4
920,0.125779,0.152036,-10.984,2.50e-05,7.4
921,0.125895,0.152731,-10.984,2.50e-05,7.4
922,0.126184,0.152787,-10.972,2.50e-05,7.4
923,0.127770,0.152613,-11.018,2.50e-05,7.4
924,0.125549,0.152886,-11.015,2.50e-05,7.4
925,0.127712,0.152767,-11.013,2.50e-05,7.4
926,0.125513,0.151782,-10.977,2.50e-05,7.4
927,0.126360,0.152823,-11.016,2.50e-05,7.4
928,0.126499,0.152524,-10.978,2.50e-05,7.4
929,0.125395,0.152514,-11.016,2.50e-05,7.4
930,0.126089,0.152017,-11.006,2.50e-05,7.4
931,0.125310,0.153132,-10.997,2.50e-05,7.4
932,0.126930,0.152595,-10.995,2.50e-05,7.4
933,0.126435,0.151565,-10.965,2.50e-05,7.4
934,0.126048,0.152806,-10.982,2.50e-05,7.4
935,0.125824,0.151999,-11.018,2.50e-05,7.4
936,0.126287,0.152246,-10.939,2.50e-05,7.4
937,0.125408,0.152426,-10.998,2.50e-05,7.4
938,0.127213,0.152136,-10.988,2.50e-05,7.4
939,0.125814,0.152267,-10.989,2.50e-05,7.4
940,0.126405,0.152114,-10.984,2.50e-05,7.4
941,0.127345,0.152058,-10.998,2.50e-05,7.4
942,0.126646,0.152234,-11.004,2.50e-05,7.4
943,0.125484,0.152886,-11.009,2.50e-05,7.4
944,0.126027,0.152567,-10.989,2.50e-05,7.4
945,0.125929,0.152211,-10.980,2.50e-05,7.4
946,0.125465,0.152052,-11.005,2.50e-05,7.4
947,0.125946,0.151427,-11.006,2.50e-05,7.4
948,0.127316,0.153443,-11.028,2.50e-05,7.4
949,0.125661,0.152798,-11.031,2.50e-05,7.4
950,0.125140,0.152589,-10.952,2.50e-05,7.4
951,0.125430,0.151934,-10.985,2.50e-05,7.4
952,0.126279,0.152358,-11.030,2.50e-05,7.4
953,0.125785,0.152166,-10.991,2.50e-05,7.4
954,0.125084,0.152563,-10.997,2.50e-05,7.4
955,0.125579,0.151621,-10.993,2.50e-05,7.4
956,0.125411,0.151820,-11.030,2.50e-05,7.4
957,0.125613,0.151853,-10.998,2.50e-05,7.4
958,0.125182,0.151675,-10.996,2.50e-05,7.4
959,0.125009,0.153019,-10.995,2.50e-05,7.4
960,0.125533,0.152009,-11.001,2.50e-05,7.4
961,0.125305,0.152415,-11.022,2.50e-05,7.4
962,0.125523,0.152654,-11.024,2.50e-05,7.4
963,0.125827,0.152394,-11.030,2.50e-05,7.4
964,0.125429,0.151823,-10.997,2.50e-05,7.5
965,0.125854,0.152305,-10.987,2.50e-05,7.4
966,0.125530,0.152341,-11.004,2.50e-05,7.4
967,0.126040,0.152254,-11.013,2.50e-05,7.5
968,0.125561,0.152034,-11.013,1.25e-05,7.4
969,0.126203,0.151615,-11.001,1.25e-05,7.5
970,0.125491,0.151827,-10.998,1.25e-05,7.4
971,0.124940,0.151803,-11.021,1.25e-05,7.4
972,0.126517,0.151569,-11.023,1.25e-05,7.5
973,0.125332,0.152195,-11.024,1.25e-05,7.4
974,0.124826,0.152063,-11.002,1.25e-05,7.4
975,0.126277,0.151646,-11.031,1.25e-05,7.4
976,0.125374,0.152184,-11.031,1.25e-05,7.5
977,0.126213,0.151755,-11.026,1.25e-05,7.5
978,0.125221,0.151862,-11.029,1.25e-05,7.4
979,0.124992,0.151844,-10.988,1.25e-05,7.5
980,0.125152,0.152418,-11.021,1.25e-05,7.5
981,0.126242,0.151914,-11.043,1.25e-05,7.4
982,0.124523,0.151725,-11.022,1.25e-05,7.4
983,0.125689,0.151933,-11.007,1.25e-05,7.4
984,0.126253,0.152283,-11.040,1.25e-05,7.4
985,0.125201,0.152010,-11.048,1.25e-05,7.4
986,0.125646,0.151756,-11.033,1.25e-05,7.4
987,0.125396,0.152033,-11.004,1.25e-05,7.4
988,0.125646,0.152144,-11.041,1.25e-05,7.5
989,0.125341,0.152391,-11.015,6.25e-06,7.4
990,0.124720,0.151889,-11.029,6.25e-06,7.4
991,0.125498,0.151822,-11.019,6.25e-06,7.5
992,0.126151,0.151965,-11.022,6.25e-06,7.5
993,0.125195,0.151676,-11.014,6.25e-06,7.4
994,0.125163,0.151676,-11.016,6.25e-06,7.4
995,0.126003,0.151895,-11.019,6.25e-06,7.4
996,0.125751,0.151817,-11.029,6.25e-06,7.5
997,0.124954,0.151519,-11.012,6.25e-06,7.4
