"file","Hash","Path"
"gru_L20_fl_max_w10.bit","BCEAAF19FF18F3BF43EF7851ABD21A0F","<BITGEN>\out_met_timing\gru_L20_fl_max_w10.bit"
"gru_L20_fl_max_w11.bit","F424BFEABDB0326E0BA81F3E0EBB03E5","<BITGEN>\out_met_timing\gru_L20_fl_max_w11.bit"
"gru_L20_fl_max_w12.bit","FEEE79E23306F5E627B01CDC0668187A","<BITGEN>\out_met_timing\gru_L20_fl_max_w12.bit"
"gru_L20_fl_max_w13.bit","0AC06E124C020432F8315BC1799BD7FB","<BITGEN>\out_met_timing\gru_L20_fl_max_w13.bit"
"gru_L20_fl_max_w14.bit","ED2FDE3622B6BCBB0A0854ACEE201160","<BITGEN>\out_met_timing\gru_L20_fl_max_w14.bit"
"gru_L20_fl_max_w15.bit","59DB5526E50878CFBBBD770E8DEA9F55","<BITGEN>\out_met_timing\gru_L20_fl_max_w15.bit"
"gru_L20_fl_max_w16.bit","FD426F2111E38184AEF3894A10DE9353","<BITGEN>\out_met_timing\gru_L20_fl_max_w16.bit"
"gru_L20_fl_max_w17.bit","4D4962EB3FB044D75346139C75CB0624","<BITGEN>\out_met_timing\gru_L20_fl_max_w17.bit"
"gru_L20_fl_max_w18.bit","F975BF1C29D70976236172D025DC7D69","<BITGEN>\out_met_timing\gru_L20_fl_max_w18.bit"
"gru_L20_fl_max_w19.bit","7153A305CC743DCC3AD93EF99BA61427","<BITGEN>\out_met_timing\gru_L20_fl_max_w19.bit"
"gru_L20_fl_max_w20.bit","6D86FB5291284C8DD80F314380975625","<BITGEN>\out_met_timing\gru_L20_fl_max_w20.bit"
"gru_L20_fl_max_w21.bit","4B1D8F5AD4D015972037F717C7581A71","<BITGEN>\out_met_timing\gru_L20_fl_max_w21.bit"
"gru_L20_fl_max_w22.bit","CD90B0BDBC8ED05C605922905F9B78C4","<BITGEN>\out_met_timing\gru_L20_fl_max_w22.bit"
"gru_L20_fl_max_w23.bit","F69807E056CD3140E7EEE26062D3083D","<BITGEN>\out_met_timing\gru_L20_fl_max_w23.bit"
"gru_L20_fl_max_w24.bit","4027238A1A87247C56083D030BED6813","<BITGEN>\out_met_timing\gru_L20_fl_max_w24.bit"
"gru_L20_fl_max_w8.bit","071D366EEE54D6FE99F432F7FF516DDF","<BITGEN>\out_met_timing\gru_L20_fl_max_w8.bit"
"gru_L20_fl_max_w9.bit","5CCFF34CDEF44BFB6A607360F183BF5E","<BITGEN>\out_met_timing\gru_L20_fl_max_w9.bit"
"gru_L20_fl_mod_w10.bit","7031E278C0BD0D5B0CB2392A4F549316","<BITGEN>\out_met_timing\gru_L20_fl_mod_w10.bit"
"gru_L20_fl_mod_w11.bit","2D2CBAF2F4DBCA0F49E78FF54070E1DF","<BITGEN>\out_met_timing\gru_L20_fl_mod_w11.bit"
"gru_L20_fl_mod_w12.bit","C521C51549A1553816900A09A7789059","<BITGEN>\out_met_timing\gru_L20_fl_mod_w12.bit"
"gru_L20_fl_mod_w13.bit","5CB59EC7C164C8EE4096037ADD41D4E5","<BITGEN>\out_met_timing\gru_L20_fl_mod_w13.bit"
"gru_L20_fl_mod_w14.bit","48D05F949DF2E86898B32D7AF625EDCA","<BITGEN>\out_met_timing\gru_L20_fl_mod_w14.bit"
"gru_L20_fl_mod_w15.bit","16CDB5FC115CF126C5228726DFDF3444","<BITGEN>\out_met_timing\gru_L20_fl_mod_w15.bit"
"gru_L20_fl_mod_w16.bit","C38F6BA2EF80089320189D8B87B7BDAA","<BITGEN>\out_met_timing\gru_L20_fl_mod_w16.bit"
"gru_L20_fl_mod_w17.bit","561F82063EAD92222BCCE13F6E2A6E6D","<BITGEN>\out_met_timing\gru_L20_fl_mod_w17.bit"
"gru_L20_fl_mod_w18.bit","BA726F15A0D756415023C86D4AF58DF6","<BITGEN>\out_met_timing\gru_L20_fl_mod_w18.bit"
"gru_L20_fl_mod_w19.bit","46D65B32B6ED941B28CBAE17C5DAD138","<BITGEN>\out_met_timing\gru_L20_fl_mod_w19.bit"
"gru_L20_fl_mod_w20.bit","D88C935C17B72276916591D3F4590AA6","<BITGEN>\out_met_timing\gru_L20_fl_mod_w20.bit"
"gru_L20_fl_mod_w21.bit","99D36AADB006130882361C9CE2A057A5","<BITGEN>\out_met_timing\gru_L20_fl_mod_w21.bit"
"gru_L20_fl_mod_w22.bit","0A0485008AEBA114E198A0FCD24AD4C4","<BITGEN>\out_met_timing\gru_L20_fl_mod_w22.bit"
"gru_L20_fl_mod_w23.bit","5B362C3BF65A84011AEAB07E40728EE3","<BITGEN>\out_met_timing\gru_L20_fl_mod_w23.bit"
"gru_L20_fl_mod_w24.bit","7E3E9D335A57C1C3776B71C8ECD65748","<BITGEN>\out_met_timing\gru_L20_fl_mod_w24.bit"
"gru_L20_fl_mod_w8.bit","17476ECDEC27DC50BC14ADBE2C73D8B2","<BITGEN>\out_met_timing\gru_L20_fl_mod_w8.bit"
"gru_L20_fl_mod_w9.bit","403291826681D8F81310AAB870B4E8E6","<BITGEN>\out_met_timing\gru_L20_fl_mod_w9.bit"
"gru_L20_gt_max_w10.bit","EC406B1E7366784531331521700D0AE7","<BITGEN>\out_met_timing\gru_L20_gt_max_w10.bit"
"gru_L20_gt_max_w11.bit","A9EFD6AF6D30B6958FFC429350A78982","<BITGEN>\out_met_timing\gru_L20_gt_max_w11.bit"
"gru_L20_gt_max_w12.bit","DDB33CA744B01F5C8ABDAA7391A5CF51","<BITGEN>\out_met_timing\gru_L20_gt_max_w12.bit"
"gru_L20_gt_max_w13.bit","C663EBFC12D62AD9F3F4C1D4EAD3EB66","<BITGEN>\out_met_timing\gru_L20_gt_max_w13.bit"
"gru_L20_gt_max_w14.bit","7FE8397EF69CA8DC8F31A1536EBF0462","<BITGEN>\out_met_timing\gru_L20_gt_max_w14.bit"
"gru_L20_gt_max_w15.bit","D1B8C3C591A7C1704450EEFD9271E696","<BITGEN>\out_met_timing\gru_L20_gt_max_w15.bit"
"gru_L20_gt_max_w16.bit","208401FF4AF595FFE0A510A1648EEE26","<BITGEN>\out_met_timing\gru_L20_gt_max_w16.bit"
"gru_L20_gt_max_w17.bit","F7B0B82CB8CE798F230705BEB80ECBE3","<BITGEN>\out_met_timing\gru_L20_gt_max_w17.bit"
"gru_L20_gt_max_w18.bit","67581B5CF6956B4BA32CF29F5F6AB731","<BITGEN>\out_met_timing\gru_L20_gt_max_w18.bit"
"gru_L20_gt_max_w19.bit","EF623E5704271FEE966AC812BCA9D9C3","<BITGEN>\out_met_timing\gru_L20_gt_max_w19.bit"
"gru_L20_gt_max_w20.bit","B73FFAF8F757B102C7D7695B8FCCDD18","<BITGEN>\out_met_timing\gru_L20_gt_max_w20.bit"
"gru_L20_gt_max_w21.bit","9D2C65E355ACBF32B101086185B3B2A1","<BITGEN>\out_met_timing\gru_L20_gt_max_w21.bit"
"gru_L20_gt_max_w22.bit","81FD5A924FE2B5B50766F67FBC582A09","<BITGEN>\out_met_timing\gru_L20_gt_max_w22.bit"
"gru_L20_gt_max_w23.bit","6B74573440B4F7A84515020111EADB77","<BITGEN>\out_met_timing\gru_L20_gt_max_w23.bit"
"gru_L20_gt_max_w24.bit","086B72DAD34D6F92E6FF22F22F31C263","<BITGEN>\out_met_timing\gru_L20_gt_max_w24.bit"
"gru_L20_gt_max_w8.bit","8E4226C78D322623CA8D0970C46ACAAB","<BITGEN>\out_met_timing\gru_L20_gt_max_w8.bit"
"gru_L20_gt_max_w9.bit","A9252F0892155E922D753BFD8B5E6F2A","<BITGEN>\out_met_timing\gru_L20_gt_max_w9.bit"
"gru_L20_gt_mod_w10.bit","1087242EA6EA11E31016D07006A4C218","<BITGEN>\out_met_timing\gru_L20_gt_mod_w10.bit"
"gru_L20_gt_mod_w11.bit","2509C7FCB2DF6E57D68DA1D38F3A1A0A","<BITGEN>\out_met_timing\gru_L20_gt_mod_w11.bit"
"gru_L20_gt_mod_w12.bit","595DFDAE2C45A65F0CA5717F8218EB66","<BITGEN>\out_met_timing\gru_L20_gt_mod_w12.bit"
"gru_L20_gt_mod_w13.bit","1E1BE509E3A3675A2D7C806BD86FEA61","<BITGEN>\out_met_timing\gru_L20_gt_mod_w13.bit"
"gru_L20_gt_mod_w14.bit","A98984B9F6A8F37AE14648A7DD5987A0","<BITGEN>\out_met_timing\gru_L20_gt_mod_w14.bit"
"gru_L20_gt_mod_w15.bit","6F334CC45EA49F8B3A813F2D13CC0F7B","<BITGEN>\out_met_timing\gru_L20_gt_mod_w15.bit"
"gru_L20_gt_mod_w16.bit","A94E8D22442BAC00DDA97F898A5BD6F1","<BITGEN>\out_met_timing\gru_L20_gt_mod_w16.bit"
"gru_L20_gt_mod_w17.bit","7BF127AE1E1DD458F690379382717CAC","<BITGEN>\out_met_timing\gru_L20_gt_mod_w17.bit"
"gru_L20_gt_mod_w18.bit","B58C01F1C4A0F0B1121FEB5E78EDD96A","<BITGEN>\out_met_timing\gru_L20_gt_mod_w18.bit"
"gru_L20_gt_mod_w19.bit","7C1A05BECF082E29E116D20208438682","<BITGEN>\out_met_timing\gru_L20_gt_mod_w19.bit"
"gru_L20_gt_mod_w20.bit","8A75373A16CD65178A81725758457382","<BITGEN>\out_met_timing\gru_L20_gt_mod_w20.bit"
"gru_L20_gt_mod_w21.bit","C9CE344B008B10BC7CD860E0109B569B","<BITGEN>\out_met_timing\gru_L20_gt_mod_w21.bit"
"gru_L20_gt_mod_w22.bit","817E19B5CB56B9218C038EC6A572CB7A","<BITGEN>\out_met_timing\gru_L20_gt_mod_w22.bit"
"gru_L20_gt_mod_w23.bit","6527F54711C92CDA5795775FB8F75A4B","<BITGEN>\out_met_timing\gru_L20_gt_mod_w23.bit"
"gru_L20_gt_mod_w24.bit","73FE4525C36A07A217B7C9F1ABD0B7B0","<BITGEN>\out_met_timing\gru_L20_gt_mod_w24.bit"
"gru_L20_gt_mod_w8.bit","2F55E91F051F425C3AD0582F768CADB6","<BITGEN>\out_met_timing\gru_L20_gt_mod_w8.bit"
"gru_L20_gt_mod_w9.bit","D7ED7E91DB24AADC048A160B104F9C20","<BITGEN>\out_met_timing\gru_L20_gt_mod_w9.bit"
"gru_L20_rodent_max_w10.bit","A23B4BA73FF2C0A8FDF3C807FCA1C3E7","<BITGEN>\out_met_timing\gru_L20_rodent_max_w10.bit"
"gru_L20_rodent_max_w11.bit","C7F751879483016B0D4BBC5DA25455F8","<BITGEN>\out_met_timing\gru_L20_rodent_max_w11.bit"
"gru_L20_rodent_max_w12.bit","AFCD25D8154B808A0F253992268F9D58","<BITGEN>\out_met_timing\gru_L20_rodent_max_w12.bit"
"gru_L20_rodent_max_w13.bit","E17E9298A7B7BCDFF9E11E5C4A455A08","<BITGEN>\out_met_timing\gru_L20_rodent_max_w13.bit"
"gru_L20_rodent_max_w14.bit","DC4F676073D559034B6BB0E669A7BA39","<BITGEN>\out_met_timing\gru_L20_rodent_max_w14.bit"
"gru_L20_rodent_max_w15.bit","F0B8FE31B0C11FFD0EF35CDD8025CEC4","<BITGEN>\out_met_timing\gru_L20_rodent_max_w15.bit"
"gru_L20_rodent_max_w16.bit","466B985DA02BB2800CE61A34F34B0F51","<BITGEN>\out_met_timing\gru_L20_rodent_max_w16.bit"
"gru_L20_rodent_max_w17.bit","5338961ABDE0FE8BE02BFF335374E6A3","<BITGEN>\out_met_timing\gru_L20_rodent_max_w17.bit"
"gru_L20_rodent_max_w18.bit","4D1A956EF4AE3B822C2070A04620D680","<BITGEN>\out_met_timing\gru_L20_rodent_max_w18.bit"
"gru_L20_rodent_max_w19.bit","61F2A75448A70B063F73BFCE8E18038C","<BITGEN>\out_met_timing\gru_L20_rodent_max_w19.bit"
"gru_L20_rodent_max_w20.bit","67AB52E348AA3442D2C11DC4FC14CC73","<BITGEN>\out_met_timing\gru_L20_rodent_max_w20.bit"
"gru_L20_rodent_max_w21.bit","52FC7B61A0D53089B2C54C23AEE19E57","<BITGEN>\out_met_timing\gru_L20_rodent_max_w21.bit"
"gru_L20_rodent_max_w22.bit","2F5D38B0A600979D8AC19CEF1FDBB585","<BITGEN>\out_met_timing\gru_L20_rodent_max_w22.bit"
"gru_L20_rodent_max_w23.bit","47BE7643A1DB5C220F06C11B54660B0C","<BITGEN>\out_met_timing\gru_L20_rodent_max_w23.bit"
"gru_L20_rodent_max_w24.bit","322F8C2E4146FD78C5B994B002772885","<BITGEN>\out_met_timing\gru_L20_rodent_max_w24.bit"
"gru_L20_rodent_max_w8.bit","C604453F1D47DD6B87C202D8A9EFE7C4","<BITGEN>\out_met_timing\gru_L20_rodent_max_w8.bit"
"gru_L20_rodent_max_w9.bit","FE3CCAFFDFF4C5DD8EBE6916BBDB13B1","<BITGEN>\out_met_timing\gru_L20_rodent_max_w9.bit"
"gru_L20_rodent_mod_w10.bit","C62A70CE8169073C7D82613802704D23","<BITGEN>\out_met_timing\gru_L20_rodent_mod_w10.bit"
"gru_L20_rodent_mod_w11.bit","AA3DDCFF1921D75E05E44B97E9147E74","<BITGEN>\out_met_timing\gru_L20_rodent_mod_w11.bit"
"gru_L20_rodent_mod_w12.bit","043071054A6AB08713DCD4F92FE0F2DA","<BITGEN>\out_met_timing\gru_L20_rodent_mod_w12.bit"
"gru_L20_rodent_mod_w13.bit","F95EC5456D930B377C33680FAB48F43F","<BITGEN>\out_met_timing\gru_L20_rodent_mod_w13.bit"
"gru_L20_rodent_mod_w14.bit","BEF68C48CA0E8733DA74B5F935C4A986","<BITGEN>\out_met_timing\gru_L20_rodent_mod_w14.bit"
"gru_L20_rodent_mod_w15.bit","DA0CD2F9E6A78714D8EF09EA3972EC7E","<BITGEN>\out_met_timing\gru_L20_rodent_mod_w15.bit"
"gru_L20_rodent_mod_w16.bit","A64D56B067FAA7D96670F971D7B489A6","<BITGEN>\out_met_timing\gru_L20_rodent_mod_w16.bit"
"gru_L20_rodent_mod_w17.bit","1AF8CD850AA4BA80CC5943E3582AAE7B","<BITGEN>\out_met_timing\gru_L20_rodent_mod_w17.bit"
"gru_L20_rodent_mod_w18.bit","1F6BB35595C5D50A5A92887BA44959DA","<BITGEN>\out_met_timing\gru_L20_rodent_mod_w18.bit"
"gru_L20_rodent_mod_w19.bit","5B87ED8AA3E7095B03AEBCBFA518DC57","<BITGEN>\out_met_timing\gru_L20_rodent_mod_w19.bit"
"gru_L20_rodent_mod_w20.bit","FE00F7998E2DC5EE438AEA649809FCCC","<BITGEN>\out_met_timing\gru_L20_rodent_mod_w20.bit"
"gru_L20_rodent_mod_w21.bit","DBE5647B42AF8D2CAA8F42C15FC78BCC","<BITGEN>\out_met_timing\gru_L20_rodent_mod_w21.bit"
"gru_L20_rodent_mod_w22.bit","D9D2305FFEEE0A505642D0C9C71584E6","<BITGEN>\out_met_timing\gru_L20_rodent_mod_w22.bit"
"gru_L20_rodent_mod_w23.bit","B8D27BF0955FACFA90317B34D4CAB101","<BITGEN>\out_met_timing\gru_L20_rodent_mod_w23.bit"
"gru_L20_rodent_mod_w24.bit","7970F45E98D0F72AE1115258B5AA2D95","<BITGEN>\out_met_timing\gru_L20_rodent_mod_w24.bit"
"gru_L20_rodent_mod_w8.bit","0DBFDE8635AF167B12A18220B15690B0","<BITGEN>\out_met_timing\gru_L20_rodent_mod_w8.bit"
"gru_L20_rodent_mod_w9.bit","15C103788E11ED312D70C3D2DB9F0B46","<BITGEN>\out_met_timing\gru_L20_rodent_mod_w9.bit"
