label,esr_db,mrstft
board_rodent_max_nam_w8,3.23,12.763689041137695
board_rodent_max_nam_w8_float_ref,3.24,12.100873947143555
board_rodent_max_nam_w9,0.57,10.9632568359375
board_rodent_max_nam_w9_float_ref,0.55,9.897749900817871
board_rodent_max_nam_w10,1.32,9.212530136108398
board_rodent_max_nam_w10_float_ref,1.30,8.938277244567871
board_rodent_max_nam_w11,-1.90,6.813838958740234
board_rodent_max_nam_w11_float_ref,-1.96,6.551013469696045
board_rodent_max_nam_w12,-0.95,10.786441802978516
board_rodent_max_nam_w12_float_ref,-0.99,9.568412780761719
board_rodent_max_nam_w13,-2.94,7.392271041870117
board_rodent_max_nam_w13_float_ref,-3.06,6.8828582763671875
board_rodent_max_nam_w14,-9.35,3.396129608154297
board_rodent_max_nam_w14_float_ref,-10.30,4.018034934997559
board_rodent_max_nam_w15,-13.37,3.3130385875701904
board_rodent_max_nam_w15_float_ref,-14.94,3.0675888061523438
board_rodent_max_nam_w16,-16.66,3.4882116317749023
board_rodent_max_nam_w16_float_ref,-22.58,2.1325089931488037
board_rodent_max_nam_w17,-17.75,3.7005977630615234
board_rodent_max_nam_w17_float_ref,-30.33,1.4626059532165527
board_rodent_max_nam_w18,-17.94,3.8955373764038086
board_rodent_max_nam_w18_float_ref,-38.22,1.0211519002914429
board_rodent_max_nam_w19,-17.97,4.044673442840576
board_rodent_max_nam_w19_float_ref,-46.15,0.7530426979064941
board_rodent_max_nam_w20,-17.99,4.143941879272461
board_rodent_max_nam_w20_float_ref,-53.07,0.5827245116233826
board_rodent_max_nam_w21,-17.98,4.1936516761779785
board_rodent_max_nam_w21_float_ref,-58.30,0.4939125180244446
board_rodent_max_nam_w22,-17.98,4.230898857116699
board_rodent_max_nam_w22_float_ref,-67.78,0.4310779571533203
board_rodent_max_nam_w23,-17.98,4.240688800811768
board_rodent_max_nam_w23_float_ref,-67.52,0.41588911414146423
board_rodent_max_nam_w24,-17.98,4.237264156341553
board_rodent_max_nam_w24_float_ref,-68.19,0.4169653058052063
board_rodent_mod_nam_w8_float_ref,1.23,10.733484268188477
board_rodent_mod_nam_w9_float_ref,3.96,12.621706008911133
board_rodent_mod_nam_w10_float_ref,3.26,12.057498931884766
board_rodent_mod_nam_w11_float_ref,3.48,11.658963203430176
board_rodent_mod_nam_w12_float_ref,-6.58,7.25881290435791
board_rodent_mod_nam_w13_float_ref,-11.25,5.595553398132324
board_rodent_mod_nam_w14_float_ref,-21.26,3.9946985244750977
board_rodent_mod_nam_w15_float_ref,-27.40,3.016627550125122
board_rodent_mod_nam_w16_float_ref,-34.75,2.1910881996154785
board_rodent_mod_nam_w17_float_ref,-41.12,1.6344480514526367
board_rodent_mod_nam_w18_float_ref,-47.26,1.2134361267089844
board_rodent_mod_nam_w19_float_ref,-53.78,0.9072247743606567
board_rodent_mod_nam_w20_float_ref,-60.34,0.6949697732925415
board_rodent_mod_nam_w21_float_ref,-62.42,0.5632675886154175
board_rodent_mod_nam_w22_float_ref,-70.34,0.4822957217693329
board_rodent_mod_nam_w23_float_ref,-71.24,0.46250733733177185
board_rodent_mod_nam_w24_float_ref,-70.27,0.4529218077659607
board_gt_max_nam_w8_float_ref,7.34,18.097885131835938
board_gt_max_nam_w9_float_ref,-0.62,10.950919151306152
board_gt_max_nam_w10_float_ref,-0.23,10.810308456420898
board_gt_max_nam_w11_float_ref,-5.17,8.397177696228027
board_gt_max_nam_w12_float_ref,-10.14,6.582531452178955
board_gt_max_nam_w13_float_ref,-18.32,4.942329406738281
board_gt_max_nam_w14_float_ref,-24.59,3.8015246391296387
board_gt_max_nam_w15_float_ref,-31.04,2.8924319744110107
board_gt_max_nam_w16_float_ref,-37.49,2.1630375385284424
board_gt_max_nam_w17_float_ref,-44.24,1.599146842956543
board_gt_max_nam_w18_float_ref,-51.22,1.1869144439697266
board_gt_max_nam_w19_float_ref,-57.22,0.8977413177490234
board_gt_max_nam_w20_float_ref,-62.07,0.7039387822151184
board_gt_max_nam_w21_float_ref,-66.90,0.6074569821357727
board_gt_max_nam_w22_float_ref,-75.45,0.5573329329490662
board_gt_max_nam_w23_float_ref,-76.21,0.5483057498931885
board_gt_max_nam_w24_float_ref,-76.04,0.5479602813720703
board_gt_mod_nam_w8_float_ref,4.60,20.187992095947266
board_gt_mod_nam_w9_float_ref,0.69,15.194520950317383
board_gt_mod_nam_w10_float_ref,-4.80,12.538127899169922
board_gt_mod_nam_w11_float_ref,-9.82,10.033455848693848
board_gt_mod_nam_w12_float_ref,-14.84,8.025455474853516
board_gt_mod_nam_w13_float_ref,-20.64,6.485358238220215
board_gt_mod_nam_w14_float_ref,-27.68,5.42684268951416
board_gt_mod_nam_w15_float_ref,-33.60,4.186150550842285
board_gt_mod_nam_w16_float_ref,-40.38,2.8686819076538086
board_gt_mod_nam_w17_float_ref,-45.88,2.203490972518921
board_gt_mod_nam_w18_float_ref,-52.64,1.6803252696990967
board_gt_mod_nam_w19_float_ref,-58.29,1.2114529609680176
board_gt_mod_nam_w20_float_ref,-62.39,1.0813586711883545
board_gt_mod_nam_w21_float_ref,-67.83,0.9753110408782959
board_gt_mod_nam_w22_float_ref,-77.93,0.9107697010040283
board_gt_mod_nam_w23_float_ref,-77.66,0.9014254808425903
board_gt_mod_nam_w24_float_ref,-77.55,0.9117856025695801
board_fl_max_nam_w8_float_ref,0.76,13.571832656860352
board_fl_max_nam_w9_float_ref,-0.00,13.343242645263672
board_fl_max_nam_w10_float_ref,0.15,12.68056583404541
board_fl_max_nam_w11_float_ref,0.22,12.811199188232422
board_fl_max_nam_w12_float_ref,-0.02,13.622151374816895
board_fl_max_nam_w13_float_ref,-0.21,13.521570205688477
board_fl_max_nam_w14_float_ref,-20.68,3.428126811981201
board_fl_max_nam_w15_float_ref,-27.69,2.5430362224578857
board_fl_max_nam_w16_float_ref,-34.75,1.8845781087875366
board_fl_max_nam_w17_float_ref,-39.94,1.4155603647232056
board_fl_max_nam_w18_float_ref,-42.59,1.0683220624923706
board_fl_max_nam_w19_float_ref,-47.11,0.8096908926963806
board_fl_max_nam_w20_float_ref,-47.21,0.6244850158691406
board_fl_max_nam_w21_float_ref,-47.82,0.49364060163497925
board_fl_max_nam_w22_float_ref,-48.20,0.4146064817905426
board_fl_max_nam_w23_float_ref,-47.38,0.383657842874527
board_fl_max_nam_w24_float_ref,-50.18,0.3759342432022095
board_fl_mod_nam_w8_float_ref,8.51,19.132633209228516
board_fl_mod_nam_w9_float_ref,2.37,13.05355453491211
board_fl_mod_nam_w10_float_ref,0.22,12.014421463012695
board_fl_mod_nam_w11_float_ref,0.13,12.443453788757324
board_fl_mod_nam_w12_float_ref,0.02,12.916196823120117
board_fl_mod_nam_w13_float_ref,-0.03,13.28451156616211
board_fl_mod_nam_w14_float_ref,-14.56,4.312452793121338
board_fl_mod_nam_w15_float_ref,-27.05,2.8354649543762207
board_fl_mod_nam_w16_float_ref,-36.79,2.08600115776062
board_fl_mod_nam_w17_float_ref,-42.77,1.5506830215454102
board_fl_mod_nam_w18_float_ref,-50.62,1.1483452320098877
board_fl_mod_nam_w19_float_ref,-56.98,0.8611010313034058
board_fl_mod_nam_w20_float_ref,-60.92,0.6409156918525696
board_fl_mod_nam_w21_float_ref,-64.45,0.5028283596038818
board_fl_mod_nam_w22_float_ref,-75.00,0.4101223051548004
board_fl_mod_nam_w23_float_ref,-76.74,0.3743619918823242
board_fl_mod_nam_w24_float_ref,-77.09,0.36448192596435547
