label,nmr_db,frames,voiced_frames,skip,sentinel
nam_w8_float_ref,14.2456,8794,8794,1024,NMR-REV2
nam_w9_float_ref,6.7580,8794,8794,1024,NMR-REV2
nam_w10_float_ref,8.5664,8794,8794,1024,NMR-REV2
nam_w11_float_ref,6.2747,8794,8794,1024,NMR-REV2
nam_w12_float_ref,5.9043,8794,8794,1024,NMR-REV2
nam_w13_float_ref,14.7156,8794,8794,1024,NMR-REV2
nam_w14_float_ref,13.6068,8794,8794,1024,NMR-REV2
nam_w15_float_ref,9.2312,8794,8794,1024,NMR-REV2
nam_w16_float_ref,5.0522,8794,8794,1024,NMR-REV2
nam_w17_float_ref,-0.3267,8794,8794,1024,NMR-REV2
nam_w18_float_ref,-5.6106,8794,8794,1024,NMR-REV2
nam_w19_float_ref,-11.1336,8794,8794,1024,NMR-REV2
nam_w20_float_ref,-16.8866,8794,8794,1024,NMR-REV2
nam_w21_float_ref,-21.2251,8794,8794,1024,NMR-REV2
nam_w22_float_ref,-27.8330,8794,8794,1024,NMR-REV2
nam_w23_float_ref,-28.5317,8794,8794,1024,NMR-REV2
nam_w24_float_ref,-28.5020,8794,8794,1024,NMR-REV2
nam_w8_float_ref,14.2456,8794,8794,1024,NMR-REV2
nam_w9_float_ref,6.7580,8794,8794,1024,NMR-REV2
nam_w10_float_ref,8.5664,8794,8794,1024,NMR-REV2
nam_w11_float_ref,6.2747,8794,8794,1024,NMR-REV2
nam_w12_float_ref,5.9043,8794,8794,1024,NMR-REV2
nam_w13_float_ref,14.7156,8794,8794,1024,NMR-REV2
nam_w14_float_ref,13.6068,8794,8794,1024,NMR-REV2
nam_w15_float_ref,9.2312,8794,8794,1024,NMR-REV2
nam_w16_float_ref,5.0522,8794,8794,1024,NMR-REV2
nam_w17_float_ref,-0.3267,8794,8794,1024,NMR-REV2
nam_w18_float_ref,-5.6106,8794,8794,1024,NMR-REV2
nam_w19_float_ref,-11.1336,8794,8794,1024,NMR-REV2
nam_w20_float_ref,-16.8866,8794,8794,1024,NMR-REV2
nam_w21_float_ref,-21.2251,8794,8794,1024,NMR-REV2
nam_w22_float_ref,-27.8330,8794,8794,1024,NMR-REV2
nam_w23_float_ref,-28.5317,8794,8794,1024,NMR-REV2
nam_w24_float_ref,-28.5020,8794,8794,1024,NMR-REV2
gtr2_w8_float_ref,5.8272,20606,20606,1024,NMR-REV2
gtr2_w9_float_ref,8.5558,20606,20606,1024,NMR-REV2
gtr2_w10_float_ref,5.3638,20606,20606,1024,NMR-REV2
gtr2_w11_float_ref,2.2819,20606,20606,1024,NMR-REV2
gtr2_w12_float_ref,3.4644,20606,20606,1024,NMR-REV2
gtr2_w13_float_ref,2.3595,20606,20606,1024,NMR-REV2
gtr2_w14_float_ref,6.3142,20606,20606,1024,NMR-REV2
gtr2_w15_float_ref,3.1341,20606,20606,1024,NMR-REV2
gtr2_w16_float_ref,-2.9792,20606,20606,1024,NMR-REV2
gtr2_w17_float_ref,-8.9650,20606,20606,1024,NMR-REV2
gtr2_w18_float_ref,-14.5552,20606,20606,1024,NMR-REV2
gtr2_w19_float_ref,-19.8968,20606,20606,1024,NMR-REV2
gtr2_w20_float_ref,-25.7767,20606,20606,1024,NMR-REV2
gtr2_w21_float_ref,-31.0582,20606,20606,1024,NMR-REV2
gtr2_w22_float_ref,-37.6417,20606,20606,1024,NMR-REV2
gtr2_w23_float_ref,-40.9883,14910,14910,1024,NMR-REV2
gtr2_w24_float_ref,-40.1792,20606,20606,1024,NMR-REV2
gtr4sg_w8_float_ref,4.9071,17090,17090,1024,NMR-REV2
gtr4sg_w9_float_ref,4.5737,17090,17090,1024,NMR-REV2
gtr4sg_w10_float_ref,-0.0370,17090,17090,1024,NMR-REV2
gtr4sg_w11_float_ref,-0.1992,17090,17090,1024,NMR-REV2
gtr4sg_w12_float_ref,-0.1462,17090,17090,1024,NMR-REV2
gtr4sg_w13_float_ref,9.0972,17090,17090,1024,NMR-REV2
gtr4sg_w14_float_ref,3.4458,17090,17090,1024,NMR-REV2
gtr4sg_w15_float_ref,2.2325,17090,17090,1024,NMR-REV2
gtr4sg_w16_float_ref,-2.8123,17090,17090,1024,NMR-REV2
gtr4sg_w17_float_ref,-9.5073,17090,17090,1024,NMR-REV2
gtr4sg_w18_float_ref,-14.5736,17090,17090,1024,NMR-REV2
gtr4sg_w19_float_ref,-19.3189,17090,17090,1024,NMR-REV2
gtr4sg_w20_float_ref,-24.5689,17090,17090,1024,NMR-REV2
gtr4sg_w21_float_ref,-29.1034,17090,17090,1024,NMR-REV2
gtr4sg_w22_float_ref,-35.3271,15998,15998,1024,NMR-REV2
gtr4sg_w23_float_ref,-36.1963,9406,9406,1024,NMR-REV2
gtr4sg_w24_float_ref,-35.9808,17090,17090,1024,NMR-REV2
prvtgtr_w8_float_ref,12.2625,14794,14794,1024,NMR-REV2
prvtgtr_w9_float_ref,8.0052,14794,14794,1024,NMR-REV2
prvtgtr_w10_float_ref,3.3826,14794,14794,1024,NMR-REV2
prvtgtr_w11_float_ref,1.0285,14794,14794,1024,NMR-REV2
prvtgtr_w12_float_ref,5.6902,14794,14794,1024,NMR-REV2
prvtgtr_w13_float_ref,10.0070,14794,14794,1024,NMR-REV2
prvtgtr_w14_float_ref,8.1398,14794,14794,1024,NMR-REV2
prvtgtr_w15_float_ref,4.8113,14794,14794,1024,NMR-REV2
prvtgtr_w16_float_ref,1.8834,14794,14794,1024,NMR-REV2
prvtgtr_w17_float_ref,-3.7053,14794,14794,1024,NMR-REV2
prvtgtr_w18_float_ref,-7.5439,14794,14794,1024,NMR-REV2
prvtgtr_w19_float_ref,-11.2793,14794,14794,1024,NMR-REV2
prvtgtr_w20_float_ref,-16.1629,14794,14794,1024,NMR-REV2
prvtgtr_w21_float_ref,-20.4542,14794,14794,1024,NMR-REV2
prvtgtr_w22_float_ref,-25.3488,14794,14794,1024,NMR-REV2
prvtgtr_w23_float_ref,-26.7778,13054,13054,1024,NMR-REV2
prvtgtr_w24_float_ref,-25.5354,14794,14794,1024,NMR-REV2
ytbass_w8_float_ref,9.3529,28387,28387,1024,NMR-REV2
ytbass_w9_float_ref,11.9421,28387,28387,1024,NMR-REV2
ytbass_w10_float_ref,6.3643,28387,28387,1024,NMR-REV2
ytbass_w11_float_ref,0.8556,28387,28387,1024,NMR-REV2
ytbass_w12_float_ref,-0.5626,28387,28387,1024,NMR-REV2
ytbass_w13_float_ref,2.4692,28387,28387,1024,NMR-REV2
ytbass_w14_float_ref,8.4598,28387,28387,1024,NMR-REV2
ytbass_w15_float_ref,8.3868,28387,28387,1024,NMR-REV2
ytbass_w16_float_ref,3.6534,28387,28387,1024,NMR-REV2
ytbass_w17_float_ref,-1.7372,28387,28387,1024,NMR-REV2
ytbass_w18_float_ref,-7.6530,28387,28387,1024,NMR-REV2
ytbass_w19_float_ref,-13.4295,22014,22014,1024,NMR-REV2
ytbass_w20_float_ref,-18.9857,28387,28387,1024,NMR-REV2
ytbass_w21_float_ref,-23.5973,25342,25342,1024,NMR-REV2
ytbass_w22_float_ref,-30.9283,15806,15806,1024,NMR-REV2
ytbass_w23_float_ref,-32.1770,13182,13182,1024,NMR-REV2
ytbass_w24_float_ref,-32.8412,28387,28387,1024,NMR-REV2
gtr2_w23_float_ref,-40.1019,17406,17406,1024,NMR-REV2
gtr4sg_w22_float_ref,-34.4306,17090,17090,1024,NMR-REV2
gtr4sg_w23_float_ref,-36.9100,12158,12158,1024,NMR-REV2
prvtgtr_w23_float_ref,-25.6049,14794,14794,1024,NMR-REV2
ytbass_w19_float_ref,-12.7538,24766,24766,1024,NMR-REV2
ytbass_w21_float_ref,-24.0489,28158,28158,1024,NMR-REV2
ytbass_w22_float_ref,-31.5356,18558,18558,1024,NMR-REV2
ytbass_w23_float_ref,-32.9871,15934,15934,1024,NMR-REV2
gtr2_w23_float_ref,-39.6182,20606,20606,1024,NMR-REV2
gtr4sg_w23_float_ref,-35.3173,17090,17090,1024,NMR-REV2
ytbass_w19_float_ref,-13.3238,28387,28387,1024,NMR-REV2
ytbass_w21_float_ref,-24.0694,28387,28387,1024,NMR-REV2
ytbass_w22_float_ref,-30.0099,28387,28387,1024,NMR-REV2
ytbass_w23_float_ref,-32.1292,28387,28387,1024,NMR-REV2
