cell,src,width,odg,total_nmr,rate,lowpass,sentinel
rodent_max,nam,8,-3.820,16.905235,48000,20000,SCORE-PEAQ-REV2
rodent_max,nam,9,-3.552,8.942065,48000,20000,SCORE-PEAQ-REV2
rodent_max,nam,10,-3.774,11.058530,48000,20000,SCORE-PEAQ-REV2
rodent_max,nam,11,-3.850,8.383162,48000,20000,SCORE-PEAQ-REV2
rodent_max,nam,12,-1.978,7.785633,48000,20000,SCORE-PEAQ-REV2
rodent_max,nam,13,-2.543,17.766947,48000,20000,SCORE-PEAQ-REV2
rodent_max,nam,14,-3.621,16.108708,48000,20000,SCORE-PEAQ-REV2
rodent_max,nam,15,-2.733,11.571847,48000,20000,SCORE-PEAQ-REV2
rodent_max,nam,16,-1.587,7.169288,48000,20000,SCORE-PEAQ-REV2
rodent_max,nam,17,-0.971,2.400525,48000,20000,SCORE-PEAQ-REV2
rodent_max,nam,18,-0.749,-3.533372,48000,20000,SCORE-PEAQ-REV2
rodent_max,nam,19,-0.607,-9.708425,48000,20000,SCORE-PEAQ-REV2
rodent_max,nam,20,-0.468,-15.072421,48000,20000,SCORE-PEAQ-REV2
rodent_max,nam,21,-0.373,-19.643869,48000,20000,SCORE-PEAQ-REV2
rodent_max,nam,22,-0.191,-26.445746,48000,20000,SCORE-PEAQ-REV2
rodent_max,nam,23,-0.179,-27.440897,48000,20000,SCORE-PEAQ-REV2
rodent_max,nam,24,-0.177,-27.430573,48000,20000,SCORE-PEAQ-REV2
rodent_max,gtr2,8,-3.862,8.329030,48000,20000,SCORE-PEAQ-REV2
rodent_max,gtr2,9,-3.870,9.158721,48000,20000,SCORE-PEAQ-REV2
rodent_max,gtr2,10,-3.796,6.413627,48000,20000,SCORE-PEAQ-REV2
rodent_max,gtr2,11,-3.661,3.954167,48000,20000,SCORE-PEAQ-REV2
rodent_max,gtr2,12,-3.371,5.031470,48000,20000,SCORE-PEAQ-REV2
rodent_max,gtr2,13,-3.726,4.218627,48000,20000,SCORE-PEAQ-REV2
rodent_max,gtr2,14,-3.687,7.025311,48000,20000,SCORE-PEAQ-REV2
rodent_max,gtr2,15,-2.750,3.891798,48000,20000,SCORE-PEAQ-REV2
rodent_max,gtr2,16,-1.634,-1.925026,48000,20000,SCORE-PEAQ-REV2
rodent_max,gtr2,17,-0.855,-6.912225,48000,20000,SCORE-PEAQ-REV2
rodent_max,gtr2,18,-0.485,-12.635187,48000,20000,SCORE-PEAQ-REV2
rodent_max,gtr2,19,-0.254,-18.555881,48000,20000,SCORE-PEAQ-REV2
rodent_max,gtr2,20,-0.078,-24.332504,48000,20000,SCORE-PEAQ-REV2
rodent_max,gtr2,21,-0.003,-29.553585,48000,20000,SCORE-PEAQ-REV2
rodent_max,gtr2,22,0.043,-35.738120,48000,20000,SCORE-PEAQ-REV2
rodent_max,gtr2,23,0.068,-37.191767,48000,20000,SCORE-PEAQ-REV2
rodent_max,gtr2,24,0.079,-37.755978,48000,20000,SCORE-PEAQ-REV2
rodent_max,gtr4sg,8,-2.596,7.889027,48000,20000,SCORE-PEAQ-REV2
rodent_max,gtr4sg,9,-2.251,5.919124,48000,20000,SCORE-PEAQ-REV2
rodent_max,gtr4sg,10,-2.027,1.151733,48000,20000,SCORE-PEAQ-REV2
rodent_max,gtr4sg,11,-1.645,1.617142,48000,20000,SCORE-PEAQ-REV2
rodent_max,gtr4sg,12,-1.489,0.996949,48000,20000,SCORE-PEAQ-REV2
rodent_max,gtr4sg,13,-2.531,5.553779,48000,20000,SCORE-PEAQ-REV2
rodent_max,gtr4sg,14,-2.710,3.716598,48000,20000,SCORE-PEAQ-REV2
rodent_max,gtr4sg,15,-1.854,2.227939,48000,20000,SCORE-PEAQ-REV2
rodent_max,gtr4sg,16,-0.983,-2.665595,48000,20000,SCORE-PEAQ-REV2
rodent_max,gtr4sg,17,-0.632,-7.330722,48000,20000,SCORE-PEAQ-REV2
rodent_max,gtr4sg,18,-0.408,-12.758873,48000,20000,SCORE-PEAQ-REV2
rodent_max,gtr4sg,19,-0.183,-18.849555,48000,20000,SCORE-PEAQ-REV2
rodent_max,gtr4sg,20,0.001,-24.147861,48000,20000,SCORE-PEAQ-REV2
rodent_max,gtr4sg,21,0.073,-28.515132,48000,20000,SCORE-PEAQ-REV2
rodent_max,gtr4sg,22,0.006,-33.897860,48000,20000,SCORE-PEAQ-REV2
rodent_max,gtr4sg,23,0.024,-34.933727,48000,20000,SCORE-PEAQ-REV2
rodent_max,gtr4sg,24,0.030,-35.189296,48000,20000,SCORE-PEAQ-REV2
rodent_max,prvtgtr,8,-3.804,15.228585,48000,20000,SCORE-PEAQ-REV2
rodent_max,prvtgtr,9,-3.458,10.004607,48000,20000,SCORE-PEAQ-REV2
rodent_max,prvtgtr,10,-3.174,4.987959,48000,20000,SCORE-PEAQ-REV2
rodent_max,prvtgtr,11,-2.179,3.216550,48000,20000,SCORE-PEAQ-REV2
rodent_max,prvtgtr,12,-1.590,8.107642,48000,20000,SCORE-PEAQ-REV2
rodent_max,prvtgtr,13,-3.455,12.979398,48000,20000,SCORE-PEAQ-REV2
rodent_max,prvtgtr,14,-3.103,10.910192,48000,20000,SCORE-PEAQ-REV2
rodent_max,prvtgtr,15,-1.957,6.905874,48000,20000,SCORE-PEAQ-REV2
rodent_max,prvtgtr,16,-1.048,1.879486,48000,20000,SCORE-PEAQ-REV2
rodent_max,prvtgtr,17,-0.682,-3.068486,48000,20000,SCORE-PEAQ-REV2
rodent_max,prvtgtr,18,-0.500,-9.055325,48000,20000,SCORE-PEAQ-REV2
rodent_max,prvtgtr,19,-0.354,-14.589609,48000,20000,SCORE-PEAQ-REV2
rodent_max,prvtgtr,20,-0.220,-20.202268,48000,20000,SCORE-PEAQ-REV2
rodent_max,prvtgtr,21,-0.189,-23.722650,48000,20000,SCORE-PEAQ-REV2
rodent_max,prvtgtr,22,-0.086,-27.113944,48000,20000,SCORE-PEAQ-REV2
rodent_max,prvtgtr,23,-0.065,-27.566987,48000,20000,SCORE-PEAQ-REV2
rodent_max,prvtgtr,24,-0.061,-27.419358,48000,20000,SCORE-PEAQ-REV2
rodent_max,ytbass,8,-3.802,10.945857,48000,20000,SCORE-PEAQ-REV2
rodent_max,ytbass,9,-3.789,12.703772,48000,20000,SCORE-PEAQ-REV2
rodent_max,ytbass,10,-3.555,6.413744,48000,20000,SCORE-PEAQ-REV2
rodent_max,ytbass,11,-3.123,1.415399,48000,20000,SCORE-PEAQ-REV2
rodent_max,ytbass,12,-1.985,0.391923,48000,20000,SCORE-PEAQ-REV2
rodent_max,ytbass,13,-3.010,4.054270,48000,20000,SCORE-PEAQ-REV2
rodent_max,ytbass,14,-3.811,10.741377,48000,20000,SCORE-PEAQ-REV2
rodent_max,ytbass,15,-3.541,11.265180,48000,20000,SCORE-PEAQ-REV2
rodent_max,ytbass,16,-2.535,6.615994,48000,20000,SCORE-PEAQ-REV2
rodent_max,ytbass,17,-1.666,1.355747,48000,20000,SCORE-PEAQ-REV2
rodent_max,ytbass,18,-1.240,-4.591284,48000,20000,SCORE-PEAQ-REV2
rodent_max,ytbass,19,-1.062,-10.383856,48000,20000,SCORE-PEAQ-REV2
rodent_max,ytbass,20,-0.803,-16.052262,48000,20000,SCORE-PEAQ-REV2
rodent_max,ytbass,21,-0.488,-21.107956,48000,20000,SCORE-PEAQ-REV2
rodent_max,ytbass,22,-0.254,-26.961291,48000,20000,SCORE-PEAQ-REV2
rodent_max,ytbass,23,-0.225,-29.157925,48000,20000,SCORE-PEAQ-REV2
rodent_max,ytbass,24,-0.104,-29.871586,48000,20000,SCORE-PEAQ-REV2
rodent_mod,nam,8,-3.912,20.322350,48000,20000,SCORE-PEAQ-REV2
rodent_mod,nam,9,-3.904,24.824480,48000,20000,SCORE-PEAQ-REV2
rodent_mod,nam,10,-3.744,23.436470,48000,20000,SCORE-PEAQ-REV2
rodent_mod,nam,11,-2.732,19.823457,48000,20000,SCORE-PEAQ-REV2
rodent_mod,nam,12,-3.817,24.391836,48000,20000,SCORE-PEAQ-REV2
rodent_mod,nam,13,-3.596,19.447204,48000,20000,SCORE-PEAQ-REV2
rodent_mod,nam,14,-2.489,14.713290,48000,20000,SCORE-PEAQ-REV2
rodent_mod,nam,15,-1.531,9.056912,48000,20000,SCORE-PEAQ-REV2
rodent_mod,nam,16,-0.990,3.354209,48000,20000,SCORE-PEAQ-REV2
rodent_mod,nam,17,-0.678,-2.468915,48000,20000,SCORE-PEAQ-REV2
rodent_mod,nam,18,-0.477,-7.577364,48000,20000,SCORE-PEAQ-REV2
rodent_mod,nam,19,-0.394,-11.225507,48000,20000,SCORE-PEAQ-REV2
rodent_mod,nam,20,-0.333,-20.461169,48000,20000,SCORE-PEAQ-REV2
rodent_mod,nam,21,-0.441,-17.217039,48000,20000,SCORE-PEAQ-REV2
rodent_mod,nam,22,-0.206,-27.068054,48000,20000,SCORE-PEAQ-REV2
rodent_mod,nam,23,-0.139,-29.104995,48000,20000,SCORE-PEAQ-REV2
rodent_mod,nam,24,-0.246,-26.192930,48000,20000,SCORE-PEAQ-REV2
gt_max,nam,8,-3.898,31.918495,48000,20000,SCORE-PEAQ-REV2
gt_max,nam,9,-3.890,19.923799,48000,20000,SCORE-PEAQ-REV2
gt_max,nam,10,-3.847,19.896264,48000,20000,SCORE-PEAQ-REV2
gt_max,nam,11,-3.759,17.717990,48000,20000,SCORE-PEAQ-REV2
gt_max,nam,12,-3.482,16.079374,48000,20000,SCORE-PEAQ-REV2
gt_max,nam,13,-2.781,14.534881,48000,20000,SCORE-PEAQ-REV2
gt_max,nam,14,-1.866,10.675853,48000,20000,SCORE-PEAQ-REV2
gt_max,nam,15,-1.411,5.935969,48000,20000,SCORE-PEAQ-REV2
gt_max,nam,16,-0.884,0.118277,48000,20000,SCORE-PEAQ-REV2
gt_max,nam,17,-0.606,-6.249103,48000,20000,SCORE-PEAQ-REV2
gt_max,nam,18,-0.404,-12.557046,48000,20000,SCORE-PEAQ-REV2
gt_max,nam,19,-0.252,-18.693635,48000,20000,SCORE-PEAQ-REV2
gt_max,nam,20,-0.163,-24.325890,48000,20000,SCORE-PEAQ-REV2
gt_max,nam,21,0.075,-28.723734,48000,20000,SCORE-PEAQ-REV2
gt_max,nam,22,0.152,-35.982597,48000,20000,SCORE-PEAQ-REV2
gt_max,nam,23,0.155,-36.308843,48000,20000,SCORE-PEAQ-REV2
gt_max,nam,24,0.157,-36.533201,48000,20000,SCORE-PEAQ-REV2
gt_mod,nam,8,-3.908,32.755702,48000,20000,SCORE-PEAQ-REV2
gt_mod,nam,9,-3.894,25.248931,48000,20000,SCORE-PEAQ-REV2
gt_mod,nam,10,-3.880,19.484903,48000,20000,SCORE-PEAQ-REV2
gt_mod,nam,11,-3.744,15.751766,48000,20000,SCORE-PEAQ-REV2
gt_mod,nam,12,-3.267,10.019429,48000,20000,SCORE-PEAQ-REV2
gt_mod,nam,13,-2.277,5.285127,48000,20000,SCORE-PEAQ-REV2
gt_mod,nam,14,-1.347,0.079006,48000,20000,SCORE-PEAQ-REV2
gt_mod,nam,15,-0.778,-4.981775,48000,20000,SCORE-PEAQ-REV2
gt_mod,nam,16,-0.480,-10.377702,48000,20000,SCORE-PEAQ-REV2
gt_mod,nam,17,-0.284,-15.899755,48000,20000,SCORE-PEAQ-REV2
gt_mod,nam,18,-0.115,-21.409164,48000,20000,SCORE-PEAQ-REV2
gt_mod,nam,19,0.052,-27.556969,48000,20000,SCORE-PEAQ-REV2
gt_mod,nam,20,0.121,-33.082225,48000,20000,SCORE-PEAQ-REV2
gt_mod,nam,21,0.160,-37.041609,48000,20000,SCORE-PEAQ-REV2
gt_mod,nam,22,0.184,-41.442827,48000,20000,SCORE-PEAQ-REV2
gt_mod,nam,23,0.184,-41.579278,48000,20000,SCORE-PEAQ-REV2
gt_mod,nam,24,0.184,-41.632162,48000,20000,SCORE-PEAQ-REV2
fl_max,nam,8,-3.666,13.875723,48000,20000,SCORE-PEAQ-REV2
fl_max,nam,9,-3.403,14.167577,48000,20000,SCORE-PEAQ-REV2
fl_max,nam,10,-3.697,23.766779,48000,20000,SCORE-PEAQ-REV2
fl_max,nam,11,-3.465,25.114628,48000,20000,SCORE-PEAQ-REV2
fl_max,nam,12,-3.114,19.709088,48000,20000,SCORE-PEAQ-REV2
fl_max,nam,13,-3.284,18.212878,48000,20000,SCORE-PEAQ-REV2
fl_max,nam,14,-2.814,17.927960,48000,20000,SCORE-PEAQ-REV2
fl_max,nam,15,-2.092,12.763712,48000,20000,SCORE-PEAQ-REV2
fl_max,nam,16,-1.537,7.312434,48000,20000,SCORE-PEAQ-REV2
fl_max,nam,17,-1.017,1.215254,48000,20000,SCORE-PEAQ-REV2
fl_max,nam,18,-0.865,-5.443895,48000,20000,SCORE-PEAQ-REV2
fl_max,nam,19,-0.680,-11.768708,48000,20000,SCORE-PEAQ-REV2
fl_max,nam,20,-0.645,-16.996047,48000,20000,SCORE-PEAQ-REV2
fl_max,nam,21,-0.628,-21.769987,48000,20000,SCORE-PEAQ-REV2
fl_max,nam,22,-0.596,-24.238932,48000,20000,SCORE-PEAQ-REV2
fl_max,nam,23,-0.589,-24.527603,48000,20000,SCORE-PEAQ-REV2
fl_max,nam,24,-0.543,-26.178314,48000,20000,SCORE-PEAQ-REV2
fl_mod,nam,8,-3.655,10.035346,48000,20000,SCORE-PEAQ-REV2
fl_mod,nam,9,-3.617,5.410114,48000,20000,SCORE-PEAQ-REV2
fl_mod,nam,10,-3.391,6.916114,48000,20000,SCORE-PEAQ-REV2
fl_mod,nam,11,-3.257,15.900627,48000,20000,SCORE-PEAQ-REV2
fl_mod,nam,12,-3.162,21.675228,48000,20000,SCORE-PEAQ-REV2
fl_mod,nam,13,-2.414,16.672057,48000,20000,SCORE-PEAQ-REV2
fl_mod,nam,14,-3.047,16.302338,48000,20000,SCORE-PEAQ-REV2
fl_mod,nam,15,-1.796,10.280793,48000,20000,SCORE-PEAQ-REV2
fl_mod,nam,16,-1.200,4.670977,48000,20000,SCORE-PEAQ-REV2
fl_mod,nam,17,-0.770,-1.241467,48000,20000,SCORE-PEAQ-REV2
fl_mod,nam,18,-0.606,-8.293395,48000,20000,SCORE-PEAQ-REV2
fl_mod,nam,19,-0.425,-14.041021,48000,20000,SCORE-PEAQ-REV2
fl_mod,nam,20,-0.359,-19.689280,48000,20000,SCORE-PEAQ-REV2
fl_mod,nam,21,-0.401,-21.204019,48000,20000,SCORE-PEAQ-REV2
fl_mod,nam,22,-0.179,-27.889538,48000,20000,SCORE-PEAQ-REV2
fl_mod,nam,23,0.078,-34.906407,48000,20000,SCORE-PEAQ-REV2
fl_mod,nam,24,-0.004,-34.256052,48000,20000,SCORE-PEAQ-REV2
rodent_mod,gtr2,8,-3.907,18.289928,48000,20000,SCORE-PEAQ-REV2
rodent_mod,gtr2,9,-3.905,24.313786,48000,20000,SCORE-PEAQ-REV2
rodent_mod,gtr2,10,-3.886,12.982173,48000,20000,SCORE-PEAQ-REV2
rodent_mod,gtr2,11,-3.799,6.946464,48000,20000,SCORE-PEAQ-REV2
rodent_mod,gtr2,12,-3.873,21.565529,48000,20000,SCORE-PEAQ-REV2
rodent_mod,gtr2,13,-3.667,16.600584,48000,20000,SCORE-PEAQ-REV2
rodent_mod,gtr2,14,-2.868,11.753137,48000,20000,SCORE-PEAQ-REV2
rodent_mod,gtr2,15,-1.957,6.300162,48000,20000,SCORE-PEAQ-REV2
rodent_mod,gtr2,16,-1.185,0.070970,48000,20000,SCORE-PEAQ-REV2
rodent_mod,gtr2,17,-0.639,-6.711496,48000,20000,SCORE-PEAQ-REV2
rodent_mod,gtr2,18,-0.356,-13.146409,48000,20000,SCORE-PEAQ-REV2
rodent_mod,gtr2,19,-0.175,-19.185981,48000,20000,SCORE-PEAQ-REV2
rodent_mod,gtr2,20,0.011,-25.020865,48000,20000,SCORE-PEAQ-REV2
rodent_mod,gtr2,21,0.090,-30.446646,48000,20000,SCORE-PEAQ-REV2
rodent_mod,gtr2,22,0.152,-36.094877,48000,20000,SCORE-PEAQ-REV2
rodent_mod,gtr2,23,0.172,-38.918400,48000,20000,SCORE-PEAQ-REV2
rodent_mod,gtr2,24,0.178,-40.055575,48000,20000,SCORE-PEAQ-REV2
rodent_mod,gtr4sg,8,-3.902,13.984200,48000,20000,SCORE-PEAQ-REV2
rodent_mod,gtr4sg,9,-3.822,20.300053,48000,20000,SCORE-PEAQ-REV2
rodent_mod,gtr4sg,10,-2.399,12.637531,48000,20000,SCORE-PEAQ-REV2
rodent_mod,gtr4sg,11,-1.795,5.910328,48000,20000,SCORE-PEAQ-REV2
rodent_mod,gtr4sg,12,-3.857,17.722292,48000,20000,SCORE-PEAQ-REV2
rodent_mod,gtr4sg,13,-3.202,12.623097,48000,20000,SCORE-PEAQ-REV2
rodent_mod,gtr4sg,14,-2.080,7.969344,48000,20000,SCORE-PEAQ-REV2
rodent_mod,gtr4sg,15,-1.337,2.868903,48000,20000,SCORE-PEAQ-REV2
rodent_mod,gtr4sg,16,-0.878,-2.488718,48000,20000,SCORE-PEAQ-REV2
rodent_mod,gtr4sg,17,-0.569,-8.436161,48000,20000,SCORE-PEAQ-REV2
rodent_mod,gtr4sg,18,-0.325,-14.168919,48000,20000,SCORE-PEAQ-REV2
rodent_mod,gtr4sg,19,-0.166,-19.724677,48000,20000,SCORE-PEAQ-REV2
rodent_mod,gtr4sg,20,0.029,-25.488138,48000,20000,SCORE-PEAQ-REV2
rodent_mod,gtr4sg,21,0.099,-30.735072,48000,20000,SCORE-PEAQ-REV2
rodent_mod,gtr4sg,22,0.157,-36.576250,48000,20000,SCORE-PEAQ-REV2
rodent_mod,gtr4sg,23,0.174,-39.023363,48000,20000,SCORE-PEAQ-REV2
rodent_mod,gtr4sg,24,0.178,-39.944693,48000,20000,SCORE-PEAQ-REV2
rodent_mod,prvtgtr,8,-3.910,18.971336,48000,20000,SCORE-PEAQ-REV2
rodent_mod,prvtgtr,9,-3.900,23.796304,48000,20000,SCORE-PEAQ-REV2
rodent_mod,prvtgtr,10,-3.742,14.633323,48000,20000,SCORE-PEAQ-REV2
rodent_mod,prvtgtr,11,-2.540,6.669832,48000,20000,SCORE-PEAQ-REV2
rodent_mod,prvtgtr,12,-3.801,22.716238,48000,20000,SCORE-PEAQ-REV2
rodent_mod,prvtgtr,13,-3.315,16.467346,48000,20000,SCORE-PEAQ-REV2
rodent_mod,prvtgtr,14,-1.800,10.586855,48000,20000,SCORE-PEAQ-REV2
rodent_mod,prvtgtr,15,-1.148,4.618781,48000,20000,SCORE-PEAQ-REV2
rodent_mod,prvtgtr,16,-0.837,-1.599148,48000,20000,SCORE-PEAQ-REV2
rodent_mod,prvtgtr,17,-0.594,-7.867088,48000,20000,SCORE-PEAQ-REV2
rodent_mod,prvtgtr,18,-0.379,-14.111093,48000,20000,SCORE-PEAQ-REV2
rodent_mod,prvtgtr,19,-0.229,-19.994799,48000,20000,SCORE-PEAQ-REV2
rodent_mod,prvtgtr,20,0.014,-25.196369,48000,20000,SCORE-PEAQ-REV2
rodent_mod,prvtgtr,21,0.077,-29.415005,48000,20000,SCORE-PEAQ-REV2
rodent_mod,prvtgtr,22,0.121,-32.853345,48000,20000,SCORE-PEAQ-REV2
rodent_mod,prvtgtr,23,0.127,-33.412503,48000,20000,SCORE-PEAQ-REV2
rodent_mod,prvtgtr,24,0.128,-33.455626,48000,20000,SCORE-PEAQ-REV2
rodent_mod,ytbass,8,-3.894,18.141601,48000,20000,SCORE-PEAQ-REV2
rodent_mod,ytbass,9,-3.848,23.402874,48000,20000,SCORE-PEAQ-REV2
rodent_mod,ytbass,10,-3.856,14.552563,48000,20000,SCORE-PEAQ-REV2
rodent_mod,ytbass,11,-3.349,8.982791,48000,20000,SCORE-PEAQ-REV2
rodent_mod,ytbass,12,-3.864,22.395904,48000,20000,SCORE-PEAQ-REV2
rodent_mod,ytbass,13,-3.678,16.297456,48000,20000,SCORE-PEAQ-REV2
rodent_mod,ytbass,14,-2.815,10.769859,48000,20000,SCORE-PEAQ-REV2
rodent_mod,ytbass,15,-1.650,5.590462,48000,20000,SCORE-PEAQ-REV2
rodent_mod,ytbass,16,-0.988,-0.007871,48000,20000,SCORE-PEAQ-REV2
rodent_mod,ytbass,17,-0.717,-6.009278,48000,20000,SCORE-PEAQ-REV2
rodent_mod,ytbass,18,-0.556,-11.954431,48000,20000,SCORE-PEAQ-REV2
rodent_mod,ytbass,19,-0.363,-17.924749,48000,20000,SCORE-PEAQ-REV2
rodent_mod,ytbass,20,-0.046,-23.962081,48000,20000,SCORE-PEAQ-REV2
rodent_mod,ytbass,21,0.056,-29.598998,48000,20000,SCORE-PEAQ-REV2
rodent_mod,ytbass,22,0.141,-35.778767,48000,20000,SCORE-PEAQ-REV2
rodent_mod,ytbass,23,0.162,-38.345667,48000,20000,SCORE-PEAQ-REV2
rodent_mod,ytbass,24,0.169,-39.265733,48000,20000,SCORE-PEAQ-REV2
gt_max,gtr2,8,-3.910,30.502146,48000,20000,SCORE-PEAQ-REV2
gt_max,gtr2,9,-3.906,21.581216,48000,20000,SCORE-PEAQ-REV2
gt_max,gtr2,10,-3.888,21.375080,48000,20000,SCORE-PEAQ-REV2
gt_max,gtr2,11,-3.879,18.381354,48000,20000,SCORE-PEAQ-REV2
gt_max,gtr2,12,-3.773,15.168449,48000,20000,SCORE-PEAQ-REV2
gt_max,gtr2,13,-3.198,13.730808,48000,20000,SCORE-PEAQ-REV2
gt_max,gtr2,14,-2.199,9.599810,48000,20000,SCORE-PEAQ-REV2
gt_max,gtr2,15,-1.444,4.710935,48000,20000,SCORE-PEAQ-REV2
gt_max,gtr2,16,-0.957,-0.967631,48000,20000,SCORE-PEAQ-REV2
gt_max,gtr2,17,-0.631,-7.396343,48000,20000,SCORE-PEAQ-REV2
gt_max,gtr2,18,-0.382,-13.923612,48000,20000,SCORE-PEAQ-REV2
gt_max,gtr2,19,-0.170,-20.568339,48000,20000,SCORE-PEAQ-REV2
gt_max,gtr2,20,-0.164,-26.552604,48000,20000,SCORE-PEAQ-REV2
gt_max,gtr2,21,0.104,-31.195406,48000,20000,SCORE-PEAQ-REV2
gt_max,gtr2,22,0.164,-37.427586,48000,20000,SCORE-PEAQ-REV2
gt_max,gtr2,23,0.169,-38.227746,48000,20000,SCORE-PEAQ-REV2
gt_max,gtr2,24,0.170,-38.428911,48000,20000,SCORE-PEAQ-REV2
gt_max,gtr4sg,8,-3.889,27.801748,48000,20000,SCORE-PEAQ-REV2
gt_max,gtr4sg,9,-3.838,18.807726,48000,20000,SCORE-PEAQ-REV2
gt_max,gtr4sg,10,-3.684,16.036729,48000,20000,SCORE-PEAQ-REV2
gt_max,gtr4sg,11,-3.425,14.748104,48000,20000,SCORE-PEAQ-REV2
gt_max,gtr4sg,12,-2.715,10.309770,48000,20000,SCORE-PEAQ-REV2
gt_max,gtr4sg,13,-2.065,8.426241,48000,20000,SCORE-PEAQ-REV2
gt_max,gtr4sg,14,-1.635,5.145559,48000,20000,SCORE-PEAQ-REV2
gt_max,gtr4sg,15,-1.387,1.456726,48000,20000,SCORE-PEAQ-REV2
gt_max,gtr4sg,16,-0.968,-2.981408,48000,20000,SCORE-PEAQ-REV2
gt_max,gtr4sg,17,-0.664,-8.194338,48000,20000,SCORE-PEAQ-REV2
gt_max,gtr4sg,18,-0.388,-13.322504,48000,20000,SCORE-PEAQ-REV2
gt_max,gtr4sg,19,-0.209,-18.353659,48000,20000,SCORE-PEAQ-REV2
gt_max,gtr4sg,20,-0.107,-24.356856,48000,20000,SCORE-PEAQ-REV2
gt_max,gtr4sg,21,0.078,-29.021520,48000,20000,SCORE-PEAQ-REV2
gt_max,gtr4sg,22,0.158,-36.710376,48000,20000,SCORE-PEAQ-REV2
gt_max,gtr4sg,23,0.162,-37.276384,48000,20000,SCORE-PEAQ-REV2
gt_max,gtr4sg,24,0.163,-37.361787,48000,20000,SCORE-PEAQ-REV2
gt_max,prvtgtr,8,-3.848,28.626974,48000,20000,SCORE-PEAQ-REV2
gt_max,prvtgtr,9,-3.828,19.721076,48000,20000,SCORE-PEAQ-REV2
gt_max,prvtgtr,10,-3.644,19.443522,48000,20000,SCORE-PEAQ-REV2
gt_max,prvtgtr,11,-3.304,15.509798,48000,20000,SCORE-PEAQ-REV2
gt_max,prvtgtr,12,-2.449,11.147207,48000,20000,SCORE-PEAQ-REV2
gt_max,prvtgtr,13,-1.490,7.675480,48000,20000,SCORE-PEAQ-REV2
gt_max,prvtgtr,14,-1.004,2.076363,48000,20000,SCORE-PEAQ-REV2
gt_max,prvtgtr,15,-0.819,-3.269548,48000,20000,SCORE-PEAQ-REV2
gt_max,prvtgtr,16,-0.602,-9.044639,48000,20000,SCORE-PEAQ-REV2
gt_max,prvtgtr,17,-0.457,-14.988536,48000,20000,SCORE-PEAQ-REV2
gt_max,prvtgtr,18,-0.276,-20.575208,48000,20000,SCORE-PEAQ-REV2
gt_max,prvtgtr,19,-0.111,-25.926277,48000,20000,SCORE-PEAQ-REV2
gt_max,prvtgtr,20,-0.096,-30.297788,48000,20000,SCORE-PEAQ-REV2
gt_max,prvtgtr,21,0.131,-33.537403,48000,20000,SCORE-PEAQ-REV2
gt_max,prvtgtr,22,0.157,-36.610215,48000,20000,SCORE-PEAQ-REV2
gt_max,prvtgtr,23,0.158,-36.718387,48000,20000,SCORE-PEAQ-REV2
gt_max,prvtgtr,24,0.159,-36.794730,48000,20000,SCORE-PEAQ-REV2
gt_max,ytbass,8,-3.862,32.294854,48000,20000,SCORE-PEAQ-REV2
gt_max,ytbass,9,-3.864,19.847596,48000,20000,SCORE-PEAQ-REV2
gt_max,ytbass,10,-3.829,18.349732,48000,20000,SCORE-PEAQ-REV2
gt_max,ytbass,11,-3.764,14.883821,48000,20000,SCORE-PEAQ-REV2
gt_max,ytbass,12,-3.490,11.600468,48000,20000,SCORE-PEAQ-REV2
gt_max,ytbass,13,-2.772,9.476286,48000,20000,SCORE-PEAQ-REV2
gt_max,ytbass,14,-1.758,5.157403,48000,20000,SCORE-PEAQ-REV2
gt_max,ytbass,15,-1.134,-0.146948,48000,20000,SCORE-PEAQ-REV2
gt_max,ytbass,16,-0.685,-5.793446,48000,20000,SCORE-PEAQ-REV2
gt_max,ytbass,17,-0.473,-11.315457,48000,20000,SCORE-PEAQ-REV2
gt_max,ytbass,18,-0.300,-16.998847,48000,20000,SCORE-PEAQ-REV2
gt_max,ytbass,19,-0.165,-22.554502,48000,20000,SCORE-PEAQ-REV2
gt_max,ytbass,20,-0.117,-28.088950,48000,20000,SCORE-PEAQ-REV2
gt_max,ytbass,21,0.117,-32.562140,48000,20000,SCORE-PEAQ-REV2
gt_max,ytbass,22,0.174,-39.441330,48000,20000,SCORE-PEAQ-REV2
gt_max,ytbass,23,0.176,-39.888750,48000,20000,SCORE-PEAQ-REV2
gt_max,ytbass,24,0.177,-40.047627,48000,20000,SCORE-PEAQ-REV2
gt_mod,gtr2,8,-3.913,32.786811,48000,20000,SCORE-PEAQ-REV2
gt_mod,gtr2,9,-3.909,25.020831,48000,20000,SCORE-PEAQ-REV2
gt_mod,gtr2,10,-3.905,20.097256,48000,20000,SCORE-PEAQ-REV2
gt_mod,gtr2,11,-3.883,16.038038,48000,20000,SCORE-PEAQ-REV2
gt_mod,gtr2,12,-3.750,10.922376,48000,20000,SCORE-PEAQ-REV2
gt_mod,gtr2,13,-3.078,6.502523,48000,20000,SCORE-PEAQ-REV2
gt_mod,gtr2,14,-1.847,1.216843,48000,20000,SCORE-PEAQ-REV2
gt_mod,gtr2,15,-0.943,-4.040937,48000,20000,SCORE-PEAQ-REV2
gt_mod,gtr2,16,-0.488,-9.648929,48000,20000,SCORE-PEAQ-REV2
gt_mod,gtr2,17,-0.230,-15.438047,48000,20000,SCORE-PEAQ-REV2
gt_mod,gtr2,18,-0.118,-21.138624,48000,20000,SCORE-PEAQ-REV2
gt_mod,gtr2,19,0.046,-26.968932,48000,20000,SCORE-PEAQ-REV2
gt_mod,gtr2,20,0.119,-32.477904,48000,20000,SCORE-PEAQ-REV2
gt_mod,gtr2,21,0.156,-36.493855,48000,20000,SCORE-PEAQ-REV2
gt_mod,gtr2,22,0.182,-40.976539,48000,20000,SCORE-PEAQ-REV2
gt_mod,gtr2,23,0.183,-41.132197,48000,20000,SCORE-PEAQ-REV2
gt_mod,gtr2,24,0.183,-41.176759,48000,20000,SCORE-PEAQ-REV2
gt_mod,gtr4sg,8,-3.905,30.435667,48000,20000,SCORE-PEAQ-REV2
gt_mod,gtr4sg,9,-3.869,22.232711,48000,20000,SCORE-PEAQ-REV2
gt_mod,gtr4sg,10,-3.765,17.050624,48000,20000,SCORE-PEAQ-REV2
gt_mod,gtr4sg,11,-3.535,13.004297,48000,20000,SCORE-PEAQ-REV2
gt_mod,gtr4sg,12,-2.695,6.660279,48000,20000,SCORE-PEAQ-REV2
gt_mod,gtr4sg,13,-1.553,1.888589,48000,20000,SCORE-PEAQ-REV2
gt_mod,gtr4sg,14,-1.066,-3.543678,48000,20000,SCORE-PEAQ-REV2
gt_mod,gtr4sg,15,-0.620,-9.009950,48000,20000,SCORE-PEAQ-REV2
gt_mod,gtr4sg,16,-0.354,-14.325011,48000,20000,SCORE-PEAQ-REV2
gt_mod,gtr4sg,17,-0.192,-19.090615,48000,20000,SCORE-PEAQ-REV2
gt_mod,gtr4sg,18,-0.044,-23.659928,48000,20000,SCORE-PEAQ-REV2
gt_mod,gtr4sg,19,0.070,-28.527690,48000,20000,SCORE-PEAQ-REV2
gt_mod,gtr4sg,20,0.127,-33.433146,48000,20000,SCORE-PEAQ-REV2
gt_mod,gtr4sg,21,0.161,-37.310089,48000,20000,SCORE-PEAQ-REV2
gt_mod,gtr4sg,22,0.186,-42.270562,48000,20000,SCORE-PEAQ-REV2
gt_mod,gtr4sg,23,0.187,-42.406941,48000,20000,SCORE-PEAQ-REV2
gt_mod,gtr4sg,24,0.187,-42.460486,48000,20000,SCORE-PEAQ-REV2
gt_mod,prvtgtr,8,-3.900,31.945634,48000,20000,SCORE-PEAQ-REV2
gt_mod,prvtgtr,9,-3.877,25.175497,48000,20000,SCORE-PEAQ-REV2
gt_mod,prvtgtr,10,-3.808,18.334926,48000,20000,SCORE-PEAQ-REV2
gt_mod,prvtgtr,11,-3.515,14.627672,48000,20000,SCORE-PEAQ-REV2
gt_mod,prvtgtr,12,-2.878,9.068739,48000,20000,SCORE-PEAQ-REV2
gt_mod,prvtgtr,13,-2.026,4.272321,48000,20000,SCORE-PEAQ-REV2
gt_mod,prvtgtr,14,-1.265,-1.152364,48000,20000,SCORE-PEAQ-REV2
gt_mod,prvtgtr,15,-0.800,-7.049574,48000,20000,SCORE-PEAQ-REV2
gt_mod,prvtgtr,16,-0.461,-14.014133,48000,20000,SCORE-PEAQ-REV2
gt_mod,prvtgtr,17,-0.195,-21.142638,48000,20000,SCORE-PEAQ-REV2
gt_mod,prvtgtr,18,-0.061,-27.939301,48000,20000,SCORE-PEAQ-REV2
gt_mod,prvtgtr,19,0.128,-33.715460,48000,20000,SCORE-PEAQ-REV2
gt_mod,prvtgtr,20,0.166,-38.032520,48000,20000,SCORE-PEAQ-REV2
gt_mod,prvtgtr,21,0.181,-40.694157,48000,20000,SCORE-PEAQ-REV2
gt_mod,prvtgtr,22,0.189,-42.946721,48000,20000,SCORE-PEAQ-REV2
gt_mod,prvtgtr,23,0.190,-43.127799,48000,20000,SCORE-PEAQ-REV2
gt_mod,prvtgtr,24,0.189,-43.068530,48000,20000,SCORE-PEAQ-REV2
gt_mod,ytbass,8,-3.908,33.407989,48000,20000,SCORE-PEAQ-REV2
gt_mod,ytbass,9,-3.898,25.406484,48000,20000,SCORE-PEAQ-REV2
gt_mod,ytbass,10,-3.874,20.195187,48000,20000,SCORE-PEAQ-REV2
gt_mod,ytbass,11,-3.809,16.847435,48000,20000,SCORE-PEAQ-REV2
gt_mod,ytbass,12,-3.542,11.232349,48000,20000,SCORE-PEAQ-REV2
gt_mod,ytbass,13,-2.692,6.344966,48000,20000,SCORE-PEAQ-REV2
gt_mod,ytbass,14,-1.589,0.631609,48000,20000,SCORE-PEAQ-REV2
gt_mod,ytbass,15,-0.899,-5.491169,48000,20000,SCORE-PEAQ-REV2
gt_mod,ytbass,16,-0.539,-11.928196,48000,20000,SCORE-PEAQ-REV2
gt_mod,ytbass,17,-0.288,-18.235112,48000,20000,SCORE-PEAQ-REV2
gt_mod,ytbass,18,-0.152,-24.272523,48000,20000,SCORE-PEAQ-REV2
gt_mod,ytbass,19,0.066,-30.187230,48000,20000,SCORE-PEAQ-REV2
gt_mod,ytbass,20,0.136,-35.342102,48000,20000,SCORE-PEAQ-REV2
gt_mod,ytbass,21,0.165,-38.835194,48000,20000,SCORE-PEAQ-REV2
gt_mod,ytbass,22,0.182,-42.174775,48000,20000,SCORE-PEAQ-REV2
gt_mod,ytbass,23,0.182,-42.327024,48000,20000,SCORE-PEAQ-REV2
gt_mod,ytbass,24,0.183,-42.375480,48000,20000,SCORE-PEAQ-REV2
fl_max,gtr2,8,-3.905,6.328148,48000,20000,SCORE-PEAQ-REV2
fl_max,gtr2,9,-3.880,6.193913,48000,20000,SCORE-PEAQ-REV2
fl_max,gtr2,10,-3.700,4.902938,48000,20000,SCORE-PEAQ-REV2
fl_max,gtr2,11,-3.340,2.626133,48000,20000,SCORE-PEAQ-REV2
fl_max,gtr2,12,-3.115,2.764850,48000,20000,SCORE-PEAQ-REV2
fl_max,gtr2,13,-3.810,13.347803,48000,20000,SCORE-PEAQ-REV2
fl_max,gtr2,14,-2.492,10.259503,48000,20000,SCORE-PEAQ-REV2
fl_max,gtr2,15,-2.061,5.054795,48000,20000,SCORE-PEAQ-REV2
fl_max,gtr2,16,-1.590,-1.335460,48000,20000,SCORE-PEAQ-REV2
fl_max,gtr2,17,-0.802,-8.141098,48000,20000,SCORE-PEAQ-REV2
fl_max,gtr2,18,-0.455,-14.406990,48000,20000,SCORE-PEAQ-REV2
fl_max,gtr2,19,-0.140,-20.358455,48000,20000,SCORE-PEAQ-REV2
fl_max,gtr2,20,-0.114,-26.259295,48000,20000,SCORE-PEAQ-REV2
fl_max,gtr2,21,0.092,-31.885203,48000,20000,SCORE-PEAQ-REV2
fl_max,gtr2,22,0.150,-37.031800,48000,20000,SCORE-PEAQ-REV2
fl_max,gtr2,23,0.172,-40.262714,48000,20000,SCORE-PEAQ-REV2
fl_max,gtr2,24,0.179,-41.662806,48000,20000,SCORE-PEAQ-REV2
fl_max,gtr4sg,8,-3.300,6.913711,48000,20000,SCORE-PEAQ-REV2
fl_max,gtr4sg,9,-2.994,6.261419,48000,20000,SCORE-PEAQ-REV2
fl_max,gtr4sg,10,-3.176,4.695642,48000,20000,SCORE-PEAQ-REV2
fl_max,gtr4sg,11,-2.666,1.524266,48000,20000,SCORE-PEAQ-REV2
fl_max,gtr4sg,12,-2.437,1.366300,48000,20000,SCORE-PEAQ-REV2
fl_max,gtr4sg,13,-3.662,6.019675,48000,20000,SCORE-PEAQ-REV2
fl_max,gtr4sg,14,-2.210,9.556094,48000,20000,SCORE-PEAQ-REV2
fl_max,gtr4sg,15,-1.855,4.969898,48000,20000,SCORE-PEAQ-REV2
fl_max,gtr4sg,16,-1.397,-0.484210,48000,20000,SCORE-PEAQ-REV2
fl_max,gtr4sg,17,-0.798,-6.591686,48000,20000,SCORE-PEAQ-REV2
fl_max,gtr4sg,18,-0.449,-12.553797,48000,20000,SCORE-PEAQ-REV2
fl_max,gtr4sg,19,-0.218,-18.458711,48000,20000,SCORE-PEAQ-REV2
fl_max,gtr4sg,20,-0.043,-24.404400,48000,20000,SCORE-PEAQ-REV2
fl_max,gtr4sg,21,0.087,-30.230936,48000,20000,SCORE-PEAQ-REV2
fl_max,gtr4sg,22,0.138,-34.637871,48000,20000,SCORE-PEAQ-REV2
fl_max,gtr4sg,23,0.159,-37.192700,48000,20000,SCORE-PEAQ-REV2
fl_max,gtr4sg,24,0.164,-37.915700,48000,20000,SCORE-PEAQ-REV2
fl_max,prvtgtr,8,-3.592,10.428157,48000,20000,SCORE-PEAQ-REV2
fl_max,prvtgtr,9,-3.280,7.600244,48000,20000,SCORE-PEAQ-REV2
fl_max,prvtgtr,10,-3.222,5.439545,48000,20000,SCORE-PEAQ-REV2
fl_max,prvtgtr,11,-2.779,1.479039,48000,20000,SCORE-PEAQ-REV2
fl_max,prvtgtr,12,-2.486,1.116855,48000,20000,SCORE-PEAQ-REV2
fl_max,prvtgtr,13,-3.709,18.650063,48000,20000,SCORE-PEAQ-REV2
fl_max,prvtgtr,14,-2.478,19.678580,48000,20000,SCORE-PEAQ-REV2
fl_max,prvtgtr,15,-1.892,15.124185,48000,20000,SCORE-PEAQ-REV2
fl_max,prvtgtr,16,-1.376,8.842457,48000,20000,SCORE-PEAQ-REV2
fl_max,prvtgtr,17,-0.934,2.888061,48000,20000,SCORE-PEAQ-REV2
fl_max,prvtgtr,18,-0.683,-3.180383,48000,20000,SCORE-PEAQ-REV2
fl_max,prvtgtr,19,-0.495,-9.345929,48000,20000,SCORE-PEAQ-REV2
fl_max,prvtgtr,20,-0.357,-14.923004,48000,20000,SCORE-PEAQ-REV2
fl_max,prvtgtr,21,-0.108,-20.033846,48000,20000,SCORE-PEAQ-REV2
fl_max,prvtgtr,22,-0.041,-23.853757,48000,20000,SCORE-PEAQ-REV2
fl_max,prvtgtr,23,-0.012,-25.535320,48000,20000,SCORE-PEAQ-REV2
fl_max,prvtgtr,24,-0.007,-25.766907,48000,20000,SCORE-PEAQ-REV2
fl_max,ytbass,8,-3.497,6.962140,48000,20000,SCORE-PEAQ-REV2
fl_max,ytbass,9,-3.177,6.140600,48000,20000,SCORE-PEAQ-REV2
fl_max,ytbass,10,-3.212,4.672877,48000,20000,SCORE-PEAQ-REV2
fl_max,ytbass,11,-2.900,1.510024,48000,20000,SCORE-PEAQ-REV2
fl_max,ytbass,12,-2.697,1.297698,48000,20000,SCORE-PEAQ-REV2
fl_max,ytbass,13,-1.918,3.182390,48000,20000,SCORE-PEAQ-REV2
fl_max,ytbass,14,-3.712,11.594684,48000,20000,SCORE-PEAQ-REV2
fl_max,ytbass,15,-2.868,7.124959,48000,20000,SCORE-PEAQ-REV2
fl_max,ytbass,16,-2.175,2.995218,48000,20000,SCORE-PEAQ-REV2
fl_max,ytbass,17,-1.779,-2.477170,48000,20000,SCORE-PEAQ-REV2
fl_max,ytbass,18,-1.527,-8.599931,48000,20000,SCORE-PEAQ-REV2
fl_max,ytbass,19,-1.186,-14.932968,48000,20000,SCORE-PEAQ-REV2
fl_max,ytbass,20,-0.689,-21.262931,48000,20000,SCORE-PEAQ-REV2
fl_max,ytbass,21,-0.340,-26.993309,48000,20000,SCORE-PEAQ-REV2
fl_max,ytbass,22,-0.008,-32.479071,48000,20000,SCORE-PEAQ-REV2
fl_max,ytbass,23,0.058,-35.583967,48000,20000,SCORE-PEAQ-REV2
fl_max,ytbass,24,0.072,-36.461429,48000,20000,SCORE-PEAQ-REV2
fl_mod,gtr2,8,-3.910,5.253334,48000,20000,SCORE-PEAQ-REV2
fl_mod,gtr2,9,-3.893,2.850228,48000,20000,SCORE-PEAQ-REV2
fl_mod,gtr2,10,-3.790,2.414673,48000,20000,SCORE-PEAQ-REV2
fl_mod,gtr2,11,-3.578,2.463666,48000,20000,SCORE-PEAQ-REV2
fl_mod,gtr2,12,-3.347,4.742488,48000,20000,SCORE-PEAQ-REV2
fl_mod,gtr2,13,-3.582,16.085489,48000,20000,SCORE-PEAQ-REV2
fl_mod,gtr2,14,-2.521,11.557753,48000,20000,SCORE-PEAQ-REV2
fl_mod,gtr2,15,-2.005,5.733907,48000,20000,SCORE-PEAQ-REV2
fl_mod,gtr2,16,-1.475,-0.674279,48000,20000,SCORE-PEAQ-REV2
fl_mod,gtr2,17,-0.784,-7.493261,48000,20000,SCORE-PEAQ-REV2
fl_mod,gtr2,18,-0.450,-13.777155,48000,20000,SCORE-PEAQ-REV2
fl_mod,gtr2,19,-0.206,-19.721702,48000,20000,SCORE-PEAQ-REV2
fl_mod,gtr2,20,-0.015,-25.623634,48000,20000,SCORE-PEAQ-REV2
fl_mod,gtr2,21,0.090,-31.380227,48000,20000,SCORE-PEAQ-REV2
fl_mod,gtr2,22,0.151,-36.920081,48000,20000,SCORE-PEAQ-REV2
fl_mod,gtr2,23,0.177,-40.871868,48000,20000,SCORE-PEAQ-REV2
fl_mod,gtr2,24,0.185,-42.793222,48000,20000,SCORE-PEAQ-REV2
fl_mod,gtr4sg,8,-3.577,2.763053,48000,20000,SCORE-PEAQ-REV2
fl_mod,gtr4sg,9,-3.498,1.314019,48000,20000,SCORE-PEAQ-REV2
fl_mod,gtr4sg,10,-3.044,1.215856,48000,20000,SCORE-PEAQ-REV2
fl_mod,gtr4sg,11,-2.702,1.336959,48000,20000,SCORE-PEAQ-REV2
fl_mod,gtr4sg,12,-2.517,3.947771,48000,20000,SCORE-PEAQ-REV2
fl_mod,gtr4sg,13,-1.752,2.149012,48000,20000,SCORE-PEAQ-REV2
fl_mod,gtr4sg,14,-3.262,7.853720,48000,20000,SCORE-PEAQ-REV2
fl_mod,gtr4sg,15,-1.694,2.882722,48000,20000,SCORE-PEAQ-REV2
fl_mod,gtr4sg,16,-1.133,-2.399377,48000,20000,SCORE-PEAQ-REV2
fl_mod,gtr4sg,17,-0.672,-8.420581,48000,20000,SCORE-PEAQ-REV2
fl_mod,gtr4sg,18,-0.393,-14.251493,48000,20000,SCORE-PEAQ-REV2
fl_mod,gtr4sg,19,-0.174,-20.132442,48000,20000,SCORE-PEAQ-REV2
fl_mod,gtr4sg,20,0.034,-26.098678,48000,20000,SCORE-PEAQ-REV2
fl_mod,gtr4sg,21,0.108,-31.650807,48000,20000,SCORE-PEAQ-REV2
fl_mod,gtr4sg,22,0.160,-37.132188,48000,20000,SCORE-PEAQ-REV2
fl_mod,gtr4sg,23,0.180,-40.671182,48000,20000,SCORE-PEAQ-REV2
fl_mod,gtr4sg,24,0.186,-42.170172,48000,20000,SCORE-PEAQ-REV2
fl_mod,prvtgtr,8,-3.883,12.835299,48000,20000,SCORE-PEAQ-REV2
fl_mod,prvtgtr,9,-3.789,3.382345,48000,20000,SCORE-PEAQ-REV2
fl_mod,prvtgtr,10,-3.421,2.374344,48000,20000,SCORE-PEAQ-REV2
fl_mod,prvtgtr,11,-2.838,0.940577,48000,20000,SCORE-PEAQ-REV2
fl_mod,prvtgtr,12,-2.494,3.985839,48000,20000,SCORE-PEAQ-REV2
fl_mod,prvtgtr,13,-1.795,1.865552,48000,20000,SCORE-PEAQ-REV2
fl_mod,prvtgtr,14,-2.440,11.727723,48000,20000,SCORE-PEAQ-REV2
fl_mod,prvtgtr,15,-1.290,6.047747,48000,20000,SCORE-PEAQ-REV2
fl_mod,prvtgtr,16,-0.885,0.061288,48000,20000,SCORE-PEAQ-REV2
fl_mod,prvtgtr,17,-0.648,-6.017801,48000,20000,SCORE-PEAQ-REV2
fl_mod,prvtgtr,18,-0.509,-12.053920,48000,20000,SCORE-PEAQ-REV2
fl_mod,prvtgtr,19,-0.315,-18.309161,48000,20000,SCORE-PEAQ-REV2
fl_mod,prvtgtr,20,-0.177,-23.747406,48000,20000,SCORE-PEAQ-REV2
fl_mod,prvtgtr,21,0.049,-28.759395,48000,20000,SCORE-PEAQ-REV2
fl_mod,prvtgtr,22,0.097,-31.958258,48000,20000,SCORE-PEAQ-REV2
fl_mod,prvtgtr,23,0.114,-33.285830,48000,20000,SCORE-PEAQ-REV2
fl_mod,prvtgtr,24,0.117,-33.430412,48000,20000,SCORE-PEAQ-REV2
fl_mod,ytbass,8,-3.803,3.109992,48000,20000,SCORE-PEAQ-REV2
fl_mod,ytbass,9,-3.640,1.355131,48000,20000,SCORE-PEAQ-REV2
fl_mod,ytbass,10,-3.363,1.043117,48000,20000,SCORE-PEAQ-REV2
fl_mod,ytbass,11,-3.047,1.147218,48000,20000,SCORE-PEAQ-REV2
fl_mod,ytbass,12,-2.901,4.078558,48000,20000,SCORE-PEAQ-REV2
fl_mod,ytbass,13,-1.904,2.165483,48000,20000,SCORE-PEAQ-REV2
fl_mod,ytbass,14,-3.837,9.371600,48000,20000,SCORE-PEAQ-REV2
fl_mod,ytbass,15,-3.101,4.704762,48000,20000,SCORE-PEAQ-REV2
fl_mod,ytbass,16,-1.969,-0.424870,48000,20000,SCORE-PEAQ-REV2
fl_mod,ytbass,17,-1.575,-6.293287,48000,20000,SCORE-PEAQ-REV2
fl_mod,ytbass,18,-1.246,-12.514467,48000,20000,SCORE-PEAQ-REV2
fl_mod,ytbass,19,-0.796,-18.827108,48000,20000,SCORE-PEAQ-REV2
fl_mod,ytbass,20,-0.337,-25.080795,48000,20000,SCORE-PEAQ-REV2
fl_mod,ytbass,21,-0.028,-31.107239,48000,20000,SCORE-PEAQ-REV2
fl_mod,ytbass,22,0.091,-36.741897,48000,20000,SCORE-PEAQ-REV2
fl_mod,ytbass,23,0.127,-40.258752,48000,20000,SCORE-PEAQ-REV2
fl_mod,ytbass,24,0.140,-41.687361,48000,20000,SCORE-PEAQ-REV2
