"sentinel","run_id","timestamp","cell","width","board_file","board_md5","ref_file","ref_md5","nmr_db","frames","skip_val","status","elapsed_s","raw_tail"
"SCORE-XCELLNMR-REV2","20260814_091630","2026-08-14T09:16:33","fl_max","8","board_nam_fl_max_w8.f32","31B291E7642C4112CD1EFC1E53A08860","anchor_nam_ref32_fl_max.f32","460E8C7C172094A6B15E38FC22F94059","12.71","8794","1024","OK","3","NMR-REV2  NMR = 12.71 dB   (frames=8794, voiced=8794, skip=1024)"
"SCORE-XCELLNMR-REV2","20260814_091630","2026-08-14T09:16:36","fl_max","9","board_nam_fl_max_w9.f32","223ACB7F6D9BE9503258E01FC2A3582D","anchor_nam_ref32_fl_max.f32","460E8C7C172094A6B15E38FC22F94059","12.45","8794","1024","OK","3","NMR-REV2  NMR = 12.45 dB   (frames=8794, voiced=8794, skip=1024)"
"SCORE-XCELLNMR-REV2","20260814_091630","2026-08-14T09:16:40","fl_max","10","board_nam_fl_max_w10.f32","9C295820E59895C00EDAEAEFABFDAC7E","anchor_nam_ref32_fl_max.f32","460E8C7C172094A6B15E38FC22F94059","21.82","8794","1024","OK","2.9","NMR-REV2  NMR = 21.82 dB   (frames=8794, voiced=8794, skip=1024)"
"SCORE-XCELLNMR-REV2","20260814_091630","2026-08-14T09:16:43","fl_max","11","board_nam_fl_max_w11.f32","96C42AA7AB5A10457C5DDE91DA72A5F0","anchor_nam_ref32_fl_max.f32","460E8C7C172094A6B15E38FC22F94059","21.94","8794","1024","OK","2.7","NMR-REV2  NMR = 21.94 dB   (frames=8794, voiced=8794, skip=1024)"
"SCORE-XCELLNMR-REV2","20260814_091630","2026-08-14T09:16:46","fl_max","12","board_nam_fl_max_w12.f32","01E652C77798F573315981E717827534","anchor_nam_ref32_fl_max.f32","460E8C7C172094A6B15E38FC22F94059","16.64","8794","1024","OK","2.9","NMR-REV2  NMR = 16.64 dB   (frames=8794, voiced=8794, skip=1024)"
"SCORE-XCELLNMR-REV2","20260814_091630","2026-08-14T09:16:49","fl_max","13","board_nam_fl_max_w13.f32","0A0A9BD3FFD891C0C57F5908F67D6350","anchor_nam_ref32_fl_max.f32","460E8C7C172094A6B15E38FC22F94059","15.26","8794","1024","OK","2.8","NMR-REV2  NMR = 15.26 dB   (frames=8794, voiced=8794, skip=1024)"
"SCORE-XCELLNMR-REV2","20260814_091630","2026-08-14T09:16:53","fl_max","14","board_nam_fl_max_w14.f32","B6C4689D775ADC6FA6E9CFC4F3B0C42A","anchor_nam_ref32_fl_max.f32","460E8C7C172094A6B15E38FC22F94059","15.87","8794","1024","OK","2.9","NMR-REV2  NMR = 15.87 dB   (frames=8794, voiced=8794, skip=1024)"
"SCORE-XCELLNMR-REV2","20260814_091630","2026-08-14T09:16:56","fl_max","15","board_nam_fl_max_w15.f32","AEEA5972E0C63541B1A1DD84E3FCBCCA","anchor_nam_ref32_fl_max.f32","460E8C7C172094A6B15E38FC22F94059","10.74","8794","1024","OK","2.7","NMR-REV2  NMR = 10.74 dB   (frames=8794, voiced=8794, skip=1024)"
"SCORE-XCELLNMR-REV2","20260814_091630","2026-08-14T09:16:59","fl_max","16","board_nam_fl_max_w16.f32","FF651E893C252FE818EDAD3217B5139F","anchor_nam_ref32_fl_max.f32","460E8C7C172094A6B15E38FC22F94059","5.24","8794","1024","OK","2.8","NMR-REV2  NMR = 5.24 dB   (frames=8794, voiced=8794, skip=1024)"
"SCORE-XCELLNMR-REV2","20260814_091630","2026-08-14T09:17:02","fl_max","17","board_nam_fl_max_w17.f32","68E268CDBEC178AAEFFBA232BF79F92E","anchor_nam_ref32_fl_max.f32","460E8C7C172094A6B15E38FC22F94059","-0.19","8794","1024","OK","2.7","NMR-REV2  NMR = -0.19 dB   (frames=8794, voiced=8794, skip=1024)"
"SCORE-XCELLNMR-REV2","20260814_091630","2026-08-14T09:17:05","fl_max","18","board_nam_fl_max_w18.f32","F85F49B58535DBA35F1EC82ABAC8312B","anchor_nam_ref32_fl_max.f32","460E8C7C172094A6B15E38FC22F94059","-5.29","8794","1024","OK","2.7","NMR-REV2  NMR = -5.29 dB   (frames=8794, voiced=8794, skip=1024)"
"SCORE-XCELLNMR-REV2","20260814_091630","2026-08-14T09:17:08","fl_max","19","board_nam_fl_max_w19.f32","4B084CBCE972EA3F72901707CE907044","anchor_nam_ref32_fl_max.f32","460E8C7C172094A6B15E38FC22F94059","-10.13","8794","1024","OK","2.6","NMR-REV2  NMR = -10.13 dB   (frames=8794, voiced=8794, skip=1024)"
"SCORE-XCELLNMR-REV2","20260814_091630","2026-08-14T09:17:11","fl_max","20","board_nam_fl_max_w20.f32","105769BA11897F267A4CFD59995B28C1","anchor_nam_ref32_fl_max.f32","460E8C7C172094A6B15E38FC22F94059","-10.77","8794","1024","OK","2.8","NMR-REV2  NMR = -10.77 dB   (frames=8794, voiced=8794, skip=1024)"
"SCORE-XCELLNMR-REV2","20260814_091630","2026-08-14T09:17:14","fl_max","21","board_nam_fl_max_w21.f32","9DA120A749091CC83FDDBF20DE252AFD","anchor_nam_ref32_fl_max.f32","460E8C7C172094A6B15E38FC22F94059","-14.65","8794","1024","OK","2.7","NMR-REV2  NMR = -14.65 dB   (frames=8794, voiced=8794, skip=1024)"
"SCORE-XCELLNMR-REV2","20260814_091630","2026-08-14T09:17:17","fl_max","22","board_nam_fl_max_w22.f32","9461C92D2E67582F3084815AACCC6A3C","anchor_nam_ref32_fl_max.f32","460E8C7C172094A6B15E38FC22F94059","-14.06","8794","1024","OK","2.6","NMR-REV2  NMR = -14.06 dB   (frames=8794, voiced=8794, skip=1024)"
"SCORE-XCELLNMR-REV2","20260814_091630","2026-08-14T09:17:20","fl_max","23","board_nam_fl_max_w23.f32","5E1EFCB16175D6B7075827AD27015706","anchor_nam_ref32_fl_max.f32","460E8C7C172094A6B15E38FC22F94059","-12.95","8794","1024","OK","2.7","NMR-REV2  NMR = -12.95 dB   (frames=8794, voiced=8794, skip=1024)"
"SCORE-XCELLNMR-REV2","20260814_091630","2026-08-14T09:17:23","fl_max","24","board_nam_fl_max_w24.f32","B2FFBC8F781D64D470D41DD143664115","anchor_nam_ref32_fl_max.f32","460E8C7C172094A6B15E38FC22F94059","-15.2","8794","1024","OK","2.7","NMR-REV2  NMR = -15.20 dB   (frames=8794, voiced=8794, skip=1024)"
"SCORE-XCELLNMR-REV2","20260814_091630","2026-08-14T09:17:26","fl_mod","8","board_nam_fl_mod_w8.f32","97540804DD07E03E9F2E5B8FD555D6FE","anchor_nam_ref32_fl_mod.f32","31637310EF178F1E5909499925A31961","8.98","8794","1024","OK","2.7","NMR-REV2  NMR = 8.98 dB   (frames=8794, voiced=8794, skip=1024)"
"SCORE-XCELLNMR-REV2","20260814_091630","2026-08-14T09:17:29","fl_mod","9","board_nam_fl_mod_w9.f32","A7C35CE2A8067865EAB24442E450EDA1","anchor_nam_ref32_fl_mod.f32","31637310EF178F1E5909499925A31961","6.72","8794","1024","OK","2.6","NMR-REV2  NMR = 6.72 dB   (frames=8794, voiced=8794, skip=1024)"
"SCORE-XCELLNMR-REV2","20260814_091630","2026-08-14T09:17:32","fl_mod","10","board_nam_fl_mod_w10.f32","41FBC035F4F9C7FCFEB65BF22CD457C6","anchor_nam_ref32_fl_mod.f32","31637310EF178F1E5909499925A31961","6.25","8794","1024","OK","2.7","NMR-REV2  NMR = 6.25 dB   (frames=8794, voiced=8794, skip=1024)"
"SCORE-XCELLNMR-REV2","20260814_091630","2026-08-14T09:17:36","fl_mod","11","board_nam_fl_mod_w11.f32","46B347E132CB178D63136ED2D2B0E733","anchor_nam_ref32_fl_mod.f32","31637310EF178F1E5909499925A31961","13.29","8794","1024","OK","2.8","NMR-REV2  NMR = 13.29 dB   (frames=8794, voiced=8794, skip=1024)"
"SCORE-XCELLNMR-REV2","20260814_091630","2026-08-14T09:17:39","fl_mod","12","board_nam_fl_mod_w12.f32","4464BD6416787B5AA3D4E71828FBAE33","anchor_nam_ref32_fl_mod.f32","31637310EF178F1E5909499925A31961","18.37","8794","1024","OK","2.7","NMR-REV2  NMR = 18.37 dB   (frames=8794, voiced=8794, skip=1024)"
"SCORE-XCELLNMR-REV2","20260814_091630","2026-08-14T09:17:42","fl_mod","13","board_nam_fl_mod_w13.f32","A6E8F1FBEC645272BDF95E8051CCA5EB","anchor_nam_ref32_fl_mod.f32","31637310EF178F1E5909499925A31961","13.41","8794","1024","OK","2.8","NMR-REV2  NMR = 13.41 dB   (frames=8794, voiced=8794, skip=1024)"
"SCORE-XCELLNMR-REV2","20260814_091630","2026-08-14T09:17:45","fl_mod","14","board_nam_fl_mod_w14.f32","49513FD43E23DEAE63D1B21EF93D157F","anchor_nam_ref32_fl_mod.f32","31637310EF178F1E5909499925A31961","14.24","8794","1024","OK","2.6","NMR-REV2  NMR = 14.24 dB   (frames=8794, voiced=8794, skip=1024)"
"SCORE-XCELLNMR-REV2","20260814_091630","2026-08-14T09:17:48","fl_mod","15","board_nam_fl_mod_w15.f32","72E0D9F4CB5652B9E35A12F3FE3272C7","anchor_nam_ref32_fl_mod.f32","31637310EF178F1E5909499925A31961","8.19","8794","1024","OK","2.7","NMR-REV2  NMR = 8.19 dB   (frames=8794, voiced=8794, skip=1024)"
"SCORE-XCELLNMR-REV2","20260814_091630","2026-08-14T09:17:51","fl_mod","16","board_nam_fl_mod_w16.f32","F99CE530211F91D2216955AD001021B6","anchor_nam_ref32_fl_mod.f32","31637310EF178F1E5909499925A31961","2.43","8794","1024","OK","2.7","NMR-REV2  NMR = 2.43 dB   (frames=8794, voiced=8794, skip=1024)"
"SCORE-XCELLNMR-REV2","20260814_091630","2026-08-14T09:17:54","fl_mod","17","board_nam_fl_mod_w17.f32","1220E4666DDF96178E3D200B7A0431E8","anchor_nam_ref32_fl_mod.f32","31637310EF178F1E5909499925A31961","-3.73","8794","1024","OK","2.7","NMR-REV2  NMR = -3.73 dB   (frames=8794, voiced=8794, skip=1024)"
"SCORE-XCELLNMR-REV2","20260814_091630","2026-08-14T09:17:57","fl_mod","18","board_nam_fl_mod_w18.f32","BC7481E293DE741990530A2D48B16355","anchor_nam_ref32_fl_mod.f32","31637310EF178F1E5909499925A31961","-10.57","8794","1024","OK","2.6","NMR-REV2  NMR = -10.57 dB   (frames=8794, voiced=8794, skip=1024)"
"SCORE-XCELLNMR-REV2","20260814_091630","2026-08-14T09:18:00","fl_mod","19","board_nam_fl_mod_w19.f32","D7F49442F8F2007C3C3ECF180EC30882","anchor_nam_ref32_fl_mod.f32","31637310EF178F1E5909499925A31961","-16.39","8794","1024","OK","2.6","NMR-REV2  NMR = -16.39 dB   (frames=8794, voiced=8794, skip=1024)"
"SCORE-XCELLNMR-REV2","20260814_091630","2026-08-14T09:18:03","fl_mod","20","board_nam_fl_mod_w20.f32","357EB0FE513A3967712520B1CC04A603","anchor_nam_ref32_fl_mod.f32","31637310EF178F1E5909499925A31961","-22.13","8794","1024","OK","2.7","NMR-REV2  NMR = -22.13 dB   (frames=8794, voiced=8794, skip=1024)"
"SCORE-XCELLNMR-REV2","20260814_091630","2026-08-14T09:18:06","fl_mod","21","board_nam_fl_mod_w21.f32","0A43F4ED3353525EA5452EE7A3C6B020","anchor_nam_ref32_fl_mod.f32","31637310EF178F1E5909499925A31961","-24.31","8794","1024","OK","2.7","NMR-REV2  NMR = -24.31 dB   (frames=8794, voiced=8794, skip=1024)"
"SCORE-XCELLNMR-REV2","20260814_091630","2026-08-14T09:18:09","fl_mod","22","board_nam_fl_mod_w22.f32","0F89F16AD34BB79F2E97726BF0DE98A5","anchor_nam_ref32_fl_mod.f32","31637310EF178F1E5909499925A31961","-30.82","8794","1024","OK","2.7","NMR-REV2  NMR = -30.82 dB   (frames=8794, voiced=8794, skip=1024)"
"SCORE-XCELLNMR-REV2","20260814_091630","2026-08-14T09:18:12","fl_mod","23","board_nam_fl_mod_w23.f32","306B02E1392EFF66E598A58E1B214F04","anchor_nam_ref32_fl_mod.f32","31637310EF178F1E5909499925A31961","-36.8","8794","1024","OK","2.6","NMR-REV2  NMR = -36.80 dB   (frames=8794, voiced=8794, skip=1024)"
"SCORE-XCELLNMR-REV2","20260814_091630","2026-08-14T09:18:15","fl_mod","24","board_nam_fl_mod_w24.f32","143696CAE16D80679C2A9CCDC3A1AC2E","anchor_nam_ref32_fl_mod.f32","31637310EF178F1E5909499925A31961","-36.56","8794","1024","OK","2.6","NMR-REV2  NMR = -36.56 dB   (frames=8794, voiced=8794, skip=1024)"
"SCORE-XCELLNMR-REV2","20260814_091630","2026-08-14T09:18:18","gt_max","8","board_nam_gt_max_w8.f32","6B740A8C5C4C1693BDF00C35DCB33D96","anchor_nam_ref32_gt_max.f32","D44D5ADAEEDABE5ED2A50B74D19CAF70","29.17","8794","1024","OK","2.7","NMR-REV2  NMR = 29.17 dB   (frames=8794, voiced=8794, skip=1024)"
"SCORE-XCELLNMR-REV2","20260814_091630","2026-08-14T09:18:21","gt_max","9","board_nam_gt_max_w9.f32","FF55CC97C72F47C23A8C2D7F741A4B9F","anchor_nam_ref32_gt_max.f32","D44D5ADAEEDABE5ED2A50B74D19CAF70","17.57","8794","1024","OK","2.7","NMR-REV2  NMR = 17.57 dB   (frames=8794, voiced=8794, skip=1024)"
"SCORE-XCELLNMR-REV2","20260814_091630","2026-08-14T09:18:24","gt_max","10","board_nam_gt_max_w10.f32","C4B25E0CF23E047BDC62A781217ECAF9","anchor_nam_ref32_gt_max.f32","D44D5ADAEEDABE5ED2A50B74D19CAF70","17.73","8794","1024","OK","2.7","NMR-REV2  NMR = 17.73 dB   (frames=8794, voiced=8794, skip=1024)"
"SCORE-XCELLNMR-REV2","20260814_091630","2026-08-14T09:18:27","gt_max","11","board_nam_gt_max_w11.f32","22BFF5E7F2C18C61B00C3D63D839A427","anchor_nam_ref32_gt_max.f32","D44D5ADAEEDABE5ED2A50B74D19CAF70","15.47","8794","1024","OK","2.6","NMR-REV2  NMR = 15.47 dB   (frames=8794, voiced=8794, skip=1024)"
"SCORE-XCELLNMR-REV2","20260814_091630","2026-08-14T09:18:30","gt_max","12","board_nam_gt_max_w12.f32","711B152F79CEB2CDE2DBD630C9B4DE3F","anchor_nam_ref32_gt_max.f32","D44D5ADAEEDABE5ED2A50B74D19CAF70","13.94","8794","1024","OK","2.7","NMR-REV2  NMR = 13.94 dB   (frames=8794, voiced=8794, skip=1024)"
"SCORE-XCELLNMR-REV2","20260814_091630","2026-08-14T09:18:34","gt_max","13","board_nam_gt_max_w13.f32","85C09B8D12F14119B777C7F60C4D87DE","anchor_nam_ref32_gt_max.f32","D44D5ADAEEDABE5ED2A50B74D19CAF70","12.39","8794","1024","OK","2.7","NMR-REV2  NMR = 12.39 dB   (frames=8794, voiced=8794, skip=1024)"
"SCORE-XCELLNMR-REV2","20260814_091630","2026-08-14T09:18:37","gt_max","14","board_nam_gt_max_w14.f32","E4AC128840CA67BBABDB986038945E59","anchor_nam_ref32_gt_max.f32","D44D5ADAEEDABE5ED2A50B74D19CAF70","8.48","8794","1024","OK","2.6","NMR-REV2  NMR = 8.48 dB   (frames=8794, voiced=8794, skip=1024)"
"SCORE-XCELLNMR-REV2","20260814_091630","2026-08-14T09:18:40","gt_max","15","board_nam_gt_max_w15.f32","7B99074B84607B008FC4CD6BC09AF206","anchor_nam_ref32_gt_max.f32","D44D5ADAEEDABE5ED2A50B74D19CAF70","3.82","8794","1024","OK","2.7","NMR-REV2  NMR = 3.82 dB   (frames=8794, voiced=8794, skip=1024)"
"SCORE-XCELLNMR-REV2","20260814_091630","2026-08-14T09:18:43","gt_max","16","board_nam_gt_max_w16.f32","E404729A112588390AA94654CDB9E506","anchor_nam_ref32_gt_max.f32","D44D5ADAEEDABE5ED2A50B74D19CAF70","-1.98","8794","1024","OK","2.7","NMR-REV2  NMR = -1.98 dB   (frames=8794, voiced=8794, skip=1024)"
"SCORE-XCELLNMR-REV2","20260814_091630","2026-08-14T09:18:46","gt_max","17","board_nam_gt_max_w17.f32","8CF425547A7BA28D14018AB32DCB4A10","anchor_nam_ref32_gt_max.f32","D44D5ADAEEDABE5ED2A50B74D19CAF70","-8.28","8794","1024","OK","2.8","NMR-REV2  NMR = -8.28 dB   (frames=8794, voiced=8794, skip=1024)"
"SCORE-XCELLNMR-REV2","20260814_091630","2026-08-14T09:18:49","gt_max","18","board_nam_gt_max_w18.f32","E6C539CC7A230EDB158676AF13BC8D49","anchor_nam_ref32_gt_max.f32","D44D5ADAEEDABE5ED2A50B74D19CAF70","-14.65","8794","1024","OK","2.7","NMR-REV2  NMR = -14.65 dB   (frames=8794, voiced=8794, skip=1024)"
"SCORE-XCELLNMR-REV2","20260814_091630","2026-08-14T09:18:52","gt_max","19","board_nam_gt_max_w19.f32","1AB9A88B169BFEEE97CE0202F3EF14FD","anchor_nam_ref32_gt_max.f32","D44D5ADAEEDABE5ED2A50B74D19CAF70","-20.88","8794","1024","OK","2.7","NMR-REV2  NMR = -20.88 dB   (frames=8794, voiced=8794, skip=1024)"
"SCORE-XCELLNMR-REV2","20260814_091630","2026-08-14T09:18:55","gt_max","20","board_nam_gt_max_w20.f32","4F3E1F4D18D79E8F5739581AC21E9513","anchor_nam_ref32_gt_max.f32","D44D5ADAEEDABE5ED2A50B74D19CAF70","-26.54","8794","1024","OK","2.7","NMR-REV2  NMR = -26.54 dB   (frames=8794, voiced=8794, skip=1024)"
"SCORE-XCELLNMR-REV2","20260814_091630","2026-08-14T09:18:58","gt_max","21","board_nam_gt_max_w21.f32","9A0595CA0271C45A0423FD791BF3A649","anchor_nam_ref32_gt_max.f32","D44D5ADAEEDABE5ED2A50B74D19CAF70","-30.93","8794","1024","OK","2.7","NMR-REV2  NMR = -30.93 dB   (frames=8794, voiced=8794, skip=1024)"
"SCORE-XCELLNMR-REV2","20260814_091630","2026-08-14T09:19:01","gt_max","22","board_nam_gt_max_w22.f32","165CD95660FE5FA0CE7ABD71539B73A2","anchor_nam_ref32_gt_max.f32","D44D5ADAEEDABE5ED2A50B74D19CAF70","-37.97","8794","1024","OK","2.7","NMR-REV2  NMR = -37.97 dB   (frames=8794, voiced=8794, skip=1024)"
"SCORE-XCELLNMR-REV2","20260814_091630","2026-08-14T09:19:04","gt_max","23","board_nam_gt_max_w23.f32","5A571E499D6D387BC8ADA54E7A380E45","anchor_nam_ref32_gt_max.f32","D44D5ADAEEDABE5ED2A50B74D19CAF70","-38.28","8794","1024","OK","2.7","NMR-REV2  NMR = -38.28 dB   (frames=8794, voiced=8794, skip=1024)"
"SCORE-XCELLNMR-REV2","20260814_091630","2026-08-14T09:19:07","gt_max","24","board_nam_gt_max_w24.f32","89D8F611DB6835E01A1C90E69342D42B","anchor_nam_ref32_gt_max.f32","D44D5ADAEEDABE5ED2A50B74D19CAF70","-38.4","8794","1024","OK","2.6","NMR-REV2  NMR = -38.40 dB   (frames=8794, voiced=8794, skip=1024)"
"SCORE-XCELLNMR-REV2","20260814_091630","2026-08-14T09:19:10","gt_mod","8","board_nam_gt_mod_w8.f32","93AFDFE0D0576CC98F77FDCFA6FA8081","anchor_nam_ref32_gt_mod.f32","3AB1381FD551B60B7CDB153C64227D22","29.72","8794","1024","OK","2.6","NMR-REV2  NMR = 29.72 dB   (frames=8794, voiced=8792, skip=1024)"
"SCORE-XCELLNMR-REV2","20260814_091630","2026-08-14T09:19:13","gt_mod","9","board_nam_gt_mod_w9.f32","F09ED9009F51FD45B377CA7709CD178F","anchor_nam_ref32_gt_mod.f32","3AB1381FD551B60B7CDB153C64227D22","22.59","8794","1024","OK","2.7","NMR-REV2  NMR = 22.59 dB   (frames=8794, voiced=8792, skip=1024)"
"SCORE-XCELLNMR-REV2","20260814_091630","2026-08-14T09:19:16","gt_mod","10","board_nam_gt_mod_w10.f32","56E6FB4938126C3E72F41035617F0E75","anchor_nam_ref32_gt_mod.f32","3AB1381FD551B60B7CDB153C64227D22","16.74","8794","1024","OK","2.7","NMR-REV2  NMR = 16.74 dB   (frames=8794, voiced=8792, skip=1024)"
"SCORE-XCELLNMR-REV2","20260814_091630","2026-08-14T09:19:19","gt_mod","11","board_nam_gt_mod_w11.f32","62A38A80FB1B7CF17587393FFD135277","anchor_nam_ref32_gt_mod.f32","3AB1381FD551B60B7CDB153C64227D22","13.13","8794","1024","OK","2.6","NMR-REV2  NMR = 13.13 dB   (frames=8794, voiced=8792, skip=1024)"
"SCORE-XCELLNMR-REV2","20260814_091630","2026-08-14T09:19:22","gt_mod","12","board_nam_gt_mod_w12.f32","1203DDB34AA2DE9C144DBCE38D9B8087","anchor_nam_ref32_gt_mod.f32","3AB1381FD551B60B7CDB153C64227D22","7.65","8794","1024","OK","2.7","NMR-REV2  NMR = 7.65 dB   (frames=8794, voiced=8792, skip=1024)"
"SCORE-XCELLNMR-REV2","20260814_091630","2026-08-14T09:19:25","gt_mod","13","board_nam_gt_mod_w13.f32","79465593C2E354979E4AD33DDC9236D5","anchor_nam_ref32_gt_mod.f32","3AB1381FD551B60B7CDB153C64227D22","2.97","8794","1024","OK","2.7","NMR-REV2  NMR = 2.97 dB   (frames=8794, voiced=8792, skip=1024)"
"SCORE-XCELLNMR-REV2","20260814_091630","2026-08-14T09:19:28","gt_mod","14","board_nam_gt_mod_w14.f32","E79F252C58F177E566D698F6254E8EB1","anchor_nam_ref32_gt_mod.f32","3AB1381FD551B60B7CDB153C64227D22","-2.09","8794","1024","OK","2.6","NMR-REV2  NMR = -2.09 dB   (frames=8794, voiced=8792, skip=1024)"
"SCORE-XCELLNMR-REV2","20260814_091630","2026-08-14T09:19:31","gt_mod","15","board_nam_gt_mod_w15.f32","548D32CCD0849FF11E770D9FA21CB51E","anchor_nam_ref32_gt_mod.f32","3AB1381FD551B60B7CDB153C64227D22","-6.97","8794","1024","OK","2.7","NMR-REV2  NMR = -6.97 dB   (frames=8794, voiced=8792, skip=1024)"
"SCORE-XCELLNMR-REV2","20260814_091630","2026-08-14T09:19:35","gt_mod","16","board_nam_gt_mod_w16.f32","5606CC8A62FB053032AFD8C07F4453E7","anchor_nam_ref32_gt_mod.f32","3AB1381FD551B60B7CDB153C64227D22","-12.39","8794","1024","OK","2.7","NMR-REV2  NMR = -12.39 dB   (frames=8794, voiced=8792, skip=1024)"
"SCORE-XCELLNMR-REV2","20260814_091630","2026-08-14T09:19:38","gt_mod","17","board_nam_gt_mod_w17.f32","7854E0C4BEB257C9CDC32C2F908F8791","anchor_nam_ref32_gt_mod.f32","3AB1381FD551B60B7CDB153C64227D22","-18.02","8794","1024","OK","2.7","NMR-REV2  NMR = -18.02 dB   (frames=8794, voiced=8792, skip=1024)"
"SCORE-XCELLNMR-REV2","20260814_091630","2026-08-14T09:19:41","gt_mod","18","board_nam_gt_mod_w18.f32","625A967B26772CD9D1DF763BDAFFA206","anchor_nam_ref32_gt_mod.f32","3AB1381FD551B60B7CDB153C64227D22","-23.66","8794","1024","OK","2.7","NMR-REV2  NMR = -23.66 dB   (frames=8794, voiced=8792, skip=1024)"
"SCORE-XCELLNMR-REV2","20260814_091630","2026-08-14T09:19:44","gt_mod","19","board_nam_gt_mod_w19.f32","914E43BC9661BAC04C5C6DC400CF9884","anchor_nam_ref32_gt_mod.f32","3AB1381FD551B60B7CDB153C64227D22","-29.86","8794","1024","OK","2.7","NMR-REV2  NMR = -29.86 dB   (frames=8794, voiced=8792, skip=1024)"
"SCORE-XCELLNMR-REV2","20260814_091630","2026-08-14T09:19:47","gt_mod","20","board_nam_gt_mod_w20.f32","ACF8A4EC89410CC78A862E8519D24E2F","anchor_nam_ref32_gt_mod.f32","3AB1381FD551B60B7CDB153C64227D22","-35.5","8794","1024","OK","2.8","NMR-REV2  NMR = -35.50 dB   (frames=8794, voiced=8792, skip=1024)"
"SCORE-XCELLNMR-REV2","20260814_091630","2026-08-14T09:19:50","gt_mod","21","board_nam_gt_mod_w21.f32","075FAC7FD15C286837D64FF669099877","anchor_nam_ref32_gt_mod.f32","3AB1381FD551B60B7CDB153C64227D22","-39.54","8794","1024","OK","2.8","NMR-REV2  NMR = -39.54 dB   (frames=8794, voiced=8792, skip=1024)"
"SCORE-XCELLNMR-REV2","20260814_091630","2026-08-14T09:19:53","gt_mod","22","board_nam_gt_mod_w22.f32","3957A9F7F8EE9A23428A15CCA0EFDAE6","anchor_nam_ref32_gt_mod.f32","3AB1381FD551B60B7CDB153C64227D22","-44.2","8794","1024","OK","2.8","NMR-REV2  NMR = -44.20 dB   (frames=8794, voiced=8792, skip=1024)"
"SCORE-XCELLNMR-REV2","20260814_091630","2026-08-14T09:19:57","gt_mod","23","board_nam_gt_mod_w23.f32","32A6C696E83F35A1EB87285DB3EF2D21","anchor_nam_ref32_gt_mod.f32","3AB1381FD551B60B7CDB153C64227D22","-44.34","8794","1024","OK","2.8","NMR-REV2  NMR = -44.34 dB   (frames=8794, voiced=8792, skip=1024)"
"SCORE-XCELLNMR-REV2","20260814_091630","2026-08-14T09:20:00","gt_mod","24","board_nam_gt_mod_w24.f32","F0676649C32174D92D52939303270271","anchor_nam_ref32_gt_mod.f32","3AB1381FD551B60B7CDB153C64227D22","-44.39","8794","1024","OK","2.8","NMR-REV2  NMR = -44.39 dB   (frames=8794, voiced=8792, skip=1024)"
"SCORE-XCELLNMR-REV2","20260814_091630","2026-08-14T09:20:03","rodent_mod","8","board_nam_rodent_mod_w8.f32","B847B8D0E9AC2D82F01ECA37C44E1239","anchor_nam_ref32_rodent_mod.f32","0669C8E228DC3B5937C0076D0197D5B2","18.97","8794","1024","OK","2.7","NMR-REV2  NMR = 18.97 dB   (frames=8794, voiced=8794, skip=1024)"
"SCORE-XCELLNMR-REV2","20260814_091630","2026-08-14T09:20:06","rodent_mod","9","board_nam_rodent_mod_w9.f32","BD437FA6E99165AC2D9B1F292BA38782","anchor_nam_ref32_rodent_mod.f32","0669C8E228DC3B5937C0076D0197D5B2","22.62","8794","1024","OK","2.9","NMR-REV2  NMR = 22.62 dB   (frames=8794, voiced=8794, skip=1024)"
"SCORE-XCELLNMR-REV2","20260814_091630","2026-08-14T09:20:09","rodent_mod","10","board_nam_rodent_mod_w10.f32","17B5997BAF3D939A5AD37F8DC32AEF6B","anchor_nam_ref32_rodent_mod.f32","0669C8E228DC3B5937C0076D0197D5B2","20.34","8794","1024","OK","2.8","NMR-REV2  NMR = 20.34 dB   (frames=8794, voiced=8794, skip=1024)"
"SCORE-XCELLNMR-REV2","20260814_091630","2026-08-14T09:20:12","rodent_mod","11","board_nam_rodent_mod_w11.f32","747A0950B880BBFF098562EF879CB5DF","anchor_nam_ref32_rodent_mod.f32","0669C8E228DC3B5937C0076D0197D5B2","16.75","8794","1024","OK","2.8","NMR-REV2  NMR = 16.75 dB   (frames=8794, voiced=8794, skip=1024)"
"SCORE-XCELLNMR-REV2","20260814_091630","2026-08-14T09:20:16","rodent_mod","12","board_nam_rodent_mod_w12.f32","10D517A253699B88FCCB082046BB2522","anchor_nam_ref32_rodent_mod.f32","0669C8E228DC3B5937C0076D0197D5B2","22.59","8794","1024","OK","2.9","NMR-REV2  NMR = 22.59 dB   (frames=8794, voiced=8794, skip=1024)"
"SCORE-XCELLNMR-REV2","20260814_091630","2026-08-14T09:20:19","rodent_mod","13","board_nam_rodent_mod_w13.f32","09C0C7E1EB8E5C7AEBD068829BFADD19","anchor_nam_ref32_rodent_mod.f32","0669C8E228DC3B5937C0076D0197D5B2","17.52","8794","1024","OK","2.7","NMR-REV2  NMR = 17.52 dB   (frames=8794, voiced=8794, skip=1024)"
"SCORE-XCELLNMR-REV2","20260814_091630","2026-08-14T09:20:22","rodent_mod","14","board_nam_rodent_mod_w14.f32","9315A40FE37F13D446FEC4DB0CD476D9","anchor_nam_ref32_rodent_mod.f32","0669C8E228DC3B5937C0076D0197D5B2","12.65","8794","1024","OK","2.9","NMR-REV2  NMR = 12.65 dB   (frames=8794, voiced=8794, skip=1024)"
"SCORE-XCELLNMR-REV2","20260814_091630","2026-08-14T09:20:25","rodent_mod","15","board_nam_rodent_mod_w15.f32","95ED08DAD6404411D842DA61CFE585D7","anchor_nam_ref32_rodent_mod.f32","0669C8E228DC3B5937C0076D0197D5B2","6.95","8794","1024","OK","2.9","NMR-REV2  NMR = 6.95 dB   (frames=8794, voiced=8794, skip=1024)"
"SCORE-XCELLNMR-REV2","20260814_091630","2026-08-14T09:20:28","rodent_mod","16","board_nam_rodent_mod_w16.f32","0429CA2163490B417D550AA085D045C2","anchor_nam_ref32_rodent_mod.f32","0669C8E228DC3B5937C0076D0197D5B2","1.1","8794","1024","OK","2.8","NMR-REV2  NMR = 1.10 dB   (frames=8794, voiced=8794, skip=1024)"
"SCORE-XCELLNMR-REV2","20260814_091630","2026-08-14T09:20:32","rodent_mod","17","board_nam_rodent_mod_w17.f32","067522EFFE990C450F89BD8312A343CE","anchor_nam_ref32_rodent_mod.f32","0669C8E228DC3B5937C0076D0197D5B2","-4.91","8794","1024","OK","2.9","NMR-REV2  NMR = -4.91 dB   (frames=8794, voiced=8794, skip=1024)"
"SCORE-XCELLNMR-REV2","20260814_091630","2026-08-14T09:20:35","rodent_mod","18","board_nam_rodent_mod_w18.f32","9DC67AC4E1EA15651617AF940A45F72F","anchor_nam_ref32_rodent_mod.f32","0669C8E228DC3B5937C0076D0197D5B2","-10.33","8794","1024","OK","2.7","NMR-REV2  NMR = -10.33 dB   (frames=8794, voiced=8794, skip=1024)"
"SCORE-XCELLNMR-REV2","20260814_091630","2026-08-14T09:20:38","rodent_mod","19","board_nam_rodent_mod_w19.f32","58946EB03F6609DDB631D5E4EB52DBE0","anchor_nam_ref32_rodent_mod.f32","0669C8E228DC3B5937C0076D0197D5B2","-14.44","8794","1024","OK","2.7","NMR-REV2  NMR = -14.44 dB   (frames=8794, voiced=8794, skip=1024)"
"SCORE-XCELLNMR-REV2","20260814_091630","2026-08-14T09:20:41","rodent_mod","20","board_nam_rodent_mod_w20.f32","EC2408CE99B6CAD670DDFFAF83E42668","anchor_nam_ref32_rodent_mod.f32","0669C8E228DC3B5937C0076D0197D5B2","-23.1","8794","1024","OK","2.6","NMR-REV2  NMR = -23.10 dB   (frames=8794, voiced=8794, skip=1024)"
"SCORE-XCELLNMR-REV2","20260814_091630","2026-08-14T09:20:44","rodent_mod","21","board_nam_rodent_mod_w21.f32","77758BC73B7FA47723DA264076126CAB","anchor_nam_ref32_rodent_mod.f32","0669C8E228DC3B5937C0076D0197D5B2","-20.98","8794","1024","OK","2.6","NMR-REV2  NMR = -20.98 dB   (frames=8794, voiced=8794, skip=1024)"
"SCORE-XCELLNMR-REV2","20260814_091630","2026-08-14T09:20:47","rodent_mod","22","board_nam_rodent_mod_w22.f32","45AE5BA395A82D7192E2047F54998948","anchor_nam_ref32_rodent_mod.f32","0669C8E228DC3B5937C0076D0197D5B2","-30.51","8794","1024","OK","2.7","NMR-REV2  NMR = -30.51 dB   (frames=8794, voiced=8794, skip=1024)"
"SCORE-XCELLNMR-REV2","20260814_091630","2026-08-14T09:20:50","rodent_mod","23","board_nam_rodent_mod_w23.f32","35D99A5FBC3B54084E18E2CAF3B138ED","anchor_nam_ref32_rodent_mod.f32","0669C8E228DC3B5937C0076D0197D5B2","-32.46","8794","1024","OK","2.9","NMR-REV2  NMR = -32.46 dB   (frames=8794, voiced=8794, skip=1024)"
"SCORE-XCELLNMR-REV2","20260814_091630","2026-08-14T09:20:54","rodent_mod","24","board_nam_rodent_mod_w24.f32","8AAE86C7063A15CAE6FBCC67288D42A1","anchor_nam_ref32_rodent_mod.f32","0669C8E228DC3B5937C0076D0197D5B2","-29.93","8794","1024","OK","3.1","NMR-REV2  NMR = -29.93 dB   (frames=8794, voiced=8794, skip=1024)"
