timestamp,cell,width,bit,status,gate,max_abs_err,worst_idx,golden_md5,cyc_total,cyc_hw,us_total,us_hw,ksamp_s,x_rt,fl_secs,fl_ksamp_s,fl_x_rt,fl_md5,fl_out_file,fclk_mhz,note
2025-05-10 19:31:23,fl_max,8,gru_L20_fl_max_w8.bit,OK,NO_REF,,,4495E5A65ECBC2292661A399BD146970,143.50,141.52,1.4350,1.4152,697,14.52,13.32,676,14.1,31B291E7642C4112CD1EFC1E53A08860,board_nam_fl_max_w8.f32,100.0,
2025-05-10 19:32:00,fl_max,9,gru_L20_fl_max_w9.bit,OK,NO_REF,,,17CB5874861057E4783A7C9CE35BA2E4,142.40,140.52,1.4240,1.4052,702,14.63,13.24,681,14.2,223ACB7F6D9BE9503258E01FC2A3582D,board_nam_fl_max_w9.f32,100.0,
2025-05-10 19:32:40,fl_max,10,gru_L20_fl_max_w10.bit,OK,NO_REF,,,E76EDFE950C2BE3B2E6EC26C2612BB88,142.50,140.52,1.4250,1.4052,702,14.62,13.22,681,14.2,9C295820E59895C00EDAEAEFABFDAC7E,board_nam_fl_max_w10.f32,100.0,
2025-05-10 19:33:18,fl_max,11,gru_L20_fl_max_w11.bit,OK,NO_REF,,,DB20B722764E9099D291EC9BEF3BBCF7,142.43,140.52,1.4243,1.4052,702,14.63,13.23,681,14.2,96C42AA7AB5A10457C5DDE91DA72A5F0,board_nam_fl_max_w11.f32,100.0,
2025-05-10 19:33:54,fl_max,12,gru_L20_fl_max_w12.bit,OK,NO_REF,,,472B2B68568814C617D7A6EC4D2FBBDF,142.43,140.52,1.4243,1.4052,702,14.63,13.22,681,14.2,01E652C77798F573315981E717827534,board_nam_fl_max_w12.f32,100.0,
2025-05-10 19:34:34,fl_max,13,gru_L20_fl_max_w13.bit,OK,NO_REF,,,1610CB919148AAC96E2FC98499ED6732,142.42,140.52,1.4242,1.4052,702,14.63,13.22,681,14.2,0A0A9BD3FFD891C0C57F5908F67D6350,board_nam_fl_max_w13.f32,100.0,
2025-05-10 19:35:12,fl_max,14,gru_L20_fl_max_w14.bit,OK,NO_REF,,,85EAF9A99E558F2A6697ED44F7C8A38B,144.45,142.52,1.4445,1.4252,692,14.42,13.41,672,14.0,B6C4689D775ADC6FA6E9CFC4F3B0C42A,board_nam_fl_max_w14.f32,100.0,
2025-05-10 19:35:50,fl_max,15,gru_L20_fl_max_w15.bit,OK,NO_REF,,,EFE4E9118DA72EF9F6E9325262F3E5B2,144.47,142.52,1.4447,1.4252,692,14.42,13.41,672,14.0,AEEA5972E0C63541B1A1DD84E3FCBCCA,board_nam_fl_max_w15.f32,100.0,
2025-05-10 19:36:28,fl_max,16,gru_L20_fl_max_w16.bit,OK,NO_REF,,,EDB9C5E4040BA5E2263857CF8C54FF40,144.42,142.51,1.4442,1.4251,692,14.43,13.40,672,14.0,FF651E893C252FE818EDAD3217B5139F,board_nam_fl_max_w16.f32,100.0,
2025-05-10 19:37:07,fl_max,17,gru_L20_fl_max_w17.bit,OK,NO_REF,,,ED8F3EE6A5C49D7A9AA2E91FB548B0A3,144.44,142.51,1.4444,1.4251,692,14.42,13.41,672,14.0,68E268CDBEC178AAEFFBA232BF79F92E,board_nam_fl_max_w17.f32,100.0,
2025-05-10 19:37:47,fl_max,18,gru_L20_fl_max_w18.bit,OK,NO_REF,,,4CD5F5144D59C8963A75AD8237DDB3C6,144.45,142.51,1.4445,1.4251,692,14.42,13.40,672,14.0,F85F49B58535DBA35F1EC82ABAC8312B,board_nam_fl_max_w18.f32,100.0,
2025-05-10 19:38:28,fl_max,19,gru_L20_fl_max_w19.bit,OK,NO_REF,,,0543FA6FC848796D2345A19DC03A6359,144.42,142.51,1.4442,1.4251,692,14.43,13.40,672,14.0,4B084CBCE972EA3F72901707CE907044,board_nam_fl_max_w19.f32,100.0,
2025-05-10 19:39:06,fl_max,20,gru_L20_fl_max_w20.bit,OK,NO_REF,,,5BDDBFEE37757E0C41CF81BBA6F042FC,144.51,142.51,1.4451,1.4251,692,14.42,13.41,672,14.0,105769BA11897F267A4CFD59995B28C1,board_nam_fl_max_w20.f32,100.0,
2025-05-10 19:39:43,fl_max,21,gru_L20_fl_max_w21.bit,OK,NO_REF,,,6CBB88474326BA5E45DF67BE2CD35F3B,144.46,142.52,1.4446,1.4252,692,14.42,13.41,671,14.0,9DA120A749091CC83FDDBF20DE252AFD,board_nam_fl_max_w21.f32,100.0,
2025-05-10 19:40:22,fl_max,22,gru_L20_fl_max_w22.bit,OK,NO_REF,,,D530AE54C5E6D58395F2D9C575DCD8EA,142.49,140.52,1.4249,1.4052,702,14.62,13.23,681,14.2,9461C92D2E67582F3084815AACCC6A3C,board_nam_fl_max_w22.f32,100.0,
2025-05-10 19:41:03,fl_max,23,gru_L20_fl_max_w23.bit,OK,NO_REF,,,F214E58B50876AFA30AF3192880E27F3,144.46,142.52,1.4446,1.4252,692,14.42,13.40,672,14.0,5E1EFCB16175D6B7075827AD27015706,board_nam_fl_max_w23.f32,100.0,
2025-05-10 19:41:39,fl_max,24,gru_L20_fl_max_w24.bit,OK,NO_REF,,,6B983DA9ABC7E45075807E886D265C0F,144.50,142.51,1.4450,1.4251,692,14.42,13.41,671,14.0,B2FFBC8F781D64D470D41DD143664115,board_nam_fl_max_w24.f32,100.0,
2025-05-10 19:42:19,fl_mod,8,gru_L20_fl_mod_w8.bit,OK,NO_REF,,,0B825EA3A7513AE3CF4280F989FDE27D,143.43,141.52,1.4343,1.4152,697,14.52,13.31,677,14.1,97540804DD07E03E9F2E5B8FD555D6FE,board_nam_fl_mod_w8.f32,100.0,
2025-05-10 19:42:55,fl_mod,9,gru_L20_fl_mod_w9.bit,OK,NO_REF,,,48BD9EDEF220137FB0ABC6C8F93BD45D,142.49,140.53,1.4249,1.4053,702,14.62,13.24,681,14.2,A7C35CE2A8067865EAB24442E450EDA1,board_nam_fl_mod_w9.f32,100.0,
2025-05-10 19:43:36,fl_mod,10,gru_L20_fl_mod_w10.bit,OK,NO_REF,,,078B9E1062975376BAEC1FE1384B4566,142.48,140.52,1.4248,1.4052,702,14.62,13.23,681,14.2,41FBC035F4F9C7FCFEB65BF22CD457C6,board_nam_fl_mod_w10.f32,100.0,
2025-05-10 19:44:14,fl_mod,11,gru_L20_fl_mod_w11.bit,OK,NO_REF,,,99B8DA05AD1EF2041E3D61E556E37104,142.45,140.52,1.4245,1.4052,702,14.62,13.22,681,14.2,46B347E132CB178D63136ED2D2B0E733,board_nam_fl_mod_w11.f32,100.0,
2025-05-10 19:44:49,fl_mod,12,gru_L20_fl_mod_w12.bit,OK,NO_REF,,,393856BB1001AF13FAAC2C62C5D23F22,142.49,140.52,1.4249,1.4052,702,14.62,13.23,681,14.2,4464BD6416787B5AA3D4E71828FBAE33,board_nam_fl_mod_w12.f32,100.0,
2025-05-10 19:45:29,fl_mod,13,gru_L20_fl_mod_w13.bit,OK,NO_REF,,,08D94A1158BD21C76ACD950E48F8454C,142.50,140.52,1.4250,1.4052,702,14.62,13.23,681,14.2,A6E8F1FBEC645272BDF95E8051CCA5EB,board_nam_fl_mod_w13.f32,100.0,
2025-05-10 19:46:06,fl_mod,14,gru_L20_fl_mod_w14.bit,OK,NO_REF,,,1010FBE7710FFF3321D46290FDB029D3,144.44,142.51,1.4444,1.4251,692,14.42,13.40,672,14.0,49513FD43E23DEAE63D1B21EF93D157F,board_nam_fl_mod_w14.f32,100.0,
2025-05-10 19:46:51,fl_mod,15,gru_L20_fl_mod_w15.bit,OK,NO_REF,,,4F02C870CE5BA86692836E6977848484,144.41,142.51,1.4441,1.4251,692,14.43,13.40,672,14.0,72E0D9F4CB5652B9E35A12F3FE3272C7,board_nam_fl_mod_w15.f32,100.0,
2025-05-10 19:47:31,fl_mod,16,gru_L20_fl_mod_w16.bit,OK,NO_REF,,,EE989ED3ACAB180E43220A7CBCF791AB,144.45,142.51,1.4445,1.4251,692,14.42,13.41,672,14.0,F99CE530211F91D2216955AD001021B6,board_nam_fl_mod_w16.f32,100.0,
2025-05-10 19:48:12,fl_mod,17,gru_L20_fl_mod_w17.bit,OK,NO_REF,,,C3303AD0906BB4A6CFCB09BD5B8AA528,144.48,142.51,1.4448,1.4251,692,14.42,13.41,671,14.0,1220E4666DDF96178E3D200B7A0431E8,board_nam_fl_mod_w17.f32,100.0,
2025-05-10 19:48:48,fl_mod,18,gru_L20_fl_mod_w18.bit,OK,NO_REF,,,C5944AAEB2B38A236D36EC4189BF556D,144.47,142.51,1.4447,1.4251,692,14.42,13.40,672,14.0,BC7481E293DE741990530A2D48B16355,board_nam_fl_mod_w18.f32,100.0,
2025-05-10 19:49:28,fl_mod,19,gru_L20_fl_mod_w19.bit,OK,NO_REF,,,814DB5064559181E05E51672BA34EACC,144.48,142.51,1.4448,1.4251,692,14.42,13.41,672,14.0,D7F49442F8F2007C3C3ECF180EC30882,board_nam_fl_mod_w19.f32,100.0,
2025-05-10 19:50:10,fl_mod,20,gru_L20_fl_mod_w20.bit,OK,NO_REF,,,57893F15116C71807D8FAD765BF0970E,144.50,142.51,1.4450,1.4251,692,14.42,13.40,672,14.0,357EB0FE513A3967712520B1CC04A603,board_nam_fl_mod_w20.f32,100.0,
2025-05-10 19:50:48,fl_mod,21,gru_L20_fl_mod_w21.bit,OK,NO_REF,,,25F255762E362A977FAD3C991730A8EF,144.51,142.51,1.4451,1.4251,692,14.42,13.41,672,14.0,0A43F4ED3353525EA5452EE7A3C6B020,board_nam_fl_mod_w21.f32,100.0,
2025-05-10 19:51:28,fl_mod,22,gru_L20_fl_mod_w22.bit,OK,NO_REF,,,19EFAC6CDE7EA2B5AD70B40753C3CD40,142.47,140.52,1.4247,1.4052,702,14.62,13.23,681,14.2,0F89F16AD34BB79F2E97726BF0DE98A5,board_nam_fl_mod_w22.f32,100.0,
2025-05-10 19:52:07,fl_mod,23,gru_L20_fl_mod_w23.bit,OK,NO_REF,,,A79C05DDDDEA014F1C1C05B8083DD1B3,144.42,142.51,1.4442,1.4251,692,14.43,13.40,672,14.0,306B02E1392EFF66E598A58E1B214F04,board_nam_fl_mod_w23.f32,100.0,
2025-05-10 19:52:48,fl_mod,24,gru_L20_fl_mod_w24.bit,OK,NO_REF,,,3706617083B8712CD16569B0C55629B2,144.47,142.51,1.4447,1.4251,692,14.42,13.42,671,14.0,143696CAE16D80679C2A9CCDC3A1AC2E,board_nam_fl_mod_w24.f32,100.0,
2025-05-10 19:53:26,gt_max,8,gru_L20_gt_max_w8.bit,OK,NO_REF,,,C23BE5293442037534658006E3CA409D,143.48,141.52,1.4348,1.4152,697,14.52,13.33,676,14.1,6B740A8C5C4C1693BDF00C35DCB33D96,board_nam_gt_max_w8.f32,100.0,
2025-05-10 19:54:05,gt_max,9,gru_L20_gt_max_w9.bit,OK,NO_REF,,,55612FAF3442F4924EEE6F1BB26163C9,142.45,140.52,1.4245,1.4052,702,14.62,13.23,681,14.2,FF55CC97C72F47C23A8C2D7F741A4B9F,board_nam_gt_max_w9.f32,100.0,
2025-05-10 19:54:47,gt_max,10,gru_L20_gt_max_w10.bit,OK,NO_REF,,,C3C1CF56ABE2037238D0B2F8B2CA6477,142.42,140.52,1.4242,1.4052,702,14.63,13.22,681,14.2,C4B25E0CF23E047BDC62A781217ECAF9,board_nam_gt_max_w10.f32,100.0,
2025-05-10 19:55:23,gt_max,11,gru_L20_gt_max_w11.bit,OK,NO_REF,,,C17092C21B16BE31BDE5DE01EC21C22B,142.43,140.52,1.4243,1.4052,702,14.63,13.22,681,14.2,22BFF5E7F2C18C61B00C3D63D839A427,board_nam_gt_max_w11.f32,100.0,
2025-05-10 19:56:00,gt_max,12,gru_L20_gt_max_w12.bit,OK,NO_REF,,,80C932563453B2E295812397E9A32D2B,142.50,140.52,1.4250,1.4052,702,14.62,13.24,680,14.2,711B152F79CEB2CDE2DBD630C9B4DE3F,board_nam_gt_max_w12.f32,100.0,
2025-05-10 19:56:40,gt_max,13,gru_L20_gt_max_w13.bit,OK,NO_REF,,,A9282A143A95F98397B02DB592016E4E,142.52,140.52,1.4252,1.4052,702,14.62,13.24,680,14.2,85C09B8D12F14119B777C7F60C4D87DE,board_nam_gt_max_w13.f32,100.0,
2025-05-10 19:57:17,gt_max,14,gru_L20_gt_max_w14.bit,OK,NO_REF,,,2B197E0ADBF701AA661D60D272F85114,144.48,142.51,1.4448,1.4251,692,14.42,13.41,672,14.0,E4AC128840CA67BBABDB986038945E59,board_nam_gt_max_w14.f32,100.0,
2025-05-10 19:57:57,gt_max,15,gru_L20_gt_max_w15.bit,OK,NO_REF,,,22B28D2EB363E60FB65308003BC22E40,144.40,142.51,1.4440,1.4251,693,14.43,13.40,672,14.0,7B99074B84607B008FC4CD6BC09AF206,board_nam_gt_max_w15.f32,100.0,
2025-05-10 19:58:39,gt_max,16,gru_L20_gt_max_w16.bit,OK,NO_REF,,,233C7737691D6A92CF7E840D656146B0,144.49,142.52,1.4449,1.4252,692,14.42,13.41,672,14.0,E404729A112588390AA94654CDB9E506,board_nam_gt_max_w16.f32,100.0,
2025-05-10 19:59:19,gt_max,17,gru_L20_gt_max_w17.bit,OK,NO_REF,,,207A1848D151E54D53DF22C69C361C3B,144.48,142.51,1.4448,1.4251,692,14.42,13.41,672,14.0,8CF425547A7BA28D14018AB32DCB4A10,board_nam_gt_max_w17.f32,100.0,
2025-05-10 19:59:55,gt_max,18,gru_L20_gt_max_w18.bit,OK,NO_REF,,,CF992A27AEA9BFA4FD54613C04C9A0B1,144.42,142.51,1.4442,1.4251,692,14.43,13.41,672,14.0,E6C539CC7A230EDB158676AF13BC8D49,board_nam_gt_max_w18.f32,100.0,
2025-05-10 20:00:35,gt_max,19,gru_L20_gt_max_w19.bit,OK,NO_REF,,,E163B60ABE8DAB77E1107B32CD488872,144.44,142.52,1.4444,1.4252,692,14.42,13.42,671,14.0,1AB9A88B169BFEEE97CE0202F3EF14FD,board_nam_gt_max_w19.f32,100.0,
2025-05-10 20:01:13,gt_max,20,gru_L20_gt_max_w20.bit,OK,NO_REF,,,4DAA5174115706A34BEBD2522E2E24BB,144.44,142.51,1.4444,1.4251,692,14.42,13.41,672,14.0,4F3E1F4D18D79E8F5739581AC21E9513,board_nam_gt_max_w20.f32,100.0,
2025-05-10 20:01:53,gt_max,21,gru_L20_gt_max_w21.bit,OK,NO_REF,,,AC0128DB46C59B1BC03096DF9E84E575,144.50,142.51,1.4450,1.4251,692,14.42,13.41,671,14.0,9A0595CA0271C45A0423FD791BF3A649,board_nam_gt_max_w21.f32,100.0,
2025-05-10 20:02:29,gt_max,22,gru_L20_gt_max_w22.bit,OK,NO_REF,,,B29E39351D4307622F769501C37B98AF,142.47,140.53,1.4247,1.4053,702,14.62,13.24,680,14.2,165CD95660FE5FA0CE7ABD71539B73A2,board_nam_gt_max_w22.f32,100.0,
2025-05-10 20:03:14,gt_max,23,gru_L20_gt_max_w23.bit,OK,NO_REF,,,7ED03BF8713D22F990B3A1AA785F941D,144.40,142.51,1.4440,1.4251,693,14.43,13.40,672,14.0,5A571E499D6D387BC8ADA54E7A380E45,board_nam_gt_max_w23.f32,100.0,
2025-05-10 20:03:51,gt_max,24,gru_L20_gt_max_w24.bit,OK,NO_REF,,,2EFE1A7A2108E5F5456739963AC0FE6D,144.44,142.51,1.4444,1.4251,692,14.42,13.41,672,14.0,89D8F611DB6835E01A1C90E69342D42B,board_nam_gt_max_w24.f32,100.0,
2025-05-10 20:04:28,gt_mod,8,gru_L20_gt_mod_w8.bit,OK,NO_REF,,,AE5AC64652CE8F23946E14E1C5E03AFA,143.43,141.52,1.4343,1.4152,697,14.52,13.31,677,14.1,93AFDFE0D0576CC98F77FDCFA6FA8081,board_nam_gt_mod_w8.f32,100.0,
2025-05-10 20:05:11,gt_mod,9,gru_L20_gt_mod_w9.bit,OK,NO_REF,,,768A86C1EB9526F9D51F6DA412351E09,142.46,140.52,1.4246,1.4052,702,14.62,13.24,680,14.2,F09ED9009F51FD45B377CA7709CD178F,board_nam_gt_mod_w9.f32,100.0,
2025-05-10 20:05:52,gt_mod,10,gru_L20_gt_mod_w10.bit,OK,NO_REF,,,49FA565955EAADB7F5137B62CD95E7E7,142.43,140.52,1.4243,1.4052,702,14.63,13.23,681,14.2,56E6FB4938126C3E72F41035617F0E75,board_nam_gt_mod_w10.f32,100.0,
2025-05-10 20:06:28,gt_mod,11,gru_L20_gt_mod_w11.bit,OK,NO_REF,,,7C95EFD41753B3AD55C6D259877F1111,142.49,140.52,1.4249,1.4052,702,14.62,13.24,680,14.2,62A38A80FB1B7CF17587393FFD135277,board_nam_gt_mod_w11.f32,100.0,
2025-05-10 20:07:08,gt_mod,12,gru_L20_gt_mod_w12.bit,OK,NO_REF,,,ECA055602518CEE61B08BC5772D40C3F,142.46,140.52,1.4246,1.4052,702,14.62,13.23,681,14.2,1203DDB34AA2DE9C144DBCE38D9B8087,board_nam_gt_mod_w12.f32,100.0,
2025-05-10 20:07:48,gt_mod,13,gru_L20_gt_mod_w13.bit,OK,NO_REF,,,83CF1FF37007DD9DB0C69525AD77014B,142.49,140.52,1.4249,1.4052,702,14.62,13.23,681,14.2,79465593C2E354979E4AD33DDC9236D5,board_nam_gt_mod_w13.f32,100.0,
2025-05-10 20:08:26,gt_mod,14,gru_L20_gt_mod_w14.bit,OK,NO_REF,,,679F1E9118C2F9D42345152983BD942E,144.52,142.52,1.4452,1.4252,692,14.42,13.41,672,14.0,E79F252C58F177E566D698F6254E8EB1,board_nam_gt_mod_w14.f32,100.0,
2025-05-10 20:09:05,gt_mod,15,gru_L20_gt_mod_w15.bit,OK,NO_REF,,,F810DDAAAC5D63A844C46B6D97D19E36,144.45,142.51,1.4445,1.4251,692,14.42,13.41,671,14.0,548D32CCD0849FF11E770D9FA21CB51E,board_nam_gt_mod_w15.f32,100.0,
2025-05-10 20:09:45,gt_mod,16,gru_L20_gt_mod_w16.bit,OK,NO_REF,,,5041833F33E20C85106600C5F8635569,144.42,142.51,1.4442,1.4251,692,14.43,13.41,672,14.0,5606CC8A62FB053032AFD8C07F4453E7,board_nam_gt_mod_w16.f32,100.0,
2025-05-10 20:10:24,gt_mod,17,gru_L20_gt_mod_w17.bit,OK,NO_REF,,,338C4E1BAFDC211FB2A1174541B4FA5B,144.51,142.51,1.4451,1.4251,692,14.42,13.41,671,14.0,7854E0C4BEB257C9CDC32C2F908F8791,board_nam_gt_mod_w17.f32,100.0,
2025-05-10 20:11:02,gt_mod,18,gru_L20_gt_mod_w18.bit,OK,NO_REF,,,10A94F9B9F2AD378FFD0A1CF04065AC9,144.44,142.51,1.4444,1.4251,692,14.42,13.40,672,14.0,625A967B26772CD9D1DF763BDAFFA206,board_nam_gt_mod_w18.f32,100.0,
2025-05-10 20:11:42,gt_mod,19,gru_L20_gt_mod_w19.bit,OK,NO_REF,,,ED3F56C2EFE6B98EA87344CFDF8B8DFE,144.42,142.52,1.4442,1.4252,692,14.43,13.40,672,14.0,914E43BC9661BAC04C5C6DC400CF9884,board_nam_gt_mod_w19.f32,100.0,
2025-05-10 20:12:22,gt_mod,20,gru_L20_gt_mod_w20.bit,OK,NO_REF,,,C47E9120600C0252AD2DACBDD3276753,144.43,142.51,1.4443,1.4251,692,14.42,13.40,672,14.0,ACF8A4EC89410CC78A862E8519D24E2F,board_nam_gt_mod_w20.f32,100.0,
2025-05-10 20:12:58,gt_mod,21,gru_L20_gt_mod_w21.bit,OK,NO_REF,,,DE7BF38ABDB8F74D594B8D1EF4443C63,144.46,142.52,1.4446,1.4252,692,14.42,13.41,672,14.0,075FAC7FD15C286837D64FF669099877,board_nam_gt_mod_w21.f32,100.0,
2025-05-10 20:13:42,gt_mod,22,gru_L20_gt_mod_w22.bit,OK,NO_REF,,,CA8B9A003B18064EA6B5E93C5BEC5047,142.48,140.52,1.4248,1.4052,702,14.62,13.24,681,14.2,3957A9F7F8EE9A23428A15CCA0EFDAE6,board_nam_gt_mod_w22.f32,100.0,
2025-05-10 20:14:18,gt_mod,23,gru_L20_gt_mod_w23.bit,OK,NO_REF,,,2242CA0F05B3C67B6C37E73B61327D93,144.51,142.52,1.4451,1.4252,692,14.42,13.41,672,14.0,32A6C696E83F35A1EB87285DB3EF2D21,board_nam_gt_mod_w23.f32,100.0,
2025-05-10 20:14:57,gt_mod,24,gru_L20_gt_mod_w24.bit,OK,NO_REF,,,1B5368520623BF4B663A5762D87A1EDA,144.47,142.51,1.4447,1.4251,692,14.42,13.41,672,14.0,F0676649C32174D92D52939303270271,board_nam_gt_mod_w24.f32,100.0,
2025-05-10 20:15:41,rodent_max,8,gru_L20_rodent_max_w8.bit,OK,NO_REF,,,61F60892B2C4B87237D07D81DCFE5F66,143.50,141.52,1.4350,1.4152,697,14.52,13.33,676,14.1,3F296C382C5471C33B11C605596EE49F,board_nam_rodent_max_w8.f32,100.0,
2025-05-10 20:16:17,rodent_max,9,gru_L20_rodent_max_w9.bit,OK,NO_REF,,,C8F304EEF636B86ED641D5A48954A40B,142.50,140.52,1.4250,1.4052,702,14.62,13.23,681,14.2,DD5232220C8E393F9905E01A53B3F473,board_nam_rodent_max_w9.f32,100.0,
2025-05-10 20:16:59,rodent_max,10,gru_L20_rodent_max_w10.bit,OK,NO_REF,,,49865BA835AFBF018FB13058E0967C1D,142.51,140.52,1.4251,1.4052,702,14.62,13.23,681,14.2,6546FC1A11B87EFA6ABA267A6C4B70FE,board_nam_rodent_max_w10.f32,100.0,
2025-05-10 20:17:35,rodent_max,11,gru_L20_rodent_max_w11.bit,OK,NO_REF,,,B57CD20D71A300033B2C1D7892A27DED,142.42,140.52,1.4242,1.4052,702,14.63,13.22,681,14.2,99473870D1371516BA63833DC2E7D042,board_nam_rodent_max_w11.f32,100.0,
2025-05-10 20:18:15,rodent_max,12,gru_L20_rodent_max_w12.bit,OK,NO_REF,,,B0614AA3E644E54F658482504D291D60,142.49,140.52,1.4249,1.4052,702,14.62,13.23,681,14.2,FD28C41EA5457587C28D376C69B23F86,board_nam_rodent_max_w12.f32,100.0,
2025-05-10 20:18:56,rodent_max,13,gru_L20_rodent_max_w13.bit,OK,NO_REF,,,AEA0FF9737891F418FB5BB9BA73C9404,142.52,140.52,1.4252,1.4052,702,14.62,13.24,680,14.2,8BBBB8DA4D6940347E8735FBAD8B09AD,board_nam_rodent_max_w13.f32,100.0,
2025-05-10 20:19:31,rodent_max,14,gru_L20_rodent_max_w14.bit,OK,NO_REF,,,43B945ED2048FD4FA17234B51781C6AF,144.43,142.51,1.4443,1.4251,692,14.42,13.40,672,14.0,CC1E6CDE63E5D5E89B3EC745A312661D,board_nam_rodent_max_w14.f32,100.0,
2025-05-10 20:20:15,rodent_max,15,gru_L20_rodent_max_w15.bit,OK,NO_REF,,,5956FEFE37C698C39914CA7BCC4FC521,144.42,142.51,1.4442,1.4251,692,14.43,13.41,671,14.0,97D8E750CAC504BEBCF3E9E0800CDEE2,board_nam_rodent_max_w15.f32,100.0,
2025-05-10 20:20:57,rodent_max,16,gru_L20_rodent_max_w16.bit,OK,NO_REF,,,6E14DD2E74F124246D894B31A936C9E6,144.47,142.51,1.4447,1.4251,692,14.42,13.41,672,14.0,5949BEC17FBF9BCAB86337A1BC8E6110,board_nam_rodent_max_w16.f32,100.0,
2025-05-10 20:21:33,rodent_max,17,gru_L20_rodent_max_w17.bit,OK,NO_REF,,,272E8F53B816D2DD5FFDC543537E9EF8,144.42,142.51,1.4442,1.4251,692,14.43,13.40,672,14.0,E74756001A4221597E43515967DF6218,board_nam_rodent_max_w17.f32,100.0,
2025-05-10 20:22:19,rodent_max,18,gru_L20_rodent_max_w18.bit,OK,NO_REF,,,4802B5385895018F6E85EBE512D4F0AB,144.43,142.51,1.4443,1.4251,692,14.42,13.41,672,14.0,B05CF4BDE90AA21CD17A3742CF0EF177,board_nam_rodent_max_w18.f32,100.0,
2025-05-10 20:22:58,rodent_max,19,gru_L20_rodent_max_w19.bit,OK,NO_REF,,,E2838D05DBB213BF09BF6B0296BBBE19,144.44,142.51,1.4444,1.4251,692,14.42,13.40,672,14.0,3CB3736716C655703DFE4C3B9CDDDE32,board_nam_rodent_max_w19.f32,100.0,
2025-05-10 20:23:36,rodent_max,20,gru_L20_rodent_max_w20.bit,OK,NO_REF,,,8D0489E52ED4EB0FA86CCF516965A720,144.48,142.51,1.4448,1.4251,692,14.42,13.41,672,14.0,59E3F6C84B3AD441D69FC09EDF2D4577,board_nam_rodent_max_w20.f32,100.0,
2025-05-10 20:24:18,rodent_max,21,gru_L20_rodent_max_w21.bit,OK,NO_REF,,,38D9B095F0E7605E850E03146CBA4D34,144.50,142.52,1.4450,1.4252,692,14.42,13.42,671,14.0,DB1BC593EBB5D1449DEDCB8C774E9D24,board_nam_rodent_max_w21.f32,100.0,
2025-05-10 20:24:54,rodent_max,22,gru_L20_rodent_max_w22.bit,OK,NO_REF,,,23439349914906BD95EE22FFD8322B07,142.47,140.52,1.4247,1.4052,702,14.62,13.23,681,14.2,03C0C54ECD9FAE5628B4B573771B3851,board_nam_rodent_max_w22.f32,100.0,
2025-05-10 20:25:33,rodent_max,23,gru_L20_rodent_max_w23.bit,OK,NO_REF,,,9E7F22A823415EAA6B2B45F8BA62579B,144.43,142.51,1.4443,1.4251,692,14.42,13.41,672,14.0,106F6DE4544AB5968D291214012B3BAA,board_nam_rodent_max_w23.f32,100.0,
2025-05-10 20:26:13,rodent_max,24,gru_L20_rodent_max_w24.bit,OK,NO_REF,,,F826505DCFBF711F380B4E33550F40CE,144.48,142.51,1.4448,1.4251,692,14.42,13.42,671,14.0,1239C373611C1CCAAA43EBF536B06089,board_nam_rodent_max_w24.f32,100.0,
2025-05-10 20:26:53,rodent_mod,8,gru_L20_rodent_mod_w8.bit,OK,NO_REF,,,AF877FF93453272D5D416F7822FD31D6,143.42,141.51,1.4342,1.4151,697,14.53,13.32,676,14.1,B847B8D0E9AC2D82F01ECA37C44E1239,board_nam_rodent_mod_w8.f32,100.0,
2025-05-10 20:27:35,rodent_mod,9,gru_L20_rodent_mod_w9.bit,OK,NO_REF,,,F5F2CF1329C1F6477068A1818529B456,142.51,140.52,1.4251,1.4052,702,14.62,13.23,681,14.2,BD437FA6E99165AC2D9B1F292BA38782,board_nam_rodent_mod_w9.f32,100.0,
2025-05-10 20:28:11,rodent_mod,10,gru_L20_rodent_mod_w10.bit,OK,NO_REF,,,B5D4776EF27BEEA47C9445646605E29B,142.47,140.52,1.4247,1.4052,702,14.62,13.22,681,14.2,17B5997BAF3D939A5AD37F8DC32AEF6B,board_nam_rodent_mod_w10.f32,100.0,
2025-05-10 20:28:49,rodent_mod,11,gru_L20_rodent_mod_w11.bit,OK,NO_REF,,,273F1A14247434974DBB5101CBB4EA4B,142.49,140.52,1.4249,1.4052,702,14.62,13.22,681,14.2,747A0950B880BBFF098562EF879CB5DF,board_nam_rodent_mod_w11.f32,100.0,
2025-05-10 20:29:31,rodent_mod,12,gru_L20_rodent_mod_w12.bit,OK,NO_REF,,,1EF54EC660D553C888075FA827262366,142.49,140.53,1.4249,1.4053,702,14.62,13.23,681,14.2,10D517A253699B88FCCB082046BB2522,board_nam_rodent_mod_w12.f32,100.0,
2025-05-10 20:30:07,rodent_mod,13,gru_L20_rodent_mod_w13.bit,OK,NO_REF,,,C41954EFD0D6E30694AA544B7F697F73,142.43,140.52,1.4243,1.4052,702,14.63,13.22,681,14.2,09C0C7E1EB8E5C7AEBD068829BFADD19,board_nam_rodent_mod_w13.f32,100.0,
2025-05-10 20:30:45,rodent_mod,14,gru_L20_rodent_mod_w14.bit,OK,NO_REF,,,A6AEC7DD604F01BEA65E83947CA90090,144.43,142.52,1.4443,1.4252,692,14.42,13.42,671,14.0,9315A40FE37F13D446FEC4DB0CD476D9,board_nam_rodent_mod_w14.f32,100.0,
2025-05-10 20:31:24,rodent_mod,15,gru_L20_rodent_mod_w15.bit,OK,NO_REF,,,7537807E59ACE359FC22D9CFD38D3A49,144.44,142.51,1.4444,1.4251,692,14.42,13.42,671,14.0,95ED08DAD6404411D842DA61CFE585D7,board_nam_rodent_mod_w15.f32,100.0,
2025-05-10 20:32:06,rodent_mod,16,gru_L20_rodent_mod_w16.bit,OK,NO_REF,,,34D5C9B6983CB6C30BC08286098A6052,144.49,142.51,1.4449,1.4251,692,14.42,13.42,671,14.0,0429CA2163490B417D550AA085D045C2,board_nam_rodent_mod_w16.f32,100.0,
2025-05-10 20:32:47,rodent_mod,17,gru_L20_rodent_mod_w17.bit,OK,NO_REF,,,95A5681A56612FA40AD14F17903C63EC,144.49,142.52,1.4449,1.4252,692,14.42,13.41,671,14.0,067522EFFE990C450F89BD8312A343CE,board_nam_rodent_mod_w17.f32,100.0,
2025-05-10 20:33:29,rodent_mod,18,gru_L20_rodent_mod_w18.bit,OK,NO_REF,,,676B1FECA90DFDA6619DA42D6C300E02,144.44,142.51,1.4444,1.4251,692,14.42,13.40,672,14.0,9DC67AC4E1EA15651617AF940A45F72F,board_nam_rodent_mod_w18.f32,100.0,
2025-05-10 20:34:06,rodent_mod,19,gru_L20_rodent_mod_w19.bit,OK,NO_REF,,,DCF0A169D6F31E13E23FA35DAE80E656,144.45,142.51,1.4445,1.4251,692,14.42,13.40,672,14.0,58946EB03F6609DDB631D5E4EB52DBE0,board_nam_rodent_mod_w19.f32,100.0,
2025-05-10 20:34:48,rodent_mod,20,gru_L20_rodent_mod_w20.bit,OK,NO_REF,,,6296C878092E10F8ABC880BF544B4AD7,144.51,142.51,1.4451,1.4251,692,14.42,13.42,671,14.0,EC2408CE99B6CAD670DDFFAF83E42668,board_nam_rodent_mod_w20.f32,100.0,
2025-05-10 20:35:27,rodent_mod,21,gru_L20_rodent_mod_w21.bit,OK,NO_REF,,,8F8D630C14F0D50882BB08E705EA767F,144.50,142.51,1.4450,1.4251,692,14.42,13.42,671,14.0,77758BC73B7FA47723DA264076126CAB,board_nam_rodent_mod_w21.f32,100.0,
2025-05-10 20:36:08,rodent_mod,22,gru_L20_rodent_mod_w22.bit,OK,NO_REF,,,3C9F9D87573F6AD6B44E07E25251B4F8,142.44,140.52,1.4244,1.4052,702,14.63,13.22,681,14.2,45AE5BA395A82D7192E2047F54998948,board_nam_rodent_mod_w22.f32,100.0,
2025-05-10 20:36:44,rodent_mod,23,gru_L20_rodent_mod_w23.bit,OK,NO_REF,,,6DD00642F69CA16B9FCF2B4745368F88,144.42,142.51,1.4442,1.4251,692,14.43,13.41,672,14.0,35D99A5FBC3B54084E18E2CAF3B138ED,board_nam_rodent_mod_w23.f32,100.0,
2025-05-10 20:37:28,rodent_mod,24,gru_L20_rodent_mod_w24.bit,OK,NO_REF,,,16D214F099B4CFA8589E7CABBA51C1F8,144.43,142.51,1.4443,1.4251,692,14.42,13.40,672,14.0,8AAE86C7063A15CAE6FBCC67288D42A1,board_nam_rodent_mod_w24.f32,100.0,
